#include "bitstream_rom.h"

// Auto-generated compressed bitstream data
// Generated with bitstream_to_c.py from heatshrink-compressed inputs


static const uint8_t bitstream1_data[] = {
    0xff, 0xc0, 0x2a, 0x16, 0x1b, 0x95, 0xd2, 0x75, 0x20, 0xa6, 0x51, 0xa8, 0xb3, 0x5a, 0xac, 0xb6,
    0x65, 0x35, 0xa3, 0x4b, 0x66, 0xd4, 0x3a, 0x0d, 0x0a, 0x8f, 0x41, 0x04, 0x8c, 0xd8, 0x36, 0x20,
    0x01, 0xde, 0xec, 0xc0, 0x85, 0xff, 0x9d, 0x8a, 0x0b, 0xc4, 0x03, 0x2a, 0x0c, 0x46, 0x21, 0x43,
    0x91, 0x01, 0xca, 0x81, 0x10, 0x80, 0x4e, 0x28, 0xc0, 0x72, 0x81, 0x00, 0xcb, 0xf7, 0xfc, 0xfe,
    0xff, 0xbf, 0xf4, 0x1a, 0x45, 0x53, 0x71, 0x91, 0x8e, 0xe2, 0x8a, 0xd5, 0x4a, 0x2c, 0x08, 0x02,
    0x39, 0x9e, 0x80, 0x67, 0x83, 0x3c, 0x19, 0xe0, 0xcf, 0x06, 0x78, 0x33, 0xc1, 0x9e, 0x0c, 0xf0,
    0x67, 0x83, 0x3c, 0x19, 0xe0, 0xcf, 0x06, 0x78, 0x33, 0xc1, 0x9e, 0x0c, 0xf0, 0x67, 0x83, 0x3c,
    0x19, 0xe0, 0xcf, 0x06, 0x78, 0x33, 0xc1, 0x9e, 0x0c, 0xf0, 0x67, 0x83, 0x3c, 0x19, 0xe0, 0xcf,
    0x06, 0x78, 0x33, 0xc1, 0x9e, 0x0c, 0xf0, 0x67, 0x83, 0x3c, 0x19, 0xf0, 0x08, 0x14, 0xc0, 0x1d,
    0x18, 0x30, 0xd7, 0x86, 0xbc, 0x85, 0xe0, 0xcf, 0x06, 0x78, 0x33, 0xc1, 0x9e, 0x0c, 0xf0, 0x67,
    0x83, 0x3c, 0x19, 0xe0, 0xcf, 0x06, 0x78, 0x33, 0xc1, 0x9e, 0x0c, 0xf0, 0x67, 0x83, 0x3c, 0x19,
    0xe0, 0xcf, 0x06, 0x78, 0x33, 0xc1, 0x9e, 0x0c, 0xf0, 0x67, 0x83, 0x16, 0x05, 0x50, 0x06, 0xbf,
    0x53, 0x0c, 0x0d, 0x28, 0x80, 0x35, 0xe9, 0x98, 0x01, 0xaf, 0x8d, 0x7c, 0x6b, 0x21, 0xad, 0x21,
    0x79, 0x0b, 0xc1, 0x9e, 0x0c, 0x28, 0x15, 0xc0, 0x1b, 0x1c, 0x6c, 0x20, 0x9f, 0xc1, 0x9e, 0x0c,
    0xf0, 0x67, 0x83, 0x3c, 0x19, 0xe0, 0xcf, 0x06, 0x78, 0x33, 0xc1, 0x9e, 0x0c, 0xf0, 0x67, 0x83,
    0x3c, 0x19, 0xe0, 0xcf, 0x06, 0x78, 0x33, 0xc1, 0x9e, 0x0c, 0xf0, 0x67, 0x83, 0x3c, 0x19, 0xe0,
    0xcd, 0x82, 0x4c, 0x81, 0xd1, 0xbc, 0xd5, 0x83, 0x8a, 0x60, 0x0e, 0x8f, 0xe6, 0x00, 0x3b, 0xe0,
    0xe1, 0x90, 0x03, 0x5e, 0x4d, 0xfd, 0x06, 0xf8, 0x37, 0xc1, 0xbe, 0x0d, 0xf0, 0x6c, 0x4a, 0x78,
    0x00, 0xe7, 0x9a, 0xd9, 0x83, 0x9e, 0x0d, 0xf0, 0x6f, 0x83, 0x7c, 0x1b, 0xe0, 0xd5, 0x7e, 0xf8,
    0x33, 0xc1, 0x9e, 0x0c, 0xf0, 0x67, 0x83, 0x3c, 0x19, 0xe0, 0xcf, 0x06, 0x78, 0x33, 0xc1, 0x9e,
    0x0c, 0xf0, 0x67, 0x83, 0x3c, 0x19, 0xe0, 0xcf, 0x06, 0x78, 0x33, 0xc1, 0x9e, 0x0c, 0xf0, 0x67,
    0x83, 0x3a, 0x09, 0x14, 0x07, 0x47, 0xfa, 0xfa, 0x1b, 0xf0, 0xdf, 0x91, 0x3c, 0x19, 0xe0, 0xcf,
    0x06, 0x78, 0x33, 0xc1, 0x9e, 0x0c, 0xf0, 0x67, 0x83, 0x3c, 0x19, 0xe0, 0xcf, 0x06, 0x78, 0x33,
    0xc1, 0x9e, 0x0c, 0xf0, 0x67, 0x83, 0x3c, 0x19, 0xe0, 0xcf, 0x06, 0x78, 0x33, 0xc1, 0x9e, 0x0c,
    0xf0, 0x67, 0x83, 0x3c, 0x19, 0xe0, 0xcf, 0x06, 0x78, 0x33, 0xc1, 0x9e, 0x0c, 0xf0, 0x67, 0x83,
    0x3c, 0x19, 0xe0, 0xcf, 0x06, 0x78, 0x33, 0xc1, 0x9e, 0x0c, 0xf0, 0x67, 0x83, 0x3c, 0x19, 0xe0,
    0xcf, 0x06, 0x78, 0x33, 0xc1, 0x9e, 0x0c, 0xf0, 0x67, 0x83, 0x3c, 0x19, 0xe0, 0xcf, 0x06, 0x78,
    0x33, 0xc1, 0x9e, 0x0c, 0xf0, 0x67, 0x83, 0x3c, 0x19, 0xe0, 0xcf, 0x06, 0x78, 0x33, 0xc1, 0x9e,
    0x0c, 0xf0, 0x67, 0x83, 0x3c, 0x19, 0xe0, 0xcf, 0x06, 0x78, 0x33, 0xc1, 0x9e, 0x0c, 0xf0, 0x67,
    0x83, 0x3c, 0x19, 0xe0, 0xcf, 0x06, 0x78, 0x33, 0xc1, 0x9e, 0x0c, 0xf0, 0x67, 0x83, 0x3c, 0x19,
    0xe0, 0xcf, 0x06, 0x78, 0x33, 0xc1, 0x9e, 0x0c, 0xf0, 0x67, 0x83, 0x3c, 0x19, 0xe0, 0xcf, 0x06,
    0x78, 0x33, 0xc1, 0x9e, 0x0c, 0xf0, 0x67, 0x83, 0x3c, 0x19, 0xe0, 0xcf, 0x06, 0x78, 0x32, 0x20,
    0x55, 0x00, 0x6c, 0x51, 0x25, 0xe0, 0xde, 0x1a, 0xf8, 0x33, 0xc1, 0x9e, 0x0c, 0xf0, 0x67, 0x83,
    0x3c, 0x19, 0xe0, 0xcf, 0x06, 0x78, 0x33, 0xc1, 0x9e, 0x0c, 0xf0, 0x67, 0x83, 0x3c, 0x19, 0xe0,
    0xcf, 0x06, 0x78, 0x33, 0xc1, 0x9e, 0x0c, 0xf0, 0x67, 0x83, 0x3c, 0x19, 0xe0, 0xcf, 0x06, 0x78,
    0x33, 0xc1, 0x9e, 0x0c, 0xf0, 0x67, 0x83, 0x3c, 0x19, 0xe0, 0xcf, 0x06, 0x78, 0x33, 0xc1, 0x9e,
    0x0c, 0xf0, 0x67, 0x83, 0x3c, 0x19, 0xe0, 0xcf, 0x06, 0x78, 0x33, 0xc1, 0x9e, 0x0c, 0xf0, 0x67,
    0x83, 0x3c, 0x19, 0xe0, 0xcf, 0x06, 0x78, 0x33, 0xc1, 0x9e, 0x0c, 0xf0, 0x67, 0x83, 0x3c, 0x19,
    0xe0, 0xcf, 0x06, 0x78, 0x33, 0xc1, 0x9e, 0x0c, 0xf0, 0x67, 0x83, 0x3c, 0x19, 0xe0, 0xcf, 0x06,
    0x78, 0x33, 0xc1, 0x9e, 0x0c, 0xf0, 0x67, 0x83, 0x3c, 0x19, 0xe0, 0xcf, 0x06, 0x78, 0x33, 0xc1,
    0x9e, 0x0c, 0xf0, 0x67, 0x83, 0x3c, 0x19, 0xe0, 0xcf, 0x06, 0x78, 0x33, 0xc1, 0x9e, 0x0c, 0xf0,
    0x67, 0x83, 0x3c, 0x19, 0xe0, 0xcf, 0x06, 0x78, 0x33, 0xc1, 0x9e, 0x0c, 0xf0, 0x67, 0x83, 0x3c,
    0x19, 0xe0, 0xcf, 0x06, 0x78, 0x33, 0xc1, 0x9e, 0x0c, 0xf0, 0x67, 0x83, 0x3c, 0x19, 0xe0, 0xcf,
    0x06, 0x78, 0x33, 0xc1, 0x9e, 0x0c, 0xf0, 0x64, 0xc0, 0x60, 0x16, 0xcd, 0x58, 0x6b, 0xc1, 0x9e,
    0x0c, 0xf0, 0x67, 0x83, 0x3c, 0x19, 0xe0, 0xcf, 0x06, 0x78, 0x33, 0xc1, 0x9e, 0x0c, 0xf0, 0x67,
    0x83, 0x3c, 0x19, 0xe0, 0xcf, 0x06, 0x78, 0x33, 0xc1, 0x9e, 0x0c, 0xf0, 0x67, 0x83, 0x3c, 0x19,
    0xe0, 0xcf, 0x06, 0x78, 0x33, 0xc1, 0x9e, 0x0c, 0xf0, 0x67, 0x83, 0x3c, 0x19, 0xe0, 0xcf, 0x06,
    0x78, 0x33, 0xc1, 0x9e, 0x0c, 0xf0, 0x67, 0x83, 0x3c, 0x19, 0xe0, 0xcf, 0x06, 0x78, 0x33, 0xc1,
    0x9e, 0x0c, 0xf0, 0x67, 0x83, 0x3c, 0x19, 0xe0, 0xcf, 0x06, 0x78, 0x33, 0xc1, 0x9e, 0x0c, 0xf0,
    0x67, 0x83, 0x3c, 0x19, 0xe0, 0xcf, 0x06, 0x78, 0x33, 0xc1, 0x9e, 0x0c, 0xf0, 0x67, 0x83, 0x3c,
    0x19, 0xe0, 0xcf, 0x06, 0x78, 0x33, 0xc1, 0x9e, 0x0c, 0xf0, 0x67, 0x83, 0x3c, 0x19, 0xe0, 0xcf,
    0x06, 0x78, 0x33, 0xc1, 0x9e, 0x0c, 0xf0, 0x67, 0x83, 0x3c, 0x19, 0xe0, 0xcf, 0x06, 0x78, 0x33,
    0xc1, 0x9e, 0x0c, 0xf0, 0x67, 0x83, 0x3c, 0x19, 0xd0, 0x18, 0x05, 0xb3, 0x56, 0x1a, 0xf0, 0x67,
    0x83, 0x3c, 0x19, 0xe0, 0xcf, 0x06, 0x78, 0x33, 0xc1, 0x9e, 0x0c, 0xf0, 0x67, 0x83, 0x3c, 0x19,
    0xe0, 0xcf, 0x06, 0x78, 0x33, 0xc1, 0x9e, 0x0c, 0xf0, 0x67, 0x83, 0x3c, 0x19, 0xe0, 0xcf, 0x06,
    0x78, 0x33, 0xc1, 0x9e, 0x0c, 0xf0, 0x67, 0x83, 0x3c, 0x19, 0xe0, 0xcf, 0x06, 0x78, 0x33, 0xc1,
    0x9e, 0x0c, 0xf0, 0x67, 0x83, 0x3c, 0x19, 0xe0, 0xcf, 0x06, 0x78, 0x33, 0xc1, 0x9e, 0x0c, 0xf0,
    0x67, 0x83, 0x3c, 0x19, 0xe0, 0xcf, 0x06, 0x78, 0x33, 0xc1, 0x9e, 0x0c, 0xf0, 0x67, 0x83, 0x3c,
    0x19, 0xe0, 0xcf, 0x06, 0x78, 0x33, 0xc1, 0x9e, 0x0c, 0xf0, 0x67, 0x83, 0x3c, 0x19, 0xe0, 0xcf,
    0x06, 0x78, 0x33, 0xc1, 0x9e, 0x0c, 0xf0, 0x67, 0x83, 0x3c, 0x19, 0xe0, 0xcf, 0x06, 0x78, 0x33,
    0xc1, 0x9e, 0x0c, 0xf0, 0x67, 0x83, 0x3c, 0x19, 0xe0, 0xcf, 0x06, 0x78, 0x33, 0xc1, 0x9e, 0x0c,
    0xf0, 0x67, 0x83, 0x3c, 0x19, 0xe0, 0xcf, 0x06, 0x74, 0x06, 0x01, 0x6c, 0xd5, 0x86, 0xbc, 0x19,
    0xe0, 0xcf, 0x06, 0x78, 0x33, 0xc1, 0x9e, 0x0c, 0xf0, 0x67, 0x83, 0x3c, 0x19, 0xe0, 0xcf, 0x06,
    0x78, 0x33, 0xc1, 0x9e, 0x0c, 0xf0, 0x67, 0x83, 0x3c, 0x19, 0xe0, 0xcf, 0x06, 0x78, 0x33, 0xc1,
    0x9e, 0x0c, 0xf0, 0x67, 0x83, 0x3c, 0x19, 0xe0, 0xcf, 0x06, 0x78, 0x33, 0xc1, 0x9e, 0x0c, 0xf0,
    0x67, 0x83, 0x3c, 0x19, 0xe0, 0xcf, 0x06, 0x78, 0x33, 0xc1, 0x9e, 0x0c, 0xf0, 0x67, 0x83, 0x3c,
    0x19, 0xe0, 0xcf, 0x06, 0x78, 0x33, 0xc1, 0x9e, 0x0c, 0xf0, 0x67, 0x83, 0x3c, 0x19, 0xe0, 0xcf,
    0x06, 0x78, 0x33, 0xc1, 0x9e, 0x0c, 0xf0, 0x67, 0x83, 0x3c, 0x19, 0xe0, 0xcf, 0x06, 0x78, 0x33,
    0xc1, 0x9e, 0x0c, 0xf0, 0x67, 0x83, 0x3c, 0x19, 0xe0, 0xcf, 0x06, 0x78, 0x33, 0xc1, 0x9e, 0x0c,
    0xf0, 0x67, 0x83, 0x3c, 0x19, 0xe0, 0xcf, 0x06, 0x78, 0x33, 0xc1, 0x9e, 0x0c, 0xf0, 0x67, 0x83,
    0x3c, 0x19, 0xe0, 0xcf, 0x06, 0x78, 0x33, 0xc1, 0x9d, 0x01, 0x80, 0x5b, 0x35, 0x61, 0xaf, 0x06,
    0x78, 0x33, 0xc1, 0x9e, 0x0c, 0xf0, 0x67, 0x83, 0x3c, 0x19, 0xe0, 0xcf, 0x06, 0x78, 0x33, 0xc1,
    0x9e, 0x0c, 0xf0, 0x67, 0x83, 0x3c, 0x19, 0xe0, 0xcf, 0x06, 0x78, 0x33, 0xc1, 0x9e, 0x0c, 0xf0,
    0x67, 0x83, 0x3c, 0x19, 0xe0, 0xcf, 0x06, 0x78, 0x33, 0xc1, 0x9e, 0x0c, 0xf0, 0x67, 0x83, 0x3c,
    0x19, 0xe0, 0xcf, 0x06, 0x78, 0x33, 0xc1, 0x9e, 0x0c, 0xf0, 0x67, 0x83, 0x3c, 0x19, 0xe0, 0xcf,
    0x06, 0x78, 0x33, 0xc1, 0x9e, 0x0c, 0xf0, 0x67, 0x83, 0x3c, 0x19, 0xe0, 0xcf, 0x06, 0x78, 0x33,
    0xc1, 0x9e, 0x0c, 0xf0, 0x67, 0x83, 0x3c, 0x19, 0xe0, 0xcf, 0x06, 0x78, 0x33, 0xc1, 0x9e, 0x0c,
    0xf0, 0x67, 0x83, 0x3c, 0x19, 0xe0, 0xcf, 0x06, 0x78, 0x33, 0xc1, 0x9e, 0x0c, 0xf0, 0x67, 0x83,
    0x3c, 0x19, 0xe0, 0xcf, 0x06, 0x78, 0x33, 0xc1, 0x9e, 0x0c, 0xf0, 0x67, 0x83, 0x3c, 0x19, 0xe0,
    0xcf, 0x06, 0x78, 0x33, 0xc1, 0x9e, 0x0c, 0xf0, 0x67, 0x83, 0x3c, 0x19, 0xe0, 0xcf, 0x06, 0x78,
    0x33, 0xc1, 0x9e, 0x0c, 0xf0, 0x67, 0x83, 0x3c, 0x19, 0xe0, 0xcf, 0x06, 0x78, 0x33, 0xc1, 0x9e,
    0x0c, 0xf0, 0x67, 0x83, 0x3c, 0x19, 0xe0, 0xcf, 0x06, 0x78, 0x33, 0xc1, 0x9e, 0x0c, 0xf0, 0x67,
    0x83, 0x3c, 0x19, 0xe0, 0xcf, 0x06, 0x78, 0x33, 0xc1, 0x9e, 0x0c, 0xf0, 0x67, 0x83, 0x3c, 0x19,
    0xe0, 0xcf, 0x06, 0x78, 0x33, 0xc1, 0x9e, 0x0c, 0xf0, 0x67, 0x83, 0x3c, 0x19, 0xe0, 0xcf, 0x06,
    0x78, 0x33, 0xc1, 0x9e, 0x0c, 0xf0, 0x67, 0x83, 0x3c, 0x19, 0xe0, 0xcf, 0x06, 0x78, 0x33, 0xc1,
    0x9e, 0x0c, 0xf0, 0x67, 0x83, 0x3c, 0x19, 0xe0, 0xcf, 0x06, 0x78, 0x33, 0xc1, 0x9e, 0x0c, 0xf0,
    0x67, 0x83, 0x3c, 0x19, 0xe0, 0xcf, 0x06, 0x78, 0x33, 0xc1, 0x9e, 0x0c, 0xf0, 0x67, 0x83, 0x3c,
    0x19, 0xe0, 0xcf, 0x06, 0x78, 0x33, 0xc1, 0x9e, 0x0c, 0xf0, 0x67, 0x83, 0x3c, 0x19, 0xe0, 0xcf,
    0x06, 0x78, 0x33, 0xc1, 0x9f, 0x00, 0x80, 0xc0, 0x2d, 0x9a, 0xb0, 0xd7, 0x83, 0x3c, 0x19, 0xe0,
    0xcf, 0x06, 0x78, 0x33, 0xc1, 0x9e, 0x0c, 0xf0, 0x67, 0x83, 0x3c, 0x19, 0xe0, 0xcf, 0x06, 0x78,
    0x33, 0xc1, 0x9e, 0x0c, 0xf0, 0x67, 0x83, 0x3c, 0x19, 0xe0, 0xcf, 0x06, 0x78, 0x33, 0xc1, 0x9e,
    0x0c, 0xf0, 0x67, 0x83, 0x3c, 0x19, 0xe0, 0xcf, 0x06, 0x78, 0x33, 0xc1, 0x9e, 0x0c, 0xf0, 0x67,
    0x83, 0x3c, 0x19, 0xe0, 0xcf, 0x06, 0x78, 0x33, 0xc1, 0x9e, 0x0c, 0xf0, 0x67, 0x83, 0x3c, 0x19,
    0xe0, 0xcf, 0x06, 0x78, 0x33, 0xc1, 0x9e, 0x0c, 0xf0, 0x67, 0x83, 0x3c, 0x19, 0xe0, 0xcf, 0x06,
    0x78, 0x33, 0xc1, 0x9e, 0x0c, 0xf0, 0x67, 0x83, 0x3c, 0x19, 0xe0, 0xcf, 0x06, 0x78, 0x33, 0xc1,
    0x9e, 0x0c, 0xf0, 0x67, 0x83, 0x3c, 0x19, 0xe0, 0xcf, 0x06, 0x78, 0x33, 0xc1, 0x9e, 0x0c, 0xf0,
    0x67, 0x83, 0x3c, 0x19, 0xe0, 0xcf, 0x06, 0x78, 0x33, 0xc1, 0x9e, 0x0c, 0xf0, 0x67, 0x83, 0x3c,
    0x19, 0xe0, 0xcf, 0x06, 0x78, 0x33, 0xa0, 0x30, 0x0b, 0x66, 0xac, 0x35, 0xe0, 0xcf, 0x06, 0x78,
    0x33, 0xc1, 0x9e, 0x0c, 0xf0, 0x67, 0x83, 0x3c, 0x19, 0xe0, 0xcf, 0x06, 0x78, 0x33, 0xc1, 0x9e,
    0x0c, 0xf0, 0x67, 0x83, 0x3c, 0x19, 0xe0, 0xcf, 0x06, 0x78, 0x33, 0xc1, 0x9e, 0x0c, 0xf0, 0x67,
    0x83, 0x3c, 0x19, 0xe0, 0xcf, 0x06, 0x78, 0x33, 0xc1, 0x9e, 0x0c, 0xf0, 0x67, 0x83, 0x3c, 0x19,
    0xe0, 0xcf, 0x06, 0x78, 0x33, 0xc1, 0x9e, 0x0c, 0xf0, 0x67, 0x83, 0x3c, 0x19, 0xe0, 0xcf, 0x06,
    0x78, 0x33, 0xc1, 0x9e, 0x0c, 0xf0, 0x67, 0x83, 0x3c, 0x19, 0xe0, 0xcf, 0x06, 0x78, 0x33, 0xc1,
    0x9e, 0x0c, 0xf0, 0x67, 0x83, 0x3c, 0x19, 0xe0, 0xcf, 0x06, 0x78, 0x33, 0xc1, 0x9e, 0x0c, 0xf0,
    0x67, 0x83, 0x3c, 0x19, 0xe0, 0xcf, 0x06, 0x78, 0x33, 0xc1, 0x9e, 0x0c, 0xf0, 0x67, 0x83, 0x3c,
    0x19, 0xe0, 0xcf, 0x06, 0x78, 0x33, 0xc1, 0x9e, 0x0c, 0xf0, 0x67, 0x83, 0x3c, 0x19, 0xe0, 0xcf,
    0x06, 0x78, 0x33, 0xc1, 0x9e, 0x0c, 0xe8, 0x0c, 0x02, 0xd9, 0xab, 0x0d, 0x78, 0x33, 0xc1, 0x9e,
    0x0c, 0xf0, 0x67, 0x83, 0x3c, 0x19, 0xe0, 0xcf, 0x06, 0x78, 0x33, 0xc1, 0x9e, 0x0c, 0xf0, 0x67,
    0x83, 0x3c, 0x19, 0xe0, 0xcf, 0x06, 0x78, 0x33, 0xc1, 0x9e, 0x0c, 0xf0, 0x67, 0x83, 0x3c, 0x19,
    0xe0, 0xcf, 0x06, 0x78, 0x33, 0xc1, 0x9e, 0x0c, 0xf0, 0x67, 0x83, 0x3c, 0x19, 0xe0, 0xcf, 0x06,
    0x78, 0x33, 0xc1, 0x9e, 0x0c, 0xf0, 0x67, 0x83, 0x3c, 0x19, 0xe0, 0xcf, 0x06, 0x78, 0x33, 0xc1,
    0x9e, 0x0c, 0xf0, 0x67, 0x83, 0x3c, 0x19, 0xe0, 0xcf, 0x06, 0x78, 0x33, 0xc1, 0x9e, 0x0c, 0xf0,
    0x67, 0x83, 0x3c, 0x19, 0xe0, 0xcf, 0x06, 0x78, 0x33, 0xc1, 0x9e, 0x0c, 0xf0, 0x67, 0x83, 0x3c,
    0x19, 0xe0, 0xcf, 0x06, 0x78, 0x33, 0xc1, 0x9e, 0x0c, 0xf0, 0x67, 0x83, 0x3c, 0x19, 0xe0, 0xcf,
    0x06, 0x78, 0x33, 0xc1, 0x9e, 0x0c, 0xf0, 0x67, 0x83, 0x3c, 0x19, 0xe0, 0xcf, 0x06, 0x78, 0x33,
    0xc1, 0x9e, 0x0c, 0xf0, 0x67, 0x83, 0x3a, 0x03, 0x00, 0xb6, 0x6a, 0xc3, 0x5e, 0x0c, 0xf0, 0x67,
    0x83, 0x3c, 0x19, 0xe0, 0xcf, 0x06, 0x78, 0x33, 0xc1, 0x9e, 0x0c, 0xf0, 0x67, 0x83, 0x3c, 0x19,
    0xe0, 0xcf, 0x06, 0x78, 0x33, 0xc1, 0x9e, 0x0c, 0xf0, 0x67, 0x83, 0x3c, 0x19, 0xe0, 0xcf, 0x06,
    0x78, 0x33, 0xc1, 0x9e, 0x0c, 0xf0, 0x67, 0x83, 0x3c, 0x19, 0xe0, 0xcf, 0x06, 0x78, 0x33, 0xc1,
    0x9e, 0x0c, 0xf0, 0x67, 0x83, 0x3c, 0x19, 0xe0, 0xcf, 0x06, 0x78, 0x33, 0xc1, 0x9e, 0x0c, 0xf0,
    0x67, 0x83, 0x3c, 0x19, 0xe0, 0xcf, 0x06, 0x78, 0x33, 0xc1, 0x9e, 0x0c, 0xf0, 0x67, 0x83, 0x3c,
    0x19, 0xe0, 0xcf, 0x06, 0x78, 0x33, 0xc1, 0x9e, 0x0c, 0xf0, 0x67, 0x83, 0x3c, 0x19, 0xe0, 0xcf,
    0x06, 0x78, 0x33, 0xc1, 0x9e, 0x0c, 0xf0, 0x67, 0x83, 0x3c, 0x19, 0xe0, 0xcf, 0x06, 0x78, 0x33,
    0xc1, 0x9e, 0x0c, 0xf0, 0x67, 0x83, 0x3c, 0x19, 0xe0, 0xcf, 0x06, 0x78, 0x33, 0xc1, 0x9e, 0x0c,
    0xf0, 0x67, 0x83, 0x3c, 0x19, 0xe0, 0xce, 0x80, 0xc0, 0x2d, 0x9a, 0xb0, 0xd7, 0x83, 0x3c, 0x19,
    0xe0, 0xcf, 0x06, 0x78, 0x33, 0xc1, 0x9e, 0x0c, 0xf0, 0x67, 0x83, 0x3c, 0x19, 0xe0, 0xcf, 0x06,
    0x78, 0x33, 0xc1, 0x9e, 0x0c, 0xf0, 0x67, 0x83, 0x3c, 0x19, 0xe0, 0xcf, 0x06, 0x78, 0x33, 0xc1,
    0x9e, 0x0c, 0xf0, 0x67, 0x83, 0x3c, 0x19, 0xe0, 0xcf, 0x06, 0x78, 0x33, 0xc1, 0x9e, 0x0c, 0xf0,
    0x67, 0x83, 0x3c, 0x19, 0xe0, 0xcf, 0x06, 0x78, 0x33, 0xc1, 0x9e, 0x0c, 0xf0, 0x67, 0x83, 0x3c,
    0x19, 0xe0, 0xcf, 0x06, 0x78, 0x33, 0xc1, 0x9e, 0x0c, 0xf0, 0x67, 0x83, 0x3c, 0x19, 0xe0, 0xcf,
    0x06, 0x78, 0x33, 0xc1, 0x9e, 0x0c, 0xf0, 0x67, 0x83, 0x3c, 0x19, 0xe0, 0xcf, 0x06, 0x78, 0x33,
    0xc1, 0x9e, 0x0c, 0xf0, 0x67, 0x83, 0x3c, 0x19, 0xe0, 0xcf, 0x06, 0x78, 0x33, 0xc1, 0x9e, 0x0c,
    0xf0, 0x67, 0x83, 0x3c, 0x19, 0xe0, 0xcf, 0x06, 0x78, 0x33, 0xc1, 0x9e, 0x0c, 0xf0, 0x67, 0x83,
    0x3c, 0x19, 0xe0, 0xcf, 0x06, 0x78, 0x33, 0xa0, 0x30, 0x0b, 0x66, 0xac, 0x35, 0xe0, 0xcf, 0x06,
    0x78, 0x33, 0xc1, 0x9e, 0x0c, 0xf0, 0x67, 0x83, 0x3c, 0x19, 0xe0, 0xcf, 0x06, 0x78, 0x33, 0xc1,
    0x9e, 0x0c, 0xf0, 0x67, 0x83, 0x3c, 0x19, 0xe0, 0xcf, 0x06, 0x78, 0x33, 0xc1, 0x9e, 0x0c, 0xf0,
    0x67, 0x83, 0x3c, 0x19, 0xe0, 0xcf, 0x06, 0x78, 0x33, 0xc1, 0x9e, 0x0c, 0xf0, 0x67, 0x83, 0x3c,
    0x19, 0xe0, 0xcf, 0x06, 0x78, 0x33, 0xc1, 0x9e, 0x0c, 0xf0, 0x67, 0x83, 0x3c, 0x19, 0xe0, 0xcf,
    0x06, 0x78, 0x33, 0xc1, 0x9e, 0x0c, 0xf0, 0x67, 0x83, 0x3c, 0x19, 0xe0, 0xcf, 0x06, 0x78, 0x33,
    0xc1, 0x9e, 0x0c, 0xf0, 0x67, 0x83, 0x3c, 0x19, 0xe0, 0xcf, 0x06, 0x78, 0x33, 0xc1, 0x9e, 0x0c,
    0xf0, 0x67, 0x83, 0x3c, 0x19, 0xe0, 0xcf, 0x06, 0x78, 0x33, 0xc1, 0x9e, 0x0c, 0xf0, 0x67, 0x83,
    0x3c, 0x19, 0xe0, 0xcf, 0x06, 0x78, 0x33, 0xc1, 0x9e, 0x0c, 0xf0, 0x67, 0x83, 0x3c, 0x19, 0xe0,
    0xcf, 0x06, 0x78, 0x33, 0xc1, 0x9e, 0x0c, 0xe8, 0x0c, 0x02, 0xd9, 0xab, 0x0d, 0x78, 0x33, 0xc1,
    0x9e, 0x0c, 0xf0, 0x67, 0x83, 0x3c, 0x19, 0xe0, 0xcf, 0x06, 0x78, 0x33, 0xc1, 0x9e, 0x0c, 0xf0,
    0x67, 0x83, 0x3c, 0x19, 0xe0, 0xcf, 0x06, 0x78, 0x33, 0xc1, 0x9e, 0x0c, 0xf0, 0x67, 0x83, 0x3c,
    0x19, 0xe0, 0xcf, 0x06, 0x78, 0x33, 0xc1, 0x9e, 0x0c, 0xf0, 0x67, 0x83, 0x3c, 0x19, 0xe0, 0xcf,
    0x06, 0x78, 0x33, 0xc1, 0x9e, 0x0c, 0xf0, 0x67, 0x83, 0x3c, 0x19, 0xe0, 0xcf, 0x06, 0x78, 0x33,
    0xc1, 0x9e, 0x0c, 0xf0, 0x67, 0x83, 0x3c, 0x19, 0xe0, 0xcf, 0x06, 0x78, 0x33, 0xc1, 0x9e, 0x0c,
    0xf0, 0x67, 0x83, 0x3c, 0x19, 0xe0, 0xcf, 0x06, 0x78, 0x33, 0xc1, 0x9e, 0x0c, 0xf0, 0x67, 0x83,
    0x3c, 0x19, 0xe0, 0xcf, 0x06, 0x78, 0x33, 0xc1, 0x9e, 0x0c, 0xf0, 0x67, 0x83, 0x3c, 0x19, 0xe0,
    0xcf, 0x06, 0x78, 0x33, 0xc1, 0x9e, 0x0c, 0xf0, 0x67, 0x83, 0x3c, 0x19, 0xe0, 0xcf, 0x06, 0x78,
    0x33, 0xc1, 0x9e, 0x0c, 0xf0, 0x67, 0x83, 0x3a, 0x03, 0x00, 0xb6, 0x6a, 0xc3, 0x5e, 0x0c, 0xf0,
    0x67, 0x83, 0x3c, 0x19, 0xe0, 0xcf, 0x06, 0x78, 0x33, 0xc1, 0x9e, 0x0c, 0xf0, 0x67, 0x83, 0x3c,
    0x19, 0xe0, 0xcf, 0x06, 0x78, 0x33, 0xc1, 0x9e, 0x0c, 0xf0, 0x67, 0x83, 0x3c, 0x19, 0xe0, 0xcf,
    0x06, 0x78, 0x33, 0xc1, 0x9e, 0x0c, 0xf0, 0x67, 0x83, 0x3c, 0x19, 0xe0, 0xcf, 0x06, 0x78, 0x33,
    0xc1, 0x9e, 0x0c, 0xf0, 0x67, 0x83, 0x3c, 0x19, 0xe0, 0xcf, 0x06, 0x78, 0x33, 0xc1, 0x9e, 0x0c,
    0xf0, 0x67, 0x83, 0x3c, 0x19, 0xe0, 0xcf, 0x06, 0x78, 0x33, 0xc1, 0x9e, 0x0c, 0xf0, 0x67, 0x83,
    0x3c, 0x19, 0xe0, 0xcf, 0x06, 0x78, 0x33, 0xc1, 0x9e, 0x0c, 0xf0, 0x67, 0x83, 0x3c, 0x19, 0xe0,
    0xcf, 0x06, 0x78, 0x33, 0xc1, 0x9e, 0x0c, 0xf0, 0x67, 0x83, 0x3c, 0x19, 0xe0, 0xcf, 0x06, 0x78,
    0x33, 0xc1, 0x9e, 0x0c, 0xf0, 0x67, 0x83, 0x3c, 0x19, 0xe0, 0xcf, 0x06, 0x78, 0x33, 0xc1, 0x9e,
    0x0c, 0xf0, 0x67, 0x83, 0x3c, 0x19, 0xe0, 0xcf, 0x06, 0x78, 0x33, 0xc1, 0x9e, 0x0c, 0xf0, 0x67,
    0x83, 0x3c, 0x19, 0xe0, 0xcf, 0x06, 0x78, 0x33, 0xc1, 0x9e, 0x0c, 0xf0, 0x67, 0x83, 0x3c, 0x19,
    0xe0, 0xcf, 0x06, 0x78, 0x33, 0xc1, 0x9e, 0x0c, 0xf0, 0x67, 0x83, 0x3c, 0x19, 0xe0, 0xcf, 0x06,
    0x78, 0x33, 0xc1, 0x9e, 0x0c, 0xf0, 0x67, 0x83, 0x3c, 0x19, 0xe0, 0xcf, 0x06, 0x78, 0x33, 0xc1,
    0x9e, 0x0c, 0xf0, 0x67, 0x83, 0x3c, 0x19, 0xe0, 0xcf, 0x06, 0x78, 0x33, 0xc1, 0x9e, 0x0c, 0xf0,
    0x67, 0x83, 0x3c, 0x19, 0xe0, 0xcf, 0x06, 0x78, 0x33, 0xc1, 0x9e, 0x0c, 0xf0, 0x67, 0x83, 0x3c,
    0x19, 0xe0, 0xcf, 0x06, 0x78, 0x33, 0xc1, 0x9e, 0x0c, 0xf0, 0x67, 0x83, 0x3c, 0x19, 0xe0, 0xcf,
    0x06, 0x78, 0x33, 0xc1, 0x9e, 0x0c, 0xf0, 0x67, 0x83, 0x3c, 0x19, 0xe0, 0xcf, 0x06, 0x78, 0x33,
    0xc1, 0x9e, 0x0c, 0xf0, 0x67, 0x83, 0x3c, 0x19, 0xe0, 0xcf, 0x06, 0x78, 0x33, 0xc1, 0x9e, 0x0c,
    0xf0, 0x67, 0x83, 0x3e, 0x01, 0x01, 0x80, 0x5b, 0x35, 0x61, 0xaf, 0x06, 0x78, 0x33, 0xc1, 0x9e,
    0x0c, 0xf0, 0x67, 0x83, 0x3c, 0x19, 0xe0, 0xcf, 0x06, 0x78, 0x33, 0xc1, 0x9e, 0x0c, 0xf0, 0x67,
    0x83, 0x3c, 0x19, 0xe0, 0xcf, 0x06, 0x78, 0x33, 0xc1, 0x9e, 0x0c, 0xf0, 0x67, 0x83, 0x3c, 0x19,
    0xe0, 0xcf, 0x06, 0x78, 0x33, 0x60, 0x55, 0x00, 0x6c, 0x51, 0x25, 0xe2, 0x7f, 0x06, 0x78, 0x33,
    0xc1, 0x9e, 0x0c, 0xf0, 0x67, 0x83, 0x3c, 0x19, 0xe0, 0xcf, 0x06, 0x78, 0x33, 0xc1, 0x9e, 0x0c,
    0xf0, 0x67, 0x83, 0x3c, 0x19, 0xe0, 0xcf, 0x06, 0x78, 0x33, 0xc1, 0x9e, 0x0c, 0xf0, 0x67, 0x83,
    0x3c, 0x19, 0xe0, 0xcf, 0x06, 0x78, 0x33, 0xc1, 0x9e, 0x0c, 0xf0, 0x67, 0x83, 0x3c, 0x19, 0xe0,
    0xcf, 0x06, 0x78, 0x30, 0xa0, 0x55, 0x00, 0x6c, 0x51, 0x25, 0xe1, 0xaf, 0x0d, 0x79, 0x0b, 0xc1,
    0x9e, 0x0c, 0xf0, 0x67, 0x96, 0xfc, 0xb7, 0xe1, 0xaf, 0x0d, 0x78, 0x33, 0xc1, 0x9e, 0x0c, 0xf0,
    0x67, 0x83, 0x3c, 0x19, 0xe0, 0xcf, 0x06, 0x78, 0x33, 0xc1, 0x9e, 0x0c, 0xf0, 0x67, 0x83, 0x3c,
    0x17, 0x10, 0x18, 0x05, 0xb3, 0x56, 0x1a, 0xf0, 0x67, 0x83, 0x3c, 0x19, 0xe0, 0xcf, 0x06, 0x78,
    0x33, 0xc1, 0x9e, 0x0c, 0xf0, 0x67, 0x83, 0x3c, 0x19, 0xe0, 0xcf, 0x06, 0x78, 0x33, 0xc1, 0x9e,
    0x0c, 0xf0, 0x67, 0x40, 0xaa, 0x00, 0xd8, 0xa2, 0x4b, 0xc3, 0x5e, 0x1a, 0xf2, 0x17, 0x83, 0x3c,
    0x19, 0xe0, 0xcf, 0x2d, 0xf9, 0x6f, 0xc3, 0x5e, 0x1a, 0xf0, 0x67, 0x83, 0x3c, 0x19, 0xe0, 0xcf,
    0x06, 0x78, 0x33, 0xc1, 0x9e, 0x0c, 0xf0, 0x67, 0x83, 0x3c, 0x19, 0xe0, 0xcf, 0x06, 0x78, 0x33,
    0xc1, 0x9e, 0x0c, 0xf0, 0x67, 0x83, 0x3c, 0x19, 0xe0, 0xcf, 0x06, 0x78, 0x33, 0xc1, 0x9e, 0x0c,
    0xf0, 0x67, 0x83, 0x3c, 0x19, 0xe0, 0xcf, 0x06, 0x78, 0x33, 0xc1, 0x9e, 0x0c, 0xf0, 0x67, 0x83,
    0x12, 0x05, 0x50, 0x06, 0xc5, 0x12, 0x5e, 0x1a, 0xf0, 0xd7, 0x90, 0xbc, 0x19, 0xe0, 0xcf, 0x06,
    0x79, 0x6f, 0xcb, 0x7e, 0x1a, 0xf0, 0xd7, 0x83, 0x3c, 0x19, 0xe0, 0xcf, 0x06, 0x78, 0x33, 0xc1,
    0x9e, 0x0c, 0xf0, 0x67, 0x83, 0x3c, 0x19, 0xe0, 0xcf, 0x06, 0x78, 0x33, 0xc1, 0x71, 0x01, 0x80,
    0x5b, 0x35, 0x61, 0xaf, 0x06, 0x78, 0x33, 0xc1, 0x9e, 0x0c, 0xf0, 0x67, 0x83, 0x3c, 0x19, 0xe0,
    0xcf, 0x06, 0x78, 0x33, 0xc1, 0x9e, 0x0c, 0xf0, 0x67, 0x83, 0x3c, 0x19, 0xe0, 0xcf, 0x06, 0x74,
    0x0a, 0xa0, 0x0d, 0x8a, 0x24, 0xbc, 0x35, 0xe1, 0xaf, 0x21, 0x78, 0x33, 0xc1, 0x9e, 0x0c, 0xf2,
    0xdf, 0x96, 0xfc, 0x35, 0xe1, 0xaf, 0x06, 0x78, 0x33, 0xc1, 0x9e, 0x0c, 0xf0, 0x67, 0x83, 0x3c,
    0x19, 0xe0, 0xcf, 0x06, 0x78, 0x33, 0xc1, 0x9e, 0x0c, 0xf0, 0x67, 0x83, 0x3c, 0x19, 0xe0, 0xcf,
    0x06, 0x78, 0x33, 0xc1, 0x9e, 0x0c, 0xf0, 0x67, 0x83, 0x3c, 0x19, 0xe0, 0xcf, 0x06, 0x78, 0x33,
    0xc1, 0x9e, 0x0c, 0xf0, 0x67, 0x83, 0x3c, 0x19, 0xe0, 0xcf, 0x06, 0x78, 0x31, 0x20, 0x55, 0x00,
    0x6c, 0x51, 0x25, 0xe1, 0xaf, 0x0d, 0x79, 0x0b, 0xc1, 0x9e, 0x0c, 0xf0, 0x67, 0x96, 0xfc, 0xb7,
    0xe1, 0xaf, 0x0d, 0x78, 0x33, 0xc1, 0x9e, 0x0c, 0xf0, 0x67, 0x83, 0x3c, 0x19, 0xe0, 0xcf, 0x06,
    0x78, 0x33, 0xc1, 0x9e, 0x0c, 0xf0, 0x67, 0x83, 0x3c, 0x17, 0x10, 0x18, 0x05, 0xb3, 0x56, 0x1a,
    0xf0, 0x67, 0x83, 0x3c, 0x19, 0xe0, 0xcf, 0x06, 0x78, 0x33, 0xc1, 0x9e, 0x0c, 0xf0, 0x67, 0x83,
    0x3c, 0x19, 0xe0, 0xcf, 0x06, 0x78, 0x33, 0xc1, 0x9e, 0x0c, 0xf0, 0x67, 0x40, 0xaa, 0x00, 0xd8,
    0xa2, 0x4b, 0xc3, 0x5e, 0x1a, 0xf2, 0x17, 0x83, 0x3c, 0x19, 0xe0, 0xcf, 0x2d, 0xf9, 0x6f, 0xc3,
    0x5e, 0x1a, 0xf0, 0x67, 0x83, 0x3c, 0x19, 0xe0, 0xcf, 0x06, 0x78, 0x33, 0xc1, 0x9e, 0x0c, 0xf0,
    0x67, 0x83, 0x3c, 0x19, 0xe0, 0xcf, 0x06, 0x78, 0x33, 0xc1, 0x9e, 0x0c, 0xf0, 0x67, 0x83, 0x3c,
    0x19, 0xe0, 0xcf, 0x06, 0x78, 0x33, 0xc1, 0x9e, 0x0c, 0xf0, 0x67, 0x83, 0x3c, 0x19, 0xe0, 0xcf,
    0x06, 0x78, 0x33, 0xc1, 0x9e, 0x0c, 0xf0, 0x67, 0x83, 0x12, 0x05, 0x50, 0x06, 0xc5, 0x12, 0x5e,
    0x1a, 0xf0, 0xd7, 0x90, 0xbc, 0x19, 0xe0, 0xcf, 0x06, 0x79, 0x6f, 0xcb, 0x7e, 0x1a, 0xf0, 0xd7,
    0x83, 0x3c, 0x19, 0xe0, 0xcf, 0x06, 0x78, 0x33, 0xc1, 0x9e, 0x0c, 0xf0, 0x67, 0x83, 0x3c, 0x19,
    0xe0, 0xcf, 0x06, 0x78, 0x33, 0xc1, 0x71, 0x01, 0x80, 0x5b, 0x35, 0x61, 0xaf, 0x06, 0x78, 0x33,
    0xc1, 0x9e, 0x0c, 0xf0, 0x67, 0x83, 0x3c, 0x19, 0xe0, 0xcf, 0x06, 0x78, 0x33, 0xc1, 0x9e, 0x0c,
    0xf0, 0x67, 0x83, 0x3c, 0x19, 0xe0, 0xcf, 0x06, 0x74, 0x0a, 0xa0, 0x0d, 0x8a, 0x24, 0xbc, 0x35,
    0xe1, 0xaf, 0x21, 0x78, 0x33, 0xc1, 0x9e, 0x0c, 0xf2, 0xdf, 0x96, 0xfc, 0x35, 0xe1, 0xaf, 0x06,
    0x78, 0x33, 0xc1, 0x9e, 0x0c, 0xf0, 0x67, 0x83, 0x3c, 0x19, 0xe0, 0xcf, 0x06, 0x78, 0x33, 0xc1,
    0x9e, 0x0c, 0xf0, 0x67, 0x83, 0x3c, 0x19, 0xe0, 0xcf, 0x06, 0x78, 0x33, 0xc1, 0x9e, 0x0c, 0xf0,
    0x67, 0x83, 0x3c, 0x19, 0xe0, 0xcf, 0x06, 0x78, 0x33, 0xc1, 0x9e, 0x0c, 0xf0, 0x67, 0x83, 0x3c,
    0x19, 0xe0, 0xcf, 0x06, 0x78, 0x31, 0x20, 0x55, 0x00, 0x6c, 0x51, 0x25, 0xe1, 0xaf, 0x0d, 0x79,
    0x0b, 0xc1, 0x9e, 0x0c, 0xf0, 0x67, 0x96, 0xfc, 0xb7, 0xe1, 0xaf, 0x0d, 0x78, 0x33, 0xc1, 0x9e,
    0x0c, 0xf0, 0x67, 0x83, 0x3c, 0x19, 0xe0, 0xcf, 0x06, 0x78, 0x33, 0xc1, 0x9e, 0x0c, 0xf0, 0x67,
    0x83, 0x3c, 0x17, 0x10, 0x18, 0x05, 0xb3, 0x56, 0x1a, 0xf0, 0x67, 0x83, 0x3c, 0x19, 0xe0, 0xcf,
    0x06, 0x78, 0x33, 0xc1, 0x9e, 0x0c, 0xf0, 0x67, 0x83, 0x3c, 0x19, 0xe0, 0xcf, 0x06, 0x78, 0x33,
    0xc1, 0x9e, 0x0c, 0xf0, 0x67, 0x40, 0xaa, 0x00, 0xd8, 0xa2, 0x4b, 0xc1, 0xbe, 0x0d, 0xf0, 0x6d,
    0x14, 0x7c, 0x19, 0xe0, 0xcf, 0x35, 0xf9, 0x3f, 0xc1, 0xbe, 0x6b, 0xf2, 0x8f, 0x83, 0x3c, 0x19,
    0xe0, 0xcf, 0x06, 0x78, 0x33, 0xc1, 0x9e, 0x0c, 0xf0, 0x67, 0x83, 0x3c, 0x19, 0xe0, 0xcf, 0x06,
    0x78, 0x33, 0xc1, 0x9e, 0x0c, 0xf0, 0x67, 0x83, 0x3c, 0x19, 0xe0, 0xcf, 0x06, 0x78, 0x33, 0xc1,
    0x9e, 0x0c, 0xf0, 0x67, 0x83, 0x3c, 0x19, 0xe0, 0xcf, 0x06, 0x78, 0x33, 0xc1, 0x9e, 0x0c, 0xf0,
    0x67, 0x83, 0x36, 0x05, 0x50, 0x06, 0xc5, 0x12, 0x5e, 0x1a, 0xf0, 0xd7, 0x90, 0xbc, 0x19, 0xe0,
    0xcf, 0x27, 0x79, 0x3a, 0x8b, 0x9e, 0x28, 0xf0, 0xd7, 0x94, 0x3c, 0x19, 0xe0, 0xcf, 0x06, 0x78,
    0x33, 0xc1, 0x9e, 0x0c, 0xf0, 0x67, 0x83, 0x3c, 0x19, 0xe0, 0xcf, 0x06, 0x78, 0x33, 0xc1, 0x9d,
    0x01, 0x80, 0x5b, 0x35, 0x61, 0xaf, 0x06, 0x78, 0x33, 0xc1, 0x9e, 0x0c, 0xf0, 0x67, 0x83, 0x3c,
    0x19, 0xe0, 0xcf, 0x06, 0x78, 0x33, 0xc1, 0x9e, 0x0c, 0xf0, 0x67, 0x83, 0x3c, 0x19, 0xe0, 0xcf,
    0x06, 0x74, 0x0a, 0xa0, 0x0d, 0x8a, 0x24, 0xbc, 0x1b, 0xe0, 0xdf, 0x06, 0xd1, 0x47, 0xc1, 0x9e,
    0x0c, 0xf3, 0x5f, 0x93, 0xfc, 0x1b, 0xe6, 0xbf, 0x28, 0xf8, 0x33, 0xc1, 0x9e, 0x0c, 0xf0, 0x67,
    0x83, 0x3c, 0x19, 0xe0, 0xcf, 0x06, 0x78, 0x33, 0xc1, 0x9e, 0x0c, 0xf0, 0x67, 0x83, 0x3c, 0x19,
    0xe0, 0xcf, 0x06, 0x78, 0x33, 0xc1, 0x9e, 0x0c, 0xf0, 0x67, 0x83, 0x3c, 0x19, 0xe0, 0xcf, 0x06,
    0x78, 0x33, 0xc1, 0x9e, 0x0c, 0xf0, 0x67, 0x83, 0x3c, 0x19, 0xe0, 0xcf, 0x06, 0x78, 0x33, 0x60,
    0x55, 0x00, 0x6c, 0x51, 0x25, 0xe0, 0xdf, 0x06, 0xf8, 0x36, 0x8a, 0x3e, 0x0c, 0xf0, 0x67, 0x9a,
    0xfc, 0x9f, 0xe0, 0xdf, 0x35, 0xf9, 0x47, 0xc1, 0x9e, 0x0c, 0xf0, 0x67, 0x83, 0x3c, 0x19, 0xe0,
    0xcf, 0x06, 0x78, 0x33, 0xc1, 0x9e, 0x0c, 0xf0, 0x67, 0x83, 0x3c, 0x19, 0xe0, 0x01, 0x80, 0xc0,
    0x2d, 0x9a, 0xb0, 0xd7, 0x83, 0x3c, 0x19, 0xe0, 0xcf, 0x06, 0x78, 0x33, 0xc1, 0x9e, 0x0c, 0xf0,
    0x67, 0x83, 0x3c, 0x19, 0xe0, 0xcf, 0x06, 0x78, 0x33, 0xc1, 0x9e, 0x0c, 0xf0, 0x67, 0x83, 0x3a,
    0x05, 0x50, 0x06, 0xc5, 0x12, 0x5e, 0x0d, 0xf0, 0x6f, 0x83, 0x68, 0xa3, 0xe0, 0xcf, 0x06, 0x79,
    0xaf, 0xc9, 0xfe, 0x0d, 0xf3, 0x5f, 0x94, 0x7c, 0x19, 0xe0, 0xcf, 0x06, 0x78, 0x33, 0xc1, 0x9e,
    0x0c, 0xf0, 0x67, 0x83, 0x3c, 0x19, 0xe0, 0xcf, 0x06, 0x78, 0x33, 0xc1, 0x9e, 0x0c, 0xf0, 0x67,
    0x83, 0x3c, 0x19, 0xe0, 0xcf, 0x06, 0x78, 0x33, 0xc1, 0x9e, 0x0c, 0xf0, 0x67, 0x83, 0x3c, 0x19,
    0xe0, 0xcf, 0x06, 0x78, 0x33, 0xc1, 0x9e, 0x0c, 0xf0, 0x67, 0x83, 0x3c, 0x19, 0xb0, 0x2a, 0x80,
    0x36, 0x28, 0x92, 0xf0, 0xd7, 0x86, 0xac, 0x51, 0xe5, 0x0f, 0x06, 0x78, 0x33, 0xc9, 0xfe, 0x0d,
    0xf0, 0x6f, 0x9a, 0xfc, 0xa3, 0xe0, 0xcf, 0x06, 0x78, 0x33, 0xc1, 0x9e, 0x0c, 0xf0, 0x67, 0x83,
    0x3c, 0x19, 0xe0, 0xcf, 0x06, 0x78, 0x33, 0xc1, 0x9e, 0x0c, 0xf0, 0x67, 0x83, 0x3c, 0x19, 0xe0,
    0xcf, 0x06, 0x78, 0x33, 0xc1, 0x9e, 0x0c, 0xf0, 0x67, 0x83, 0x3c, 0x19, 0xe0, 0xcf, 0x06, 0x78,
    0x33, 0xc1, 0x9e, 0x0c, 0xf0, 0x67, 0x83, 0x3c, 0x18, 0x30, 0x2a, 0x80, 0x36, 0x28, 0x92, 0xf0,
    0x6f, 0x83, 0x7c, 0x1b, 0x45, 0x1f, 0x06, 0x78, 0x33, 0xcd, 0x7e, 0x4f, 0xf0, 0x6f, 0x9a, 0xfc,
    0xa3, 0xe0, 0xcf, 0x06, 0x78, 0x33, 0xc1, 0x9e, 0x0c, 0xf0, 0x67, 0x83, 0x3c, 0x19, 0xe0, 0xcf,
    0x06, 0x78, 0x33, 0xc1, 0x9e, 0x0c, 0xf0, 0x67, 0x83, 0x3c, 0x19, 0xe0, 0xcf, 0x06, 0x78, 0x33,
    0xc1, 0x9e, 0x0c, 0xf0, 0x67, 0x83, 0x3c, 0x19, 0xe0, 0xcf, 0x06, 0x78, 0x33, 0xc1, 0x9e, 0x0c,
    0xf0, 0x67, 0x83, 0x3c, 0x19, 0xe0, 0xcd, 0x81, 0x54, 0x01, 0xb1, 0x44, 0x97, 0x83, 0x7c, 0x1b,
    0xe0, 0xda, 0x28, 0xf8, 0x33, 0xc1, 0x9e, 0x6b, 0xf2, 0x7f, 0x83, 0x7c, 0xd7, 0xe5, 0x1f, 0x06,
    0x78, 0x33, 0xc1, 0x9e, 0x0c, 0xf0, 0x67, 0x83, 0x3c, 0x19, 0xe0, 0xcf, 0x06, 0x78, 0x33, 0xc1,
    0x9e, 0x0c, 0xf0, 0x67, 0x80, 0x06, 0x03, 0x00, 0xb6, 0x6a, 0xc3, 0x5e, 0x0c, 0xf0, 0x67, 0x83,
    0x3c, 0x19, 0xe0, 0xcf, 0x06, 0x78, 0x33, 0xc1, 0x9e, 0x0c, 0xf0, 0x67, 0x83, 0x3c, 0x19, 0xe0,
    0xcf, 0x06, 0x78, 0x33, 0xc1, 0x9e, 0x0c, 0xe8, 0x15, 0x40, 0x1b, 0x14, 0x49, 0x78, 0x37, 0xc1,
    0xbe, 0x0d, 0xa2, 0x8f, 0x83, 0x3c, 0x19, 0xe6, 0xbf, 0x27, 0xf8, 0x37, 0xcd, 0x7e, 0x51, 0xf0,
    0x67, 0x83, 0x3c, 0x19, 0xe0, 0xcf, 0x06, 0x78, 0x33, 0xc1, 0x9e, 0x0c, 0xf0, 0x67, 0x83, 0x3c,
    0x19, 0xe0, 0xcf, 0x06, 0x78, 0x33, 0xc1, 0x9e, 0x0c, 0xf0, 0x67, 0x83, 0x3c, 0x19, 0xe0, 0xcf,
    0x06, 0x78, 0x33, 0xc1, 0x9e, 0x0c, 0xf0, 0x67, 0x83, 0x3c, 0x19, 0xe0, 0xcf, 0x06, 0x78, 0x33,
    0xc1, 0x9e, 0x0c, 0xf0, 0x66, 0xc0, 0xaa, 0x00, 0xd8, 0xa2, 0x4b, 0xc1, 0xbe, 0x0d, 0xf0, 0x6d,
    0x14, 0x7c, 0x19, 0xe0, 0xcf, 0x35, 0xf9, 0x3f, 0xc1, 0xbe, 0x6b, 0xf2, 0x8f, 0x83, 0x3c, 0x19,
    0xe0, 0xcf, 0x06, 0x78, 0x33, 0xc1, 0x9e, 0x0c, 0xf0, 0x67, 0x83, 0x3c, 0x19, 0xe0, 0xcf, 0x06,
    0x78, 0x33, 0xc0, 0x03, 0x01, 0x80, 0x5b, 0x35, 0x61, 0xaf, 0x06, 0x78, 0x33, 0xc1, 0x9e, 0x0c,
    0xf0, 0x67, 0x83, 0x3c, 0x19, 0xe0, 0xcf, 0x06, 0x78, 0x33, 0xc1, 0x9e, 0x0c, 0xf0, 0x67, 0x83,
    0x3c, 0x19, 0xe0, 0xcf, 0x06, 0x74, 0x0a, 0xa0, 0x0d, 0x8a, 0x24, 0xbc, 0x1b, 0xe0, 0xdf, 0x06,
    0xd1, 0x47, 0xc1, 0x9e, 0x0c, 0xf3, 0x5f, 0x93, 0xfc, 0x1b, 0xe6, 0xbf, 0x28, 0xf8, 0x33, 0xc1,
    0x9e, 0x0c, 0xf0, 0x67, 0x83, 0x3c, 0x19, 0xe0, 0xcf, 0x06, 0x78, 0x33, 0xc1, 0x9e, 0x0c, 0xf0,
    0x67, 0x83, 0x3c, 0x19, 0xe0, 0xcf, 0x06, 0x78, 0x33, 0xc1, 0x9e, 0x0c, 0xf0, 0x67, 0x83, 0x3c,
    0x19, 0xe0, 0xcf, 0x06, 0x78, 0x33, 0xc1, 0x9e, 0x0c, 0xf0, 0x67, 0x83, 0x3c, 0x19, 0xe0, 0xcf,
    0x06, 0x78, 0x33, 0x60, 0x55, 0x00, 0x6c, 0x51, 0x25, 0xe0, 0xdf, 0x06, 0xf8, 0x36, 0x8a, 0x3e,
    0x0c, 0xf0, 0x67, 0x9a, 0xfc, 0x9f, 0xe0, 0xdf, 0x35, 0xf9, 0x47, 0xc1, 0x9e, 0x0c, 0xf0, 0x67,
    0x83, 0x3c, 0x19, 0xe0, 0xcf, 0x06, 0x78, 0x33, 0xc1, 0x9e, 0x0c, 0xf0, 0x67, 0x83, 0x3c, 0x19,
    0xe0, 0x01, 0x80, 0xc0, 0x2d, 0x9a, 0xb0, 0xd7, 0x83, 0x3c, 0x19, 0xe0, 0xcf, 0x06, 0x78, 0x33,
    0xc1, 0x9e, 0x0c, 0xf0, 0x67, 0x83, 0x3c, 0x19, 0xe0, 0xcf, 0x06, 0x78, 0x33, 0xc1, 0x9e, 0x0c,
    0xf0, 0x67, 0x83, 0x3a, 0x05, 0x50, 0x06, 0xc5, 0x12, 0x5e, 0x0d, 0xf0, 0x6f, 0x83, 0x68, 0xa3,
    0xe0, 0xcf, 0x06, 0x79, 0xaf, 0xc9, 0xfe, 0x0d, 0xf3, 0x5f, 0x94, 0x7c, 0x19, 0xe0, 0xcf, 0x06,
    0x78, 0x33, 0xc1, 0x9e, 0x0c, 0xf0, 0x67, 0x83, 0x3c, 0x19, 0xe0, 0xcf, 0x06, 0x78, 0x33, 0xc1,
    0x9e, 0x0c, 0xf0, 0x67, 0x83, 0x3c, 0x19, 0xe0, 0xcf, 0x06, 0x78, 0x33, 0xc1, 0x9e, 0x0c, 0xf0,
    0x67, 0x83, 0x3c, 0x19, 0xe0, 0xcf, 0x06, 0x78, 0x33, 0xc1, 0x9e, 0x0c, 0xf0, 0x67, 0x83, 0x3c,
    0x19, 0xb0, 0x2a, 0x80, 0x36, 0x28, 0x92, 0xf0, 0x6f, 0x83, 0x7c, 0x1b, 0x45, 0x1f, 0x06, 0x78,
    0x33, 0xcd, 0x7e, 0x4f, 0xf0, 0x6f, 0x9a, 0xfc, 0xa3, 0xe0, 0xcf, 0x06, 0x78, 0x33, 0xc1, 0x9e,
    0x0c, 0xf0, 0x67, 0x83, 0x3c, 0x19, 0xe0, 0xcf, 0x06, 0x78, 0x33, 0xc1, 0x9e, 0x0c, 0xf0, 0x00,
    0xc0, 0x60, 0x16, 0xcd, 0x58, 0x6b, 0xc1, 0x9e, 0x0c, 0xf0, 0x67, 0x83, 0x3c, 0x19, 0xe0, 0xcf,
    0x06, 0x78, 0x33, 0xc1, 0x9e, 0x0c, 0xf0, 0x67, 0x83, 0x3c, 0x19, 0xe0, 0xcf, 0x06, 0x78, 0x33,
    0xc1, 0x9e, 0x0c, 0xf0, 0x67, 0x83, 0x3c, 0x19, 0xe0, 0xcf, 0x06, 0x78, 0x33, 0xc1, 0x9e, 0x0c,
    0xf0, 0x67, 0x83, 0x3c, 0x19, 0xe0, 0xcf, 0x06, 0x78, 0x33, 0xc1, 0x9e, 0x0c, 0xf0, 0x67, 0x83,
    0x3c, 0x19, 0xe0, 0xcf, 0x06, 0x78, 0x33, 0xc1, 0x9e, 0x0c, 0xf0, 0x67, 0x83, 0x3c, 0x19, 0xe0,
    0xcf, 0x06, 0x78, 0x33, 0xc1, 0x9e, 0x0c, 0xf0, 0x67, 0x83, 0x3c, 0x19, 0xe0, 0xcf, 0x06, 0x78,
    0x33, 0xc1, 0x9e, 0x0c, 0xf0, 0x67, 0x83, 0x3c, 0x19, 0xe0, 0xcf, 0x06, 0x78, 0x33, 0xc1, 0x9e,
    0x0c, 0xf0, 0x67, 0x83, 0x3c, 0x19, 0xe0, 0xcf, 0x06, 0x78, 0x33, 0xc1, 0x9e, 0x0c, 0xf0, 0x67,
    0x83, 0x3c, 0x19, 0xe0, 0xcf, 0x06, 0x78, 0x33, 0xc1, 0x9e, 0x0c, 0xf0, 0x67, 0x83, 0x3c, 0x19,
    0xd0, 0x18, 0x05, 0xb3, 0x56, 0x1a, 0xf0, 0x67, 0x83, 0x3c, 0x19, 0xe0, 0xcf, 0x06, 0x78, 0x33,
    0xc1, 0x9e, 0x0c, 0xf0, 0x67, 0x83, 0x3c, 0x19, 0xe0, 0xcf, 0x06, 0x78, 0x33, 0xc1, 0x9e, 0x0c,
    0xf0, 0x67, 0x83, 0x3c, 0x19, 0xe0, 0xcf, 0x06, 0x78, 0x33, 0xc1, 0x9e, 0x0c, 0xf0, 0x67, 0x83,
    0x3c, 0x19, 0xe0, 0xcf, 0x06, 0x78, 0x33, 0xc1, 0x9e, 0x0c, 0xf0, 0x67, 0x83, 0x3c, 0x19, 0xe0,
    0xcf, 0x06, 0x78, 0x33, 0xc1, 0x9e, 0x0c, 0xf0, 0x67, 0x83, 0x3c, 0x19, 0xe0, 0xcf, 0x06, 0x78,
    0x33, 0xc1, 0x9e, 0x0c, 0xf0, 0x67, 0x83, 0x3c, 0x19, 0xe0, 0xcf, 0x06, 0x78, 0x33, 0xc1, 0x9e,
    0x0c, 0xf0, 0x67, 0x83, 0x3c, 0x19, 0xe0, 0xcf, 0x06, 0x78, 0x33, 0xc1, 0x9e, 0x0c, 0xf0, 0x67,
    0x83, 0x3c, 0x19, 0xe0, 0xcf, 0x06, 0x78, 0x33, 0xc1, 0x9e, 0x0c, 0xf0, 0x67, 0x83, 0x3c, 0x19,
    0xe0, 0xcf, 0x06, 0x78, 0x33, 0xc1, 0x9e, 0x0c, 0xf0, 0x67, 0x83, 0x3c, 0x19, 0xe0, 0xcf, 0x06,
    0x74, 0x06, 0x01, 0x6c, 0xd5, 0x86, 0xbc, 0x19, 0xe0, 0xcf, 0x06, 0x78, 0x33, 0xc1, 0x9e, 0x0c,
    0xf0, 0x67, 0x83, 0x3c, 0x19, 0xe0, 0xcf, 0x06, 0x78, 0x33, 0xc1, 0x9e, 0x0c, 0xf0, 0x67, 0x83,
    0x3c, 0x19, 0xe0, 0xcf, 0x06, 0x78, 0x33, 0xc1, 0x9e, 0x0c, 0xf0, 0x67, 0x83, 0x3c, 0x19, 0xe0,
    0xcf, 0x06, 0x78, 0x33, 0xc1, 0x9e, 0x0c, 0xf0, 0x67, 0x83, 0x3c, 0x19, 0xe0, 0xcf, 0x06, 0x78,
    0x33, 0xc1, 0x9e, 0x0c, 0xf0, 0x67, 0x83, 0x3c, 0x19, 0xe0, 0xcf, 0x06, 0x78, 0x33, 0xc1, 0x9e,
    0x0c, 0xf0, 0x67, 0x83, 0x3c, 0x19, 0xe0, 0xcf, 0x06, 0x78, 0x33, 0xc1, 0x9e, 0x0c, 0xf0, 0x67,
    0x83, 0x3c, 0x19, 0xe0, 0xcf, 0x06, 0x78, 0x33, 0xc1, 0x9e, 0x0c, 0xf0, 0x67, 0x83, 0x3c, 0x19,
    0xe0, 0xcf, 0x06, 0x78, 0x33, 0xc1, 0x9e, 0x0c, 0xf0, 0x67, 0x83, 0x3c, 0x19, 0xe0, 0xcf, 0x06,
    0x78, 0x33, 0xc1, 0x9e, 0x0c, 0xf0, 0x67, 0x83, 0x3c, 0x19, 0xe0, 0xcf, 0x06, 0x78, 0x33, 0xc1,
    0x9d, 0x01, 0x80, 0x5b, 0x35, 0x61, 0xaf, 0x06, 0x78, 0x33, 0xc1, 0x9e, 0x0c, 0xf0, 0x67, 0x83,
    0x3c, 0x19, 0xe0, 0xcf, 0x06, 0x78, 0x33, 0xc1, 0x9e, 0x0c, 0xf0, 0x67, 0x83, 0x3c, 0x19, 0xe0,
    0xcf, 0x06, 0x78, 0x33, 0xc1, 0x9e, 0x0c, 0xf0, 0x67, 0x83, 0x3c, 0x19, 0xe0, 0xcf, 0x06, 0x78,
    0x33, 0xc1, 0x9e, 0x0c, 0xf0, 0x67, 0x83, 0x3c, 0x19, 0xe0, 0xcf, 0x06, 0x78, 0x33, 0xc1, 0x9e,
    0x0c, 0xf0, 0x67, 0x83, 0x3c, 0x19, 0xe0, 0xcf, 0x06, 0x78, 0x33, 0xc1, 0x9e, 0x0c, 0xf0, 0x67,
    0x83, 0x3c, 0x19, 0xe0, 0xcf, 0x06, 0x78, 0x33, 0xc1, 0x9e, 0x0c, 0xf0, 0x67, 0x83, 0x3c, 0x19,
    0xe0, 0xcf, 0x06, 0x78, 0x33, 0xc1, 0x9e, 0x0c, 0xf0, 0x67, 0x83, 0x3c, 0x19, 0xe0, 0xcf, 0x06,
    0x78, 0x33, 0xc1, 0x9e, 0x0c, 0xf0, 0x67, 0x83, 0x3c, 0x19, 0xe0, 0xcf, 0x06, 0x78, 0x33, 0xc1,
    0x9e, 0x0c, 0xf0, 0x67, 0x83, 0x3c, 0x19, 0xe0, 0xcf, 0x06, 0x78, 0x33, 0xc1, 0x9e, 0x0c, 0xf0,
    0x67, 0x40, 0x60, 0x16, 0xcd, 0x58, 0x6b, 0xc1, 0x9e, 0x0c, 0xf0, 0x67, 0x83, 0x3c, 0x19, 0xe0,
    0xcf, 0x06, 0x78, 0x33, 0xc1, 0x9e, 0x0c, 0xf0, 0x67, 0x83, 0x3c, 0x19, 0xe0, 0xcf, 0x06, 0x78,
    0x33, 0xc1, 0x9e, 0x0c, 0xf0, 0x67, 0x83, 0x3c, 0x19, 0xe0, 0xcf, 0x06, 0x78, 0x33, 0xc1, 0x9e,
    0x0c, 0xf0, 0x67, 0x83, 0x3c, 0x19, 0xe0, 0xcf, 0x06, 0x78, 0x33, 0xc1, 0x9e, 0x0c, 0xf0, 0x67,
    0x83, 0x3c, 0x19, 0xe0, 0xcf, 0x06, 0x78, 0x33, 0xc1, 0x9e, 0x0c, 0xf0, 0x67, 0x83, 0x3c, 0x19,
    0xe0, 0xcf, 0x06, 0x78, 0x33, 0xc1, 0x9e, 0x0c, 0xf0, 0x67, 0x83, 0x3c, 0x19, 0xe0, 0xcf, 0x06,
    0x78, 0x33, 0xc1, 0x9e, 0x0c, 0xf0, 0x67, 0x83, 0x3c, 0x19, 0xe0, 0xcf, 0x06, 0x78, 0x33, 0xc1,
    0x9e, 0x0c, 0xf0, 0x67, 0x83, 0x3c, 0x19, 0xe0, 0xcf, 0x06, 0x78, 0x33, 0xc1, 0x9e, 0x0c, 0xf0,
    0x67, 0x83, 0x3c, 0x19, 0xe0, 0xcf, 0x06, 0x78, 0x33, 0xc1, 0x9e, 0x0c, 0xf0, 0x67, 0x83, 0x3c,
    0x19, 0xe0, 0xcf, 0x06, 0x78, 0x33, 0xc1, 0x9e, 0x0c, 0xf0, 0x67, 0x83, 0x3c, 0x19, 0xe0, 0xcf,
    0x06, 0x78, 0x33, 0xc1, 0x9e, 0x0c, 0xf0, 0x67, 0x83, 0x3c, 0x19, 0xe0, 0xcf, 0x06, 0x78, 0x33,
    0xc1, 0x9e, 0x0c, 0xf0, 0x67, 0x83, 0x3c, 0x19, 0xe0, 0xcf, 0x06, 0x78, 0x33, 0xc1, 0x9e, 0x0c,
    0xf0, 0x67, 0x83, 0x3c, 0x19, 0xe0, 0xcf, 0x06, 0x78, 0x33, 0xc1, 0x9e, 0x0c, 0xf0, 0x67, 0x83,
    0x3c, 0x19, 0xe0, 0xcf, 0x06, 0x78, 0x33, 0xc1, 0x9e, 0x0c, 0xf0, 0x67, 0x83, 0x3c, 0x19, 0xe0,
    0xcf, 0x06, 0x78, 0x33, 0xc1, 0x9e, 0x0c, 0xf0, 0x67, 0x83, 0x3c, 0x19, 0xe0, 0xcf, 0x06, 0x78,
    0x33, 0xc1, 0x9e, 0x0c, 0xf0, 0x67, 0x83, 0x3c, 0x19, 0xe0, 0xcf, 0x06, 0x78, 0x33, 0xc1, 0x9e,
    0x0c, 0xf0, 0x67, 0x83, 0x3c, 0x19, 0xe0, 0xcf, 0x06, 0x78, 0x33, 0xc1, 0x9e, 0x0c, 0xf0, 0x67,
    0x83, 0x3c, 0x19, 0xe0, 0xcf, 0x06, 0x78, 0x33, 0xc1, 0x9e, 0x0c, 0xf0, 0x67, 0xc0, 0x20, 0x30,
    0x0b, 0x66, 0xac, 0x35, 0xe0, 0xcf, 0x06, 0x78, 0x33, 0xc1, 0x9e, 0x0c, 0xf0, 0x67, 0x83, 0x3c,
    0x19, 0xe0, 0xcf, 0x06, 0x78, 0x33, 0xc1, 0x9e, 0x0c, 0xf0, 0x67, 0x83, 0x3c, 0x19, 0xe0, 0xcf,
    0x06, 0x78, 0x33, 0xc1, 0x9e, 0x0c, 0xf0, 0x67, 0x83, 0x3c, 0x19, 0xe0, 0xcf, 0x06, 0x78, 0x33,
    0xc1, 0x9e, 0x0c, 0xf0, 0x67, 0x83, 0x3c, 0x19, 0xe0, 0xcf, 0x06, 0x78, 0x33, 0xc1, 0x9e, 0x0c,
    0xf0, 0x67, 0x83, 0x3c, 0x19, 0xe0, 0xcf, 0x06, 0x78, 0x33, 0xc1, 0x9e, 0x0c, 0xf0, 0x67, 0x83,
    0x3c, 0x19, 0xe0, 0xcf, 0x06, 0x78, 0x33, 0xc1, 0x9e, 0x0c, 0xf0, 0x67, 0x83, 0x3c, 0x19, 0xe0,
    0xcf, 0x06, 0x78, 0x33, 0xc1, 0x9e, 0x0c, 0xf0, 0x67, 0x83, 0x3c, 0x19, 0xe0, 0xcf, 0x06, 0x78,
    0x33, 0xc1, 0x9e, 0x0c, 0xf0, 0x67, 0x83, 0x3c, 0x19, 0xe0, 0xcf, 0x06, 0x78, 0x33, 0xc1, 0x9e,
    0x0c, 0xf0, 0x67, 0x83, 0x3c, 0x19, 0xe0, 0xcf, 0x06, 0x78, 0x33, 0xc1, 0x9e, 0x0c, 0xe8, 0x0c,
    0x02, 0xd9, 0xab, 0x0d, 0x78, 0x33, 0xc1, 0x9e, 0x0c, 0xf0, 0x67, 0x83, 0x3c, 0x19, 0xe0, 0xcf,
    0x06, 0x78, 0x33, 0xc1, 0x9e, 0x0c, 0xf0, 0x67, 0x83, 0x3c, 0x19, 0xe0, 0xcf, 0x06, 0x78, 0x33,
    0xc1, 0x9e, 0x0c, 0xf0, 0x67, 0x83, 0x3c, 0x19, 0xe0, 0xcf, 0x06, 0x78, 0x33, 0xc1, 0x9e, 0x0c,
    0xf0, 0x67, 0x83, 0x3c, 0x19, 0xe0, 0xcf, 0x06, 0x78, 0x33, 0xc1, 0x9e, 0x0c, 0xf0, 0x67, 0x83,
    0x3c, 0x19, 0xe0, 0xcf, 0x06, 0x78, 0x33, 0xc1, 0x9e, 0x0c, 0xf0, 0x67, 0x83, 0x3c, 0x19, 0xe0,
    0xcf, 0x06, 0x78, 0x33, 0xc1, 0x9e, 0x0c, 0xf0, 0x67, 0x83, 0x3c, 0x19, 0xe0, 0xcf, 0x06, 0x78,
    0x33, 0xc1, 0x9e, 0x0c, 0xf0, 0x67, 0x83, 0x3c, 0x19, 0xe0, 0xcf, 0x06, 0x78, 0x33, 0xc1, 0x9e,
    0x0c, 0xf0, 0x67, 0x83, 0x3c, 0x19, 0xe0, 0xcf, 0x06, 0x78, 0x33, 0xc1, 0x9e, 0x0c, 0xf0, 0x67,
    0x83, 0x3c, 0x19, 0xe0, 0xcf, 0x06, 0x78, 0x33, 0xc1, 0x9e, 0x0c, 0xf0, 0x67, 0x83, 0x3a, 0x03,
    0x00, 0xb6, 0x6a, 0xc3, 0x5e, 0x0c, 0xf0, 0x67, 0x83, 0x3c, 0x19, 0xe0, 0xcf, 0x06, 0x78, 0x33,
    0xc1, 0x9e, 0x0c, 0xf0, 0x67, 0x83, 0x3c, 0x19, 0xe0, 0xcf, 0x06, 0x78, 0x33, 0xc1, 0x9e, 0x0c,
    0xf0, 0x67, 0x83, 0x3c, 0x19, 0xe0, 0xcf, 0x06, 0x78, 0x33, 0xc1, 0x9e, 0x0c, 0xf0, 0x67, 0x83,
    0x3c, 0x19, 0xe0, 0xcf, 0x06, 0x78, 0x33, 0xc1, 0x9e, 0x0c, 0xf0, 0x67, 0x83, 0x3c, 0x19, 0xe0,
    0xcf, 0x06, 0x78, 0x33, 0xc1, 0x9e, 0x0c, 0xf0, 0x67, 0x83, 0x3c, 0x19, 0xe0, 0xcf, 0x06, 0x78,
    0x33, 0xc1, 0x9e, 0x0c, 0xf0, 0x67, 0x83, 0x3c, 0x19, 0xe0, 0xcf, 0x06, 0x78, 0x33, 0xc1, 0x9e,
    0x0c, 0xf0, 0x67, 0x83, 0x3c, 0x19, 0xe0, 0xcf, 0x06, 0x78, 0x33, 0xc1, 0x9e, 0x0c, 0xf0, 0x67,
    0x83, 0x3c, 0x19, 0xe0, 0xcf, 0x06, 0x78, 0x33, 0xc1, 0x9e, 0x0c, 0xf0, 0x67, 0x83, 0x3c, 0x19,
    0xe0, 0xcf, 0x06, 0x78, 0x33, 0xc1, 0x9e, 0x0c, 0xf0, 0x67, 0x83, 0x3c, 0x19, 0xe0, 0xce, 0x80,
    0xc0, 0x2d, 0x9a, 0xb0, 0xd7, 0x83, 0x3c, 0x19, 0xe0, 0xcf, 0x06, 0x78, 0x33, 0xc1, 0x9e, 0x0c,
    0xf0, 0x67, 0x83, 0x3c, 0x19, 0xe0, 0xcf, 0x06, 0x78, 0x33, 0xc1, 0x9e, 0x0c, 0xf0, 0x67, 0x83,
    0x3c, 0x19, 0xe0, 0xcf, 0x06, 0x78, 0x33, 0xc1, 0x9e, 0x0c, 0xf0, 0x67, 0x83, 0x3c, 0x19, 0xe0,
    0xcf, 0x06, 0x78, 0x33, 0xc1, 0x9e, 0x0c, 0xf0, 0x67, 0x83, 0x3c, 0x19, 0xe0, 0xcf, 0x06, 0x78,
    0x33, 0xc1, 0x9e, 0x0c, 0xf0, 0x67, 0x83, 0x3c, 0x19, 0xe0, 0xcf, 0x06, 0x78, 0x33, 0xc1, 0x9e,
    0x0c, 0xf0, 0x67, 0x83, 0x3c, 0x19, 0xe0, 0xcf, 0x06, 0x78, 0x33, 0xc1, 0x9e, 0x0c, 0xf0, 0x67,
    0x83, 0x3c, 0x19, 0xe0, 0xcf, 0x06, 0x78, 0x33, 0xc1, 0x9e, 0x0c, 0xf0, 0x67, 0x83, 0x3c, 0x19,
    0xe0, 0xcf, 0x06, 0x78, 0x33, 0xc1, 0x9e, 0x0c, 0xf0, 0x67, 0x83, 0x3c, 0x19, 0xe0, 0xcf, 0x06,
    0x78, 0x33, 0xc1, 0x9e, 0x0c, 0xf0, 0x67, 0x83, 0x3c, 0x19, 0xe0, 0xcf, 0x06, 0x78, 0x33, 0xc1,
    0x9e, 0x0c, 0xf0, 0x67, 0x83, 0x3c, 0x19, 0xe0, 0xcf, 0x06, 0x78, 0x33, 0xc1, 0x9e, 0x0c, 0xf0,
    0x67, 0x83, 0x3c, 0x19, 0xe0, 0xcf, 0x06, 0x78, 0x33, 0xc1, 0x9e, 0x0c, 0xf0, 0x67, 0x83, 0x3c,
    0x19, 0xe0, 0xcf, 0x06, 0x78, 0x33, 0xc1, 0x9e, 0x0c, 0xf0, 0x67, 0x83, 0x3c, 0x19, 0xe0, 0xcf,
    0x06, 0x78, 0x33, 0xc1, 0x9e, 0x0c, 0xf0, 0x67, 0x83, 0x3c, 0x19, 0xe0, 0xcf, 0x06, 0x78, 0x33,
    0xc1, 0x9e, 0x0c, 0xf0, 0x67, 0x83, 0x3c, 0x19, 0xe0, 0xcf, 0x06, 0x78, 0x33, 0xc1, 0x9e, 0x0c,
    0xf0, 0x67, 0x83, 0x3c, 0x19, 0xe0, 0xcf, 0x06, 0x78, 0x33, 0xc1, 0x9e, 0x0c, 0xf0, 0x67, 0x83,
    0x3c, 0x19, 0xe0, 0xcf, 0x06, 0x78, 0x33, 0xc1, 0x9e, 0x0c, 0xf0, 0x67, 0x83, 0x3c, 0x19, 0xe0,
    0xcf, 0x06, 0x78, 0x33, 0xc1, 0x9e, 0x0c, 0xf0, 0x67, 0x83, 0x3c, 0x19, 0xe0, 0xcf, 0x06, 0x78,
    0x33, 0xc1, 0x9e, 0x0c, 0xf0, 0x67, 0x83, 0x3c, 0x19, 0xe0, 0xcf, 0x06, 0x78, 0x33, 0xc1, 0x9e,
    0x0c, 0xf0, 0x67, 0x83, 0x3c, 0x19, 0xe0, 0xcf, 0x06, 0x78, 0x33, 0xc1, 0x9e, 0x0c, 0xf0, 0x67,
    0x83, 0x3c, 0x19, 0xe0, 0xcf, 0x06, 0x78, 0x33, 0xc1, 0x9e, 0x0c, 0xf0, 0x67, 0x83, 0x3c, 0x19,
    0xe0, 0xcf, 0x06, 0x78, 0x33, 0xc1, 0x9e, 0x0c, 0xf0, 0x67, 0x83, 0x3c, 0x19, 0xe0, 0xcf, 0x06,
    0x78, 0x33, 0xc1, 0x9e, 0x0c, 0xf0, 0x67, 0x83, 0x3c, 0x19, 0xe0, 0xcf, 0x06, 0x78, 0x33, 0xc1,
    0x9e, 0x0c, 0xf0, 0x67, 0x83, 0x3c, 0x19, 0xe0, 0xcf, 0x06, 0x78, 0x33, 0xc1, 0x9e, 0x0c, 0xf0,
    0x67, 0x83, 0x3c, 0x19, 0xe0, 0xcf, 0x06, 0x78, 0x33, 0xc1, 0x9e, 0x0c, 0xf0, 0x67, 0x83, 0x3c,
    0x19, 0xe0, 0xcf, 0x06, 0x78, 0x33, 0xc1, 0x9e, 0x0c, 0xf0, 0x67, 0x83, 0x3c, 0x19, 0xe0, 0xcf,
    0x06, 0x78, 0x33, 0xc1, 0x9e, 0x0c, 0xf0, 0x67, 0x83, 0x3c, 0x19, 0xe0, 0xcf, 0x06, 0x78, 0x33,
    0xc1, 0x9e, 0x0c, 0xf0, 0x67, 0x83, 0x3c, 0x00, 0x50, 0x18, 0x05, 0xb3, 0x56, 0x1a, 0xf0, 0x67,
    0x83, 0x3c, 0x19, 0xe0, 0xcf, 0x06, 0x78, 0x33, 0xc1, 0x9e, 0x0c, 0xf0, 0x67, 0x83, 0x3c, 0x19,
    0xe0, 0xcf, 0x06, 0x78, 0x33, 0xc1, 0x9e, 0x0c, 0xf0, 0x67, 0x83, 0x3c, 0x19, 0xe0, 0xcf, 0x06,
    0x78, 0x33, 0xc1, 0x9e, 0x0c, 0xf0, 0x67, 0x83, 0x3c, 0x19, 0xe0, 0xcf, 0x06, 0x78, 0x33, 0xc1,
    0x9e, 0x0c, 0xf0, 0x67, 0x83, 0x3c, 0x19, 0xe0, 0xcf, 0x06, 0x78, 0x33, 0xc1, 0x9e, 0x0c, 0xf0,
    0x67, 0x83, 0x3c, 0x19, 0xe0, 0xcf, 0x06, 0x78, 0x33, 0xc1, 0x9e, 0x0c, 0xf0, 0x67, 0x83, 0x3c,
    0x19, 0xe0, 0xcf, 0x06, 0x78, 0x33, 0xc1, 0x9e, 0x0c, 0xf0, 0x67, 0x83, 0x3c, 0x19, 0xe0, 0xcf,
    0x06, 0x78, 0x33, 0xc1, 0x9e, 0x0c, 0xf0, 0x67, 0x83, 0x3c, 0x19, 0xe0, 0xcf, 0x06, 0x78, 0x33,
    0xc1, 0x9e, 0x0c, 0xf0, 0x67, 0x83, 0x3c, 0x19, 0xe0, 0xcf, 0x06, 0x78, 0x33, 0xc1, 0x9e, 0x0c,
    0xf0, 0x67, 0x83, 0x3c, 0x19, 0xe0, 0xcf, 0x06, 0x74, 0x06, 0x01, 0x6c, 0xd5, 0x86, 0xbc, 0x19,
    0xe0, 0xcf, 0x06, 0x78, 0x33, 0xc1, 0x9e, 0x0c, 0xf0, 0x67, 0x83, 0x3c, 0x19, 0xe0, 0xcf, 0x06,
    0x78, 0x33, 0xc1, 0x9e, 0x0c, 0xf0, 0x67, 0x83, 0x3c, 0x19, 0xe0, 0xcf, 0x06, 0x78, 0x33, 0xc1,
    0x9e, 0x0c, 0xf0, 0x67, 0x83, 0x3c, 0x19, 0xe0, 0xcf, 0x06, 0x78, 0x33, 0xc1, 0x9e, 0x0c, 0xf0,
    0x67, 0x83, 0x3c, 0x19, 0xe0, 0xcf, 0x06, 0x78, 0x33, 0xc1, 0x9e, 0x0c, 0xf0, 0x67, 0x83, 0x3c,
    0x19, 0xe0, 0xcf, 0x06, 0x78, 0x33, 0xc1, 0x9e, 0x0c, 0xf0, 0x67, 0x83, 0x3c, 0x19, 0xe0, 0xcf,
    0x06, 0x78, 0x33, 0xc1, 0x9e, 0x0c, 0xf0, 0x67, 0x83, 0x3c, 0x19, 0xe0, 0xcf, 0x06, 0x78, 0x33,
    0xc1, 0x9e, 0x0c, 0xf0, 0x67, 0x83, 0x3c, 0x19, 0xe0, 0xcf, 0x06, 0x78, 0x33, 0xc1, 0x9e, 0x0c,
    0xf0, 0x67, 0x83, 0x3c, 0x19, 0xe0, 0xcf, 0x06, 0x78, 0x33, 0xc1, 0x9e, 0x0c, 0xf0, 0x67, 0x83,
    0x3c, 0x19, 0xe0, 0xcf, 0x06, 0x78, 0x33, 0xc1, 0x9d, 0x01, 0x80, 0x5b, 0x35, 0x61, 0xaf, 0x06,
    0x78, 0x33, 0xc1, 0x9e, 0x0c, 0xf0, 0x67, 0x83, 0x3c, 0x19, 0xe0, 0xcf, 0x06, 0x78, 0x33, 0xc1,
    0x9e, 0x0c, 0xf0, 0x67, 0x83, 0x3c, 0x19, 0xe0, 0xcf, 0x06, 0x78, 0x33, 0xc1, 0x9e, 0x0c, 0xf0,
    0x67, 0x83, 0x3c, 0x19, 0xe0, 0xcf, 0x06, 0x78, 0x33, 0xc1, 0x9e, 0x0c, 0xf0, 0x67, 0x83, 0x3c,
    0x19, 0xe0, 0xcf, 0x06, 0x78, 0x33, 0xc1, 0x9e, 0x0c, 0xf0, 0x67, 0x83, 0x3c, 0x19, 0xe0, 0xcf,
    0x06, 0x78, 0x33, 0xc1, 0x9e, 0x0c, 0xf0, 0x67, 0x83, 0x3c, 0x19, 0xe0, 0xcf, 0x06, 0x78, 0x33,
    0xc1, 0x9e, 0x0c, 0xf0, 0x67, 0x83, 0x3c, 0x19, 0xe0, 0xcf, 0x06, 0x78, 0x33, 0xc1, 0x9e, 0x0c,
    0xf0, 0x67, 0x83, 0x3c, 0x19, 0xe0, 0xcf, 0x06, 0x78, 0x33, 0xc1, 0x9e, 0x0c, 0xf0, 0x67, 0x83,
    0x3c, 0x19, 0xe0, 0xcf, 0x06, 0x78, 0x33, 0xc1, 0x9e, 0x0c, 0xf0, 0x67, 0x83, 0x3c, 0x19, 0xe0,
    0xcf, 0x06, 0x78, 0x33, 0xc1, 0x9e, 0x0c, 0xf0, 0x67, 0x40, 0x60, 0x16, 0xcd, 0x58, 0x6b, 0xc1,
    0x9e, 0x0c, 0xf0, 0x67, 0x83, 0x3c, 0x19, 0xe0, 0xcf, 0x06, 0x78, 0x33, 0xc1, 0x9e, 0x0c, 0xf0,
    0x67, 0x83, 0x3c, 0x19, 0xe0, 0xcf, 0x06, 0x78, 0x33, 0xc1, 0x9e, 0x0c, 0xf0, 0x67, 0x83, 0x3c,
    0x19, 0xe0, 0xcf, 0x06, 0x78, 0x33, 0xc1, 0x9e, 0x0c, 0xf0, 0x67, 0x83, 0x3c, 0x19, 0xe0, 0xcf,
    0x06, 0x78, 0x33, 0xc1, 0x9e, 0x0c, 0xf0, 0x67, 0x83, 0x3c, 0x19, 0xe0, 0xcf, 0x06, 0x78, 0x33,
    0xc1, 0x9e, 0x0c, 0xf0, 0x67, 0x83, 0x3c, 0x19, 0xe0, 0xcf, 0x06, 0x78, 0x33, 0xc1, 0x9e, 0x0c,
    0xf0, 0x67, 0x83, 0x3c, 0x19, 0xe0, 0xcf, 0x06, 0x78, 0x33, 0xc1, 0x9e, 0x0c, 0xf0, 0x67, 0x83,
    0x3c, 0x19, 0xe0, 0xcf, 0x06, 0x78, 0x33, 0xc1, 0x9e, 0x0c, 0xf0, 0x67, 0x83, 0x3c, 0x19, 0xe0,
    0xcf, 0x06, 0x78, 0x33, 0xc1, 0x9e, 0x0c, 0xf0, 0x67, 0x83, 0x3c, 0x19, 0xe0, 0xcf, 0x06, 0x78,
    0x33, 0xc1, 0x9e, 0x0c, 0xf0, 0x67, 0x83, 0x3c, 0x19, 0xe0, 0xcf, 0x06, 0x78, 0x33, 0xc1, 0x9e,
    0x0c, 0xf0, 0x67, 0x83, 0x3c, 0x19, 0xe0, 0xcf, 0x06, 0x78, 0x33, 0xc1, 0x9e, 0x0c, 0xf0, 0x67,
    0x83, 0x3c, 0x19, 0xe0, 0xcf, 0x06, 0x78, 0x33, 0xc1, 0x9e, 0x0c, 0xf0, 0x67, 0x83, 0x3c, 0x19,
    0xe0, 0xcf, 0x06, 0x78, 0x33, 0xc1, 0x9e, 0x0c, 0xf0, 0x67, 0x83, 0x3c, 0x19, 0xe0, 0xcf, 0x06,
    0x78, 0x33, 0xc1, 0x9e, 0x0c, 0xf0, 0x67, 0x83, 0x3c, 0x19, 0xe0, 0xcf, 0x06, 0x78, 0x33, 0xc1,
    0x9e, 0x0c, 0xf0, 0x67, 0x83, 0x3c, 0x19, 0xe0, 0xcf, 0x06, 0x78, 0x33, 0xc1, 0x9e, 0x0c, 0xf0,
    0x67, 0x83, 0x3c, 0x19, 0xe0, 0xcf, 0x06, 0x78, 0x33, 0xc1, 0x9e, 0x0c, 0xf0, 0x67, 0x83, 0x3c,
    0x19, 0xe0, 0xcf, 0x06, 0x78, 0x33, 0xc1, 0x9e, 0x0c, 0xf0, 0x67, 0x83, 0x3c, 0x19, 0xe0, 0xcf,
    0x06, 0x78, 0x33, 0xc1, 0x9e, 0x0c, 0xf0, 0x67, 0x83, 0x3c, 0x19, 0xe0, 0xcf, 0x06, 0x78, 0x33,
    0xc1, 0x9e, 0x0c, 0xf0, 0x67, 0xc0, 0x20, 0x30, 0x0b, 0x66, 0xac, 0x35, 0xe0, 0xcf, 0x06, 0x78,
    0x33, 0xc1, 0x9e, 0x0c, 0xf0, 0x67, 0x83, 0x3c, 0x19, 0xe0, 0xcf, 0x06, 0x78, 0x33, 0xc1, 0x9e,
    0x0c, 0xf0, 0x67, 0x83, 0x3c, 0x19, 0xe0, 0xcf, 0x06, 0x78, 0x33, 0xc1, 0x9e, 0x0c, 0xf0, 0x67,
    0x83, 0x3c, 0x19, 0xe0, 0xcf, 0x06, 0x78, 0x33, 0xc1, 0x9e, 0x0c, 0xf0, 0x67, 0x83, 0x3c, 0x19,
    0xe0, 0xcf, 0x06, 0x78, 0x33, 0xc1, 0x9e, 0x0c, 0xf0, 0x67, 0x83, 0x3c, 0x19, 0xe0, 0xcf, 0x06,
    0x78, 0x33, 0xc1, 0x9e, 0x0c, 0xf0, 0x67, 0x83, 0x3c, 0x19, 0xe0, 0xcf, 0x06, 0x78, 0x33, 0xc1,
    0x9e, 0x0c, 0xf0, 0x67, 0x83, 0x3c, 0x19, 0xe0, 0xcf, 0x06, 0x78, 0x33, 0xc1, 0x9e, 0x0c, 0xf0,
    0x67, 0x83, 0x3c, 0x19, 0xe0, 0xcf, 0x06, 0x78, 0x33, 0xc1, 0x9e, 0x0c, 0xf0, 0x67, 0x83, 0x3c,
    0x19, 0xe0, 0xcf, 0x06, 0x78, 0x33, 0xc1, 0x9e, 0x0c, 0xf0, 0x67, 0x83, 0x3c, 0x19, 0xe0, 0xcf,
    0x06, 0x78, 0x33, 0xc1, 0x9e, 0x0c, 0xe8, 0x0c, 0x02, 0xd9, 0xab, 0x0d, 0x78, 0x33, 0xc1, 0x9e,
    0x0c, 0xf0, 0x67, 0x83, 0x3c, 0x19, 0xe0, 0xcf, 0x06, 0x78, 0x33, 0xc1, 0x9e, 0x0c, 0xf0, 0x67,
    0x83, 0x3c, 0x19, 0xe0, 0xcf, 0x06, 0x78, 0x33, 0xc1, 0x9e, 0x0c, 0xf0, 0x67, 0x83, 0x3c, 0x19,
    0xe0, 0xcf, 0x06, 0x78, 0x33, 0xc1, 0x9e, 0x0c, 0xf0, 0x67, 0x83, 0x3c, 0x19, 0xe0, 0xcf, 0x06,
    0x78, 0x33, 0xc1, 0x9e, 0x0c, 0xf0, 0x67, 0x83, 0x3c, 0x19, 0xe0, 0xcf, 0x06, 0x78, 0x33, 0xc1,
    0x9e, 0x0c, 0xf0, 0x67, 0x83, 0x3c, 0x19, 0xe0, 0xcf, 0x06, 0x78, 0x33, 0xc1, 0x9e, 0x0c, 0xf0,
    0x67, 0x83, 0x3c, 0x19, 0xe0, 0xcf, 0x06, 0x78, 0x33, 0xc1, 0x9e, 0x0c, 0xf0, 0x67, 0x83, 0x3c,
    0x19, 0xe0, 0xcf, 0x06, 0x78, 0x33, 0xc1, 0x9e, 0x0c, 0xf0, 0x67, 0x83, 0x3c, 0x19, 0xe0, 0xcf,
    0x06, 0x78, 0x33, 0xc1, 0x9e, 0x0c, 0xf0, 0x67, 0x83, 0x3c, 0x19, 0xe0, 0xcf, 0x06, 0x78, 0x33,
    0xc1, 0x9e, 0x0c, 0xf0, 0x67, 0x83, 0x3a, 0x03, 0x00, 0xb6, 0x6a, 0xc3, 0x5e, 0x0c, 0xf0, 0x67,
    0x83, 0x3c, 0x19, 0xe0, 0xcf, 0x06, 0x78, 0x33, 0xc1, 0x9e, 0x0c, 0xf0, 0x67, 0x83, 0x3c, 0x19,
    0xe0, 0xcf, 0x06, 0x78, 0x33, 0xc1, 0x9e, 0x0c, 0xf0, 0x67, 0x83, 0x3c, 0x19, 0xe0, 0xcf, 0x06,
    0x78, 0x33, 0xc1, 0x9e, 0x0c, 0xf0, 0x67, 0x83, 0x3c, 0x19, 0xe0, 0xcf, 0x06, 0x78, 0x33, 0xc1,
    0x9e, 0x0c, 0xf0, 0x67, 0x83, 0x3c, 0x19, 0xe0, 0xcf, 0x06, 0x78, 0x33, 0xc1, 0x9e, 0x0c, 0xf0,
    0x67, 0x83, 0x3c, 0x19, 0xe0, 0xcf, 0x06, 0x78, 0x33, 0xc1, 0x9e, 0x0c, 0xf0, 0x67, 0x83, 0x3c,
    0x19, 0xe0, 0xcf, 0x06, 0x78, 0x33, 0xc1, 0x9e, 0x0c, 0xf0, 0x67, 0x83, 0x3c, 0x19, 0xe0, 0xcf,
    0x06, 0x78, 0x33, 0xc1, 0x9e, 0x0c, 0xf0, 0x67, 0x83, 0x3c, 0x19, 0xe0, 0xcf, 0x06, 0x78, 0x33,
    0xc1, 0x9e, 0x0c, 0xf0, 0x67, 0x83, 0x3c, 0x19, 0xe0, 0xcf, 0x06, 0x78, 0x33, 0xc1, 0x9e, 0x0c,
    0xf0, 0x67, 0x83, 0x3c, 0x19, 0xe0, 0xce, 0x80, 0xc0, 0x2d, 0x9a, 0xb0, 0xd7, 0x83, 0x3c, 0x19,
    0xe0, 0xcf, 0x06, 0x78, 0x33, 0xc1, 0x9e, 0x0c, 0xf0, 0x67, 0x83, 0x3c, 0x19, 0xe0, 0xcf, 0x06,
    0x78, 0x33, 0xc1, 0x9e, 0x0c, 0xf0, 0x67, 0x83, 0x3c, 0x19, 0xe0, 0xcf, 0x06, 0x78, 0x33, 0xc1,
    0x9e, 0x0c, 0xf0, 0x67, 0x83, 0x3c, 0x19, 0xe0, 0xcf, 0x06, 0x78, 0x33, 0xc1, 0x9e, 0x0c, 0xf0,
    0x67, 0x83, 0x3c, 0x19, 0xe0, 0xcf, 0x06, 0x78, 0x33, 0xc1, 0x9e, 0x0c, 0xf0, 0x67, 0x83, 0x3c,
    0x19, 0xe0, 0xcf, 0x06, 0x78, 0x33, 0xc1, 0x9e, 0x0c, 0xf0, 0x67, 0x83, 0x3c, 0x19, 0xe0, 0xcf,
    0x06, 0x78, 0x33, 0xc1, 0x9e, 0x0c, 0xf0, 0x67, 0x83, 0x3c, 0x19, 0xe0, 0xcf, 0x06, 0x78, 0x33,
    0xc1, 0x9e, 0x0c, 0xf0, 0x67, 0x83, 0x3c, 0x19, 0xe0, 0xcf, 0x06, 0x78, 0x33, 0xc1, 0x9e, 0x0c,
    0xf0, 0x67, 0x83, 0x3c, 0x19, 0xe0, 0xcf, 0x06, 0x78, 0x33, 0xc1, 0x9e, 0x0c, 0xf0, 0x67, 0x83,
    0x3c, 0x19, 0xe0, 0xcf, 0x06, 0x78, 0x33, 0xa0, 0x30, 0x0b, 0x66, 0xac, 0x35, 0xe0, 0xcf, 0x06,
    0x78, 0x33, 0xc1, 0x9e, 0x0c, 0xf0, 0x67, 0x83, 0x3c, 0x19, 0xe0, 0xcf, 0x06, 0x78, 0x33, 0xc1,
    0x9e, 0x0c, 0xf0, 0x67, 0x83, 0x3c, 0x19, 0xe0, 0xcf, 0x06, 0x78, 0x33, 0xc1, 0x9e, 0x0c, 0xf0,
    0x67, 0x83, 0x3c, 0x19, 0xe0, 0xcf, 0x06, 0x78, 0x33, 0xc1, 0x9e, 0x0c, 0xf0, 0x67, 0x83, 0x3c,
    0x19, 0xe0, 0xcf, 0x06, 0x78, 0x33, 0xc1, 0x9e, 0x0c, 0xf0, 0x67, 0x83, 0x3c, 0x19, 0xe0, 0xcf,
    0x06, 0x78, 0x33, 0xc1, 0x9e, 0x0c, 0xf0, 0x67, 0x83, 0x3c, 0x19, 0xe0, 0xcf, 0x06, 0x78, 0x33,
    0xc1, 0x9e, 0x0c, 0xf0, 0x67, 0x83, 0x3c, 0x19, 0xe0, 0xcf, 0x06, 0x78, 0x33, 0xc1, 0x9e, 0x0c,
    0xf0, 0x67, 0x83, 0x3c, 0x19, 0xe0, 0xcf, 0x06, 0x78, 0x33, 0xc1, 0x9e, 0x0c, 0xf0, 0x67, 0x83,
    0x3c, 0x19, 0xe0, 0xcf, 0x06, 0x78, 0x33, 0xc1, 0x9e, 0x0c, 0xf0, 0x67, 0x83, 0x3c, 0x19, 0xe0,
    0xcf, 0x06, 0x78, 0x33, 0xc1, 0x9e, 0x0c, 0xe8, 0x0c, 0x02, 0xd9, 0xab, 0x0d, 0x78, 0x33, 0xc1,
    0x9e, 0x0c, 0xf0, 0x67, 0x83, 0x3c, 0x19, 0xe0, 0xcf, 0x06, 0x78, 0x33, 0xc1, 0x9e, 0x0c, 0xf0,
    0x67, 0x83, 0x3c, 0x19, 0xe0, 0xcf, 0x06, 0x78, 0x33, 0xc1, 0x9e, 0x0c, 0xf0, 0x67, 0x83, 0x3c,
    0x19, 0xe0, 0xcf, 0x06, 0x78, 0x33, 0xc1, 0x9e, 0x0c, 0xf0, 0x67, 0x83, 0x3c, 0x19, 0xe0, 0xcf,
    0x06, 0x78, 0x33, 0xc1, 0x9e, 0x0c, 0xf0, 0x67, 0x83, 0x3c, 0x19, 0xe0, 0xcf, 0x06, 0x78, 0x33,
    0xc1, 0x9e, 0x0c, 0xf0, 0x67, 0x83, 0x3c, 0x19, 0xe0, 0xcf, 0x06, 0x78, 0x33, 0xc1, 0x9e, 0x0c,
    0xf0, 0x67, 0x83, 0x3c, 0x19, 0xe0, 0xcf, 0x06, 0x78, 0x33, 0xc1, 0x9e, 0x0c, 0xf0, 0x67, 0x83,
    0x3c, 0x19, 0xe0, 0xcf, 0x06, 0x78, 0x33, 0xc1, 0x9e, 0x0c, 0xf0, 0x67, 0x83, 0x3c, 0x19, 0xe0,
    0xcf, 0x06, 0x78, 0x33, 0xc1, 0x9e, 0x0c, 0xf0, 0x67, 0x83, 0x3c, 0x19, 0xe0, 0xcf, 0x06, 0x78,
    0x33, 0xc1, 0x9e, 0x0c, 0xf0, 0x67, 0x83, 0x3a, 0x03, 0x00, 0xb6, 0x6a, 0xc3, 0x5e, 0x0c, 0xf0,
    0x67, 0x83, 0x3c, 0x19, 0xe0, 0xcf, 0x06, 0x78, 0x33, 0xc1, 0x9e, 0x0c, 0xf0, 0x67, 0x83, 0x3c,
    0x19, 0xe0, 0xcf, 0x06, 0x78, 0x33, 0xc1, 0x9e, 0x0c, 0xf0, 0x67, 0x83, 0x3c, 0x19, 0xe0, 0xcf,
    0x06, 0x78, 0x33, 0xc1, 0x9e, 0x0c, 0xf0, 0x67, 0x83, 0x3c, 0x19, 0xe0, 0xcf, 0x06, 0x78, 0x33,
    0xc1, 0x9e, 0x0c, 0xf0, 0x67, 0x83, 0x3c, 0x19, 0xe0, 0xcf, 0x06, 0x78, 0x33, 0xc1, 0x9e, 0x0c,
    0xf0, 0x67, 0x83, 0x3c, 0x19, 0xe0, 0xcf, 0x06, 0x78, 0x33, 0xc1, 0x9e, 0x0c, 0xf0, 0x67, 0x83,
    0x3c, 0x19, 0xe0, 0xcf, 0x06, 0x78, 0x33, 0xc1, 0x9e, 0x0c, 0xf0, 0x67, 0x83, 0x3c, 0x19, 0xe0,
    0xcf, 0x06, 0x78, 0x33, 0xc1, 0x9e, 0x0c, 0xf0, 0x67, 0x83, 0x3c, 0x19, 0xe0, 0xcf, 0x06, 0x78,
    0x33, 0xc1, 0x9e, 0x0c, 0xf0, 0x67, 0x83, 0x3c, 0x19, 0xe0, 0xcf, 0x06, 0x78, 0x33, 0xc1, 0x9e,
    0x0c, 0xf0, 0x67, 0x83, 0x3c, 0x19, 0xe0, 0xce, 0x80, 0xc0, 0x2d, 0x9a, 0xb0, 0xd7, 0x83, 0x3c,
    0x19, 0xe0, 0xcf, 0x06, 0x78, 0x33, 0xc1, 0x9e, 0x0c, 0xf0, 0x67, 0x83, 0x3c, 0x19, 0xe0, 0xcf,
    0x06, 0x78, 0x33, 0xc1, 0x9e, 0x0c, 0xf0, 0x67, 0x83, 0x3c, 0x19, 0xe0, 0xcf, 0x06, 0x78, 0x33,
    0xc1, 0x9e, 0x0c, 0xf0, 0x67, 0x83, 0x3c, 0x19, 0xe0, 0xcf, 0x06, 0x78, 0x33, 0xc1, 0x9e, 0x0c,
    0xf0, 0x67, 0x83, 0x3c, 0x19, 0xe0, 0xcf, 0x06, 0x78, 0x33, 0xc1, 0x9e, 0x0c, 0xf0, 0x67, 0x83,
    0x3c, 0x19, 0xe0, 0xcf, 0x06, 0x78, 0x33, 0xc1, 0x9e, 0x0c, 0xf0, 0x67, 0x83, 0x3c, 0x19, 0xe0,
    0xcf, 0x06, 0x78, 0x33, 0xc1, 0x9e, 0x0c, 0xf0, 0x67, 0x83, 0x3c, 0x19, 0xe0, 0xcf, 0x06, 0x78,
    0x33, 0xc1, 0x9e, 0x0c, 0xf0, 0x67, 0x83, 0x3c, 0x19, 0xe0, 0xcf, 0x06, 0x78, 0x33, 0xc1, 0x9e,
    0x0c, 0xf0, 0x67, 0x83, 0x3c, 0x19, 0xe0, 0xcf, 0x06, 0x78, 0x33, 0xc1, 0x9e, 0x0c, 0xf0, 0x67,
    0x83, 0x3c, 0x19, 0xe0, 0xcf, 0x06, 0x78, 0x33, 0xc1, 0x9e, 0x0c, 0xf0, 0x67, 0x83, 0x3c, 0x19,
    0xe0, 0xcf, 0x06, 0x78, 0x33, 0xc1, 0x9e, 0x0c, 0xf0, 0x67, 0x83, 0x3c, 0x19, 0xe0, 0xcf, 0x06,
    0x78, 0x33, 0xc1, 0x9e, 0x0c, 0xf0, 0x67, 0x83, 0x3c, 0x19, 0xe0, 0xcf, 0x06, 0x78, 0x33, 0xc1,
    0x9e, 0x0c, 0xf0, 0x67, 0x83, 0x3c, 0x19, 0xe0, 0xcf, 0x06, 0x78, 0x33, 0xc1, 0x9e, 0x0c, 0xf0,
    0x67, 0x83, 0x3c, 0x19, 0xe0, 0xcf, 0x06, 0x78, 0x33, 0xc1, 0x9e, 0x0c, 0xf0, 0x67, 0x83, 0x3c,
    0x19, 0xe0, 0xcf, 0x06, 0x78, 0x33, 0xc1, 0x9e, 0x0c, 0xf0, 0x67, 0x83, 0x3c, 0x19, 0xe0, 0xcf,
    0x06, 0x78, 0x33, 0xc1, 0x9e, 0x0c, 0xf0, 0x67, 0x83, 0x3c, 0x19, 0xe0, 0xcf, 0x06, 0x78, 0x33,
    0xc1, 0x9e, 0x0c, 0xf0, 0x67, 0x83, 0x3c, 0x19, 0xe0, 0xcf, 0x06, 0x78, 0x33, 0xc1, 0x9e, 0x0c,
    0xf0, 0x67, 0x83, 0x3c, 0x19, 0xe0, 0xcf, 0x06, 0x78, 0x33, 0xc1, 0x9e, 0x0c, 0xf0, 0x67, 0x83,
    0x3c, 0x19, 0xe0, 0xcf, 0x80, 0x40, 0x60, 0x16, 0xcd, 0x58, 0x6b, 0xc1, 0x9e, 0x0c, 0xf0, 0x67,
    0x83, 0x3c, 0x19, 0xe0, 0xcf, 0x06, 0x78, 0x33, 0xc1, 0x9e, 0x0c, 0xf0, 0x67, 0x83, 0x3c, 0x19,
    0xe0, 0xcf, 0x06, 0x78, 0x33, 0xc1, 0x9e, 0x0c, 0xf0, 0x67, 0x83, 0x3c, 0x19, 0xe0, 0xcf, 0x06,
    0x78, 0x33, 0xc1, 0x9e, 0x0c, 0xf0, 0x67, 0x83, 0x3c, 0x19, 0xe0, 0xcf, 0x06, 0x78, 0x33, 0xc1,
    0x9e, 0x0c, 0xf0, 0x67, 0x83, 0x3c, 0x19, 0xe0, 0xcf, 0x06, 0x78, 0x33, 0xc1, 0x9e, 0x0c, 0xf0,
    0x67, 0x83, 0x3c, 0x19, 0xe0, 0xcf, 0x06, 0x78, 0x33, 0xc1, 0x9e, 0x0c, 0xf0, 0x67, 0x83, 0x3c,
    0x19, 0xe0, 0xcf, 0x06, 0x78, 0x33, 0xc1, 0x9e, 0x0c, 0xf0, 0x67, 0x83, 0x3c, 0x19, 0xe0, 0xcf,
    0x06, 0x78, 0x33, 0xc1, 0x9e, 0x0c, 0xf0, 0x67, 0x83, 0x3c, 0x19, 0xe0, 0xcf, 0x06, 0x78, 0x33,
    0xc1, 0x9e, 0x0c, 0xf0, 0x67, 0x83, 0x3c, 0x19, 0xe0, 0xcf, 0x06, 0x78, 0x33, 0xc1, 0x9e, 0x0c,
    0xf0, 0x67, 0x83, 0x3c, 0x19, 0xd0, 0x18, 0x05, 0xb3, 0x56, 0x1a, 0xf0, 0x67, 0x83, 0x3c, 0x19,
    0xe0, 0xcf, 0x06, 0x78, 0x33, 0xc1, 0x9e, 0x0c, 0xf0, 0x67, 0x83, 0x3c, 0x19, 0xe0, 0xcf, 0x06,
    0x78, 0x33, 0xc1, 0x9e, 0x0c, 0xf0, 0x67, 0x83, 0x3c, 0x19, 0xe0, 0xcf, 0x06, 0x78, 0x33, 0xc1,
    0x9e, 0x0c, 0xf0, 0x67, 0x83, 0x3c, 0x19, 0xe0, 0xcf, 0x06, 0x78, 0x33, 0xc1, 0x9e, 0x0c, 0xf0,
    0x67, 0x83, 0x3c, 0x19, 0xe0, 0xcf, 0x06, 0x78, 0x33, 0xc1, 0x9e, 0x0c, 0xf0, 0x67, 0x83, 0x3c,
    0x19, 0xe0, 0xcf, 0x06, 0x78, 0x33, 0xc1, 0x9e, 0x0c, 0xf0, 0x67, 0x83, 0x3c, 0x19, 0xe0, 0xcf,
    0x06, 0x78, 0x33, 0xc1, 0x9e, 0x0c, 0xf0, 0x67, 0x83, 0x3c, 0x19, 0xe0, 0xcf, 0x06, 0x78, 0x33,
    0xc1, 0x9e, 0x0c, 0xf0, 0x67, 0x83, 0x3c, 0x19, 0xe0, 0xcf, 0x06, 0x78, 0x33, 0xc1, 0x9e, 0x0c,
    0xf0, 0x67, 0x83, 0x3c, 0x19, 0xe0, 0xcf, 0x06, 0x78, 0x33, 0xc1, 0x9e, 0x0c, 0xf0, 0x67, 0x83,
    0x3c, 0x19, 0xe0, 0xcf, 0x06, 0x74, 0x06, 0x01, 0x6c, 0xd5, 0x86, 0xbc, 0x19, 0xe0, 0xcf, 0x06,
    0x78, 0x33, 0xc1, 0x9e, 0x0c, 0xf0, 0x67, 0x83, 0x3c, 0x19, 0xe0, 0xcf, 0x06, 0x78, 0x33, 0xc1,
    0x9e, 0x0c, 0xf0, 0x67, 0x83, 0x3c, 0x19, 0xe0, 0xcf, 0x06, 0x78, 0x33, 0xc1, 0x9e, 0x0c, 0xf0,
    0x67, 0x83, 0x3c, 0x19, 0xe0, 0xcf, 0x06, 0x78, 0x33, 0xc1, 0x9e, 0x0c, 0xf0, 0x67, 0x83, 0x3c,
    0x19, 0xe0, 0xcf, 0x06, 0x78, 0x33, 0xc1, 0x9e, 0x0c, 0xf0, 0x67, 0x83, 0x3c, 0x19, 0xe0, 0xcf,
    0x06, 0x78, 0x33, 0xc1, 0x9e, 0x0c, 0xf0, 0x67, 0x83, 0x3c, 0x19, 0xe0, 0xcf, 0x06, 0x78, 0x33,
    0xc1, 0x9e, 0x0c, 0xf0, 0x67, 0x83, 0x3c, 0x19, 0xe0, 0xcf, 0x06, 0x78, 0x33, 0xc1, 0x9e, 0x0c,
    0xf0, 0x67, 0x83, 0x3c, 0x19, 0xe0, 0xcf, 0x06, 0x78, 0x33, 0xc1, 0x9e, 0x0c, 0xf0, 0x67, 0x83,
    0x3c, 0x19, 0xe0, 0xcf, 0x06, 0x78, 0x33, 0xc1, 0x9e, 0x0c, 0xf0, 0x67, 0x83, 0x3c, 0x19, 0xe0,
    0xcf, 0x06, 0x78, 0x33, 0xc1, 0x9d, 0x01, 0x80, 0x5b, 0x35, 0x61, 0xaf, 0x06, 0x78, 0x33, 0xc1,
    0x9e, 0x0c, 0xf0, 0x67, 0x83, 0x3c, 0x19, 0xe0, 0xcf, 0x06, 0x78, 0x33, 0xc1, 0x9e, 0x0c, 0xf0,
    0x67, 0x83, 0x3c, 0x19, 0xe0, 0xcf, 0x06, 0x78, 0x33, 0xc1, 0x9e, 0x0c, 0xf0, 0x67, 0x83, 0x3c,
    0x19, 0xe0, 0xcf, 0x06, 0x78, 0x33, 0xc1, 0x9e, 0x0c, 0xf0, 0x67, 0x83, 0x3c, 0x19, 0xe0, 0xcf,
    0x06, 0x78, 0x33, 0xc1, 0x9e, 0x0c, 0xf0, 0x67, 0x83, 0x3c, 0x19, 0xe0, 0xcf, 0x06, 0x78, 0x33,
    0xc1, 0x9e, 0x0c, 0xf0, 0x67, 0x83, 0x3c, 0x19, 0xe0, 0xcf, 0x06, 0x78, 0x33, 0xc1, 0x9e, 0x0c,
    0xf0, 0x67, 0x83, 0x3c, 0x19, 0xe0, 0xcf, 0x06, 0x78, 0x33, 0xc1, 0x9e, 0x0c, 0xf0, 0x67, 0x83,
    0x3c, 0x19, 0xe0, 0xcf, 0x06, 0x78, 0x33, 0xc1, 0x9e, 0x0c, 0xf0, 0x67, 0x83, 0x3c, 0x19, 0xe0,
    0xcf, 0x06, 0x78, 0x33, 0xc1, 0x9e, 0x0c, 0xf0, 0x67, 0x83, 0x3c, 0x19, 0xe0, 0xcf, 0x06, 0x78,
    0x33, 0xc1, 0x9e, 0x0c, 0xf0, 0x67, 0x40, 0x60, 0x16, 0xcd, 0x58, 0x6b, 0xc1, 0x9e, 0x0c, 0xf0,
    0x67, 0x83, 0x3c, 0x19, 0xe0, 0xcf, 0x06, 0x78, 0x33, 0xc1, 0x9e, 0x0c, 0xf0, 0x67, 0x83, 0x3c,
    0x19, 0xe0, 0xcf, 0x06, 0x78, 0x33, 0xc1, 0x9e, 0x0c, 0xf0, 0x67, 0x83, 0x3c, 0x19, 0xe0, 0xcf,
    0x06, 0x78, 0x33, 0xc1, 0x9e, 0x0c, 0xf0, 0x67, 0x83, 0x3c, 0x19, 0xe0, 0xcf, 0x06, 0x78, 0x33,
    0xc1, 0x9e, 0x0c, 0xf0, 0x67, 0x83, 0x3c, 0x19, 0xe0, 0xcf, 0x06, 0x78, 0x33, 0xc1, 0x9e, 0x0c,
    0xf0, 0x67, 0x83, 0x3c, 0x19, 0xe0, 0xcf, 0x06, 0x78, 0x33, 0xc1, 0x9e, 0x0c, 0xf0, 0x67, 0x83,
    0x3c, 0x19, 0xe0, 0xcf, 0x06, 0x78, 0x33, 0xc1, 0x9e, 0x0c, 0xf0, 0x67, 0x83, 0x3c, 0x19, 0xe0,
    0xcf, 0x06, 0x78, 0x33, 0xc1, 0x9e, 0x0c, 0xf0, 0x67, 0x83, 0x3c, 0x19, 0xe0, 0xcf, 0x06, 0x78,
    0x33, 0xc1, 0x9e, 0x0c, 0xf0, 0x67, 0x83, 0x3c, 0x19, 0xe0, 0xcf, 0x06, 0x78, 0x33, 0xc1, 0x9e,
    0x0c, 0xf0, 0x67, 0x83, 0x3c, 0x19, 0xd0, 0x18, 0x05, 0xb3, 0x56, 0x1a, 0xf0, 0x67, 0x83, 0x3c,
    0x19, 0xe0, 0xcf, 0x06, 0x78, 0x33, 0xc1, 0x9e, 0x0c, 0xf0, 0x67, 0x83, 0x3c, 0x19, 0xe0, 0xcf,
    0x06, 0x78, 0x33, 0xc1, 0x9e, 0x0c, 0xf0, 0x67, 0x83, 0x3c, 0x19, 0xe0, 0xcf, 0x06, 0x78, 0x33,
    0xc1, 0x9e, 0x0c, 0xf0, 0x67, 0x83, 0x3c, 0x19, 0xe0, 0xcf, 0x06, 0x78, 0x33, 0xc1, 0x9e, 0x0c,
    0xf0, 0x67, 0x83, 0x3c, 0x19, 0xe0, 0xcf, 0x06, 0x78, 0x33, 0xc1, 0x9e, 0x0c, 0xf0, 0x67, 0x83,
    0x3c, 0x19, 0xe0, 0xcf, 0x06, 0x78, 0x33, 0xc1, 0x9e, 0x0c, 0xf0, 0x67, 0x83, 0x3c, 0x19, 0xe0,
    0xcf, 0x06, 0x78, 0x33, 0xc1, 0x9e, 0x0c, 0xf0, 0x67, 0x83, 0x3c, 0x19, 0xe0, 0xcf, 0x06, 0x78,
    0x33, 0xc1, 0x9e, 0x0c, 0xf0, 0x67, 0x83, 0x3c, 0x19, 0xe0, 0xcf, 0x06, 0x78, 0x33, 0xc1, 0x9e,
    0x0c, 0xf0, 0x67, 0x83, 0x3c, 0x19, 0xe0, 0xcf, 0x06, 0x78, 0x33, 0xc1, 0x9e, 0x0c, 0xf0, 0x67,
    0x83, 0x3c, 0x19, 0xe0, 0xcf, 0x06, 0x74, 0x06, 0x01, 0x6c, 0xd5, 0x86, 0xbc, 0x19, 0xe0, 0xcf,
    0x06, 0x78, 0x33, 0xc1, 0x9e, 0x0c, 0xf0, 0x67, 0x83, 0x3c, 0x19, 0xe0, 0xcf, 0x06, 0x78, 0x33,
    0xc1, 0x9e, 0x0c, 0xf0, 0x67, 0x83, 0x3c, 0x19, 0xe0, 0xcf, 0x06, 0x78, 0x33, 0xc1, 0x9e, 0x0c,
    0xf0, 0x67, 0x83, 0x3c, 0x19, 0xe0, 0xcf, 0x06, 0x78, 0x33, 0xc1, 0x9e, 0x0c, 0xf0, 0x67, 0x83,
    0x3c, 0x19, 0xe0, 0xcf, 0x06, 0x78, 0x33, 0xc1, 0x9e, 0x0c, 0xf0, 0x67, 0x83, 0x3c, 0x19, 0xe0,
    0xcf, 0x06, 0x78, 0x33, 0xc1, 0x9e, 0x0c, 0xf0, 0x67, 0x83, 0x3c, 0x19, 0xe0, 0xcf, 0x06, 0x78,
    0x33, 0xc1, 0x9e, 0x0c, 0xf0, 0x67, 0x83, 0x3c, 0x19, 0xe0, 0xcf, 0x06, 0x78, 0x33, 0xc1, 0x9e,
    0x0c, 0xf0, 0x67, 0x83, 0x3c, 0x19, 0xe0, 0xcf, 0x06, 0x78, 0x33, 0xc1, 0x9e, 0x0c, 0xf0, 0x67,
    0x83, 0x3c, 0x19, 0xe0, 0xcf, 0x06, 0x78, 0x33, 0xc1, 0x9e, 0x0c, 0xf0, 0x67, 0x83, 0x3c, 0x19,
    0xe0, 0xcf, 0x06, 0x78, 0x33, 0xc1, 0x9d, 0x01, 0x80, 0x5b, 0x35, 0x61, 0xaf, 0x06, 0x78, 0x33,
    0xc1, 0x9e, 0x0c, 0xf0, 0x67, 0x83, 0x3c, 0x19, 0xe0, 0xcf, 0x06, 0x78, 0x33, 0xc1, 0x9e, 0x0c,
    0xf0, 0x67, 0x83, 0x3c, 0x19, 0xe0, 0xcf, 0x06, 0x78, 0x33, 0xc1, 0x9e, 0x0c, 0xf0, 0x67, 0x83,
    0x3c, 0x19, 0xe0, 0xcf, 0x06, 0x78, 0x33, 0xc1, 0x9e, 0x0c, 0xf0, 0x67, 0x83, 0x3c, 0x19, 0xe0,
    0xcf, 0x06, 0x78, 0x33, 0xc1, 0x9e, 0x0c, 0xf0, 0x67, 0x83, 0x3c, 0x19, 0xe0, 0xcf, 0x06, 0x78,
    0x33, 0xc1, 0x9e, 0x0c, 0xf0, 0x67, 0x83, 0x3c, 0x19, 0xe0, 0xcf, 0x06, 0x78, 0x33, 0xc1, 0x9e,
    0x0c, 0xf0, 0x67, 0x83, 0x3c, 0x19, 0xe0, 0xcf, 0x06, 0x78, 0x33, 0xc1, 0x9e, 0x0c, 0xf0, 0x67,
    0x83, 0x3c, 0x19, 0xe0, 0xcf, 0x06, 0x78, 0x33, 0xc1, 0x9e, 0x0c, 0xf0, 0x67, 0x83, 0x3c, 0x19,
    0xe0, 0xcf, 0x06, 0x78, 0x33, 0xc1, 0x9e, 0x0c, 0xf0, 0x67, 0x83, 0x3c, 0x19, 0xe0, 0xcf, 0x06,
    0x78, 0x33, 0xc1, 0x9e, 0x0c, 0xf0, 0x67, 0x83, 0x3c, 0x19, 0xe0, 0xcf, 0x06, 0x78, 0x33, 0xc1,
    0x9e, 0x0c, 0xf0, 0x67, 0x83, 0x3c, 0x19, 0xe0, 0xcf, 0x06, 0x78, 0x33, 0xc1, 0x9e, 0x0c, 0xf0,
    0x67, 0x83, 0x3c, 0x19, 0xe0, 0xcf, 0x06, 0x78, 0x33, 0xc1, 0x89, 0x02, 0xa8, 0x03, 0x62, 0x89,
    0x2f, 0x06, 0xf8, 0x37, 0xc1, 0xbe, 0x0d, 0xf0, 0x6f, 0x83, 0x7c, 0x1b, 0xe0, 0xde, 0x52, 0xf8,
    0x33, 0xc1, 0x9e, 0x0c, 0xf0, 0x67, 0x83, 0x3c, 0x19, 0xe0, 0xcf, 0x06, 0x78, 0x33, 0xc1, 0x9e,
    0x0c, 0xf0, 0x67, 0x83, 0x3c, 0x19, 0xe0, 0xcf, 0x06, 0x78, 0x33, 0xc1, 0x9e, 0x0c, 0xf0, 0x67,
    0x83, 0x3c, 0x19, 0xe0, 0xcf, 0x06, 0x78, 0x33, 0xc1, 0x9e, 0x0c, 0xf0, 0x67, 0x83, 0x3c, 0x19,
    0xb0, 0x2a, 0x80, 0x36, 0x28, 0x92, 0xf0, 0x6f, 0x83, 0x7c, 0x1b, 0x45, 0x1f, 0x06, 0x78, 0x33,
    0xc1, 0x9e, 0x0c, 0xf0, 0x67, 0x83, 0x3c, 0x19, 0xe0, 0xcf, 0x06, 0x78, 0x33, 0xc1, 0x9e, 0x0c,
    0xf0, 0x67, 0x83, 0x3c, 0x19, 0xe0, 0xcf, 0x06, 0x78, 0x33, 0xc1, 0x9e, 0x0c, 0xf0, 0x67, 0x80,
    0x1e, 0x03, 0x00, 0xb6, 0x6a, 0xc3, 0x5e, 0x0c, 0xf0, 0x67, 0x83, 0x3c, 0x19, 0xe0, 0xcf, 0x06,
    0x78, 0x33, 0xc1, 0x9e, 0x0c, 0xf0, 0x67, 0x83, 0x3c, 0x19, 0xe0, 0xcf, 0x06, 0x78, 0x33, 0xc1,
    0x9e, 0x0c, 0xf0, 0x67, 0x83, 0x22, 0x05, 0x50, 0x06, 0xc5, 0x12, 0x5e, 0x0d, 0xe1, 0xaf, 0x83,
    0x3c, 0x19, 0xe0, 0xcf, 0x06, 0x78, 0x33, 0xc1, 0x9e, 0x0c, 0xf0, 0x67, 0x83, 0x3c, 0x19, 0xe0,
    0xcf, 0x06, 0x78, 0x33, 0xc1, 0x9e, 0x0c, 0xf0, 0x67, 0x83, 0x3c, 0x19, 0xe0, 0xcf, 0x06, 0x78,
    0x33, 0xc1, 0x9e, 0x0c, 0xf0, 0x67, 0x83, 0x3c, 0x19, 0xe0, 0xcf, 0x06, 0x78, 0x33, 0xc1, 0x9e,
    0x0c, 0xf0, 0x67, 0x83, 0x3c, 0x19, 0xe0, 0xcf, 0x06, 0x78, 0x33, 0xc1, 0x9e, 0x0c, 0xf0, 0x64,
    0xc0, 0xaa, 0x00, 0xd8, 0xa2, 0x4b, 0xc4, 0xfe, 0x0c, 0xf0, 0x67, 0x83, 0x3c, 0x19, 0xe0, 0xcf,
    0x06, 0x78, 0x33, 0xc1, 0x9e, 0x0c, 0xf0, 0x67, 0x83, 0x3c, 0x19, 0xe0, 0xcf, 0x06, 0x78, 0x33,
    0xc1, 0x9e, 0x0c, 0xf0, 0x67, 0x83, 0x3c, 0x19, 0xe0, 0xcf, 0x06, 0x78, 0x01, 0x60, 0x30, 0x0b,
    0x66, 0xac, 0x35, 0xe0, 0xcf, 0x06, 0x78, 0x33, 0xc1, 0x9e, 0x0c, 0xf0, 0x67, 0x83, 0x3c, 0x19,
    0xe0, 0xcf, 0x06, 0x78, 0x33, 0xc1, 0x9e, 0x0c, 0xf0, 0x67, 0x83, 0x3c, 0x19, 0xe0, 0xcf, 0x06,
    0x78, 0x33, 0xc1, 0x9e, 0x0c, 0xf0, 0x67, 0x83, 0x3c, 0x19, 0xe0, 0xcf, 0x06, 0x78, 0x33, 0xc1,
    0x9e, 0x0c, 0xf0, 0x67, 0x83, 0x3c, 0x19, 0xe0, 0xcf, 0x06, 0x78, 0x33, 0xc1, 0x9e, 0x0c, 0xf0,
    0x67, 0x83, 0x3c, 0x19, 0xe0, 0xc7, 0x81, 0x5c, 0x01, 0xb1, 0xc6, 0xc2, 0x09, 0xfc, 0x19, 0xe0,
    0xcf, 0x06, 0x78, 0x33, 0xc1, 0x9e, 0x0c, 0xf0, 0x67, 0x83, 0x3c, 0x19, 0xe0, 0xcf, 0x06, 0x78,
    0x33, 0xc1, 0x9e, 0x0c, 0xf0, 0x67, 0x83, 0x3c, 0x19, 0xe0, 0xcf, 0x06, 0x78, 0x33, 0xc1, 0x9e,
    0x0c, 0xf0, 0x67, 0x83, 0x3c, 0x19, 0xe0, 0xcf, 0x06, 0x78, 0x33, 0xc1, 0x9e, 0x0c, 0xf0, 0x67,
    0x83, 0x3c, 0x19, 0xe0, 0xcf, 0x06, 0x78, 0x33, 0xc1, 0x9e, 0x0c, 0xf0, 0x67, 0x83, 0x3c, 0x19,
    0xe0, 0xcf, 0x06, 0x54, 0x06, 0x01, 0x6c, 0xd5, 0x86, 0xbc, 0x19, 0xe0, 0xcf, 0x06, 0x78, 0x33,
    0xc1, 0x9e, 0x0c, 0xf0, 0x67, 0x83, 0x3c, 0x19, 0xe0, 0xc9, 0x81, 0x5c, 0x01, 0xb1, 0xc6, 0xc2,
    0x09, 0xfc, 0x19, 0xe0, 0xcf, 0x06, 0x78, 0x33, 0xc1, 0x9e, 0x0c, 0xf0, 0x67, 0x83, 0x3d, 0x39,
    0xe2, 0x7f, 0x06, 0x78, 0x33, 0xc1, 0x9e, 0x0c, 0xf0, 0x67, 0x83, 0x3c, 0x19, 0xe0, 0xcf, 0x06,
    0x78, 0x33, 0xc1, 0x9e, 0x0c, 0xf0, 0x67, 0x83, 0x3c, 0x19, 0xe0, 0xcf, 0x06, 0x78, 0x33, 0xc1,
    0x9e, 0x0c, 0x28, 0x15, 0xc0, 0x1b, 0x1c, 0x6c, 0x20, 0x6b, 0xc3, 0x5e, 0x42, 0xf0, 0x67, 0x83,
    0x3c, 0x19, 0xe0, 0xcf, 0x06, 0x78, 0x33, 0xc1, 0x9e, 0x0c, 0xf0, 0x67, 0x83, 0x3c, 0x19, 0xe0,
    0xcf, 0x06, 0x78, 0x33, 0xc1, 0x9e, 0x0c, 0xf0, 0x67, 0x83, 0x3c, 0x19, 0xe0, 0xcf, 0x06, 0x78,
    0x33, 0xc1, 0x9e, 0x0c, 0xf0, 0x67, 0x83, 0x3c, 0x19, 0xe0, 0xcf, 0x06, 0x78, 0x33, 0xc1, 0x9e,
    0x0c, 0xf0, 0x67, 0x83, 0x3c, 0x19, 0xe0, 0xcf, 0x06, 0x78, 0x33, 0xc1, 0x9e, 0x0c, 0xf0, 0x65,
    0xc0, 0x60, 0x16, 0xcd, 0x58, 0x6b, 0xc1, 0x9e, 0x0c, 0xf0, 0x67, 0x83, 0x3c, 0x19, 0xe0, 0xcf,
    0x06, 0x78, 0x33, 0xc1, 0x9e, 0x0c, 0xf0, 0x67, 0x83, 0x3c, 0x19, 0xe0, 0xcf, 0x06, 0x78, 0x33,
    0xc1, 0x9e, 0x0c, 0xf0, 0x67, 0x83, 0x3c, 0x19, 0xe0, 0xcf, 0x06, 0x78, 0x33, 0xc1, 0x9e, 0x0c,
    0xf0, 0x67, 0x83, 0x3c, 0x19, 0xe0, 0xcf, 0x06, 0x78, 0x33, 0xc1, 0x9e, 0x0c, 0xf0, 0x67, 0x83,
    0x3c, 0x19, 0xe0, 0xcf, 0x06, 0x78, 0x33, 0xc1, 0x9e, 0x0c, 0xf0, 0x67, 0x83, 0x3c, 0x19, 0xe0,
    0xcf, 0x06, 0x78, 0x33, 0xc1, 0x9e, 0x0c, 0xf0, 0x67, 0x83, 0x3c, 0x19, 0xe0, 0xcf, 0x06, 0x78,
    0x33, 0xc1, 0x9e, 0x0c, 0xf0, 0x67, 0x83, 0x3c, 0x19, 0x90, 0x2a, 0x80, 0x36, 0x28, 0x92, 0xf0,
    0x6f, 0x0d, 0x7c, 0x19, 0xe0, 0xcf, 0x06, 0x78, 0x33, 0xc1, 0x9e, 0x0c, 0xf0, 0x67, 0x83, 0x3c,
    0x19, 0xe0, 0xcf, 0x06, 0x78, 0x33, 0xc1, 0x2d, 0x09, 0x01, 0x95, 0x7b, 0x50, 0x1a, 0xf0, 0xd7,
    0x86, 0xbc, 0x19, 0xe0, 0xcf, 0x06, 0x79, 0x3b, 0xc3, 0x5e, 0x1a, 0xc1, 0x47, 0x94, 0x3c, 0x19,
    0xe0, 0xcf, 0x06, 0x78, 0x33, 0xc1, 0x9e, 0x0c, 0xf0, 0x67, 0x83, 0x3c, 0x19, 0xe0, 0xcf, 0x06,
    0x78, 0x33, 0xc1, 0x9e, 0x0c, 0xf0, 0x67, 0x83, 0x3c, 0x19, 0xe0, 0xcf, 0x06, 0x78, 0x33, 0xc1,
    0x9e, 0x0c, 0xf0, 0x67, 0x83, 0x3c, 0x19, 0xe0, 0xcf, 0x06, 0x78, 0x33, 0xc1, 0x9e, 0x0c, 0xf0,
    0x67, 0x83, 0x3c, 0x19, 0xe0, 0xcf, 0x06, 0x78, 0x33, 0xc1, 0x9e, 0x0c, 0xf0, 0x67, 0x83, 0x3c,
    0x19, 0xe0, 0xcf, 0x06, 0x78, 0x33, 0xc1, 0x9e, 0x0c, 0xf0, 0x67, 0x83, 0x3c, 0x19, 0xe0, 0xcf,
    0x06, 0x78, 0x33, 0xc1, 0x9e, 0x0c, 0xf0, 0x67, 0x83, 0x3c, 0x19, 0xe0, 0xcf, 0x06, 0x78, 0x33,
    0xc1, 0x9e, 0x0c, 0xf0, 0x67, 0x83, 0x3c, 0x19, 0xe0, 0xcf, 0x06, 0x78, 0x33, 0xc1, 0x9e, 0x0c,
    0xf0, 0x67, 0x83, 0x3c, 0x19, 0xe0, 0xcf, 0x06, 0x78, 0x33, 0xc1, 0x9e, 0x0c, 0xf0, 0x67, 0x83,
    0x3c, 0x19, 0xe0, 0xcf, 0x06, 0x78, 0x33, 0xc1, 0x9e, 0x0c, 0xf0, 0x67, 0x83, 0x3c, 0x19, 0xe0,
    0xcf, 0x06, 0x78, 0x33, 0xc1, 0x9e, 0x0c, 0xf0, 0x67, 0x83, 0x3c, 0x19, 0xe0, 0xcf, 0x06, 0x78,
    0x33, 0xc1, 0x9e, 0x0c, 0xf0, 0x67, 0x83, 0x3c, 0x19, 0xe0, 0xcf, 0x06, 0x78, 0x33, 0xc1, 0x9e,
    0x0c, 0xf0, 0x67, 0x83, 0x3c, 0x19, 0xe0, 0xcf, 0x06, 0x78, 0x33, 0xc1, 0x9e, 0x0c, 0xf0, 0x67,
    0x83, 0x3c, 0x19, 0xe0, 0xcf, 0x06, 0x78, 0x33, 0xc1, 0x9e, 0x0c, 0xf0, 0x67, 0x83, 0x3c, 0x19,
    0xe0, 0xcf, 0x06, 0x78, 0x33, 0xc1, 0x9e, 0x0c, 0xf0, 0x67, 0x83, 0x3c, 0x19, 0xe0, 0xcf, 0x06,
    0x78, 0x33, 0xc1, 0x9e, 0x0c, 0xf0, 0x67, 0x83, 0x3c, 0x19, 0xe0, 0xcf, 0x06, 0x78, 0x33, 0xc1,
    0x9e, 0x0c, 0xf0, 0x67, 0x83, 0x3c, 0x19, 0xe0, 0xcf, 0x06, 0x78, 0x33, 0xc1, 0x9e, 0x0c, 0xf0,
    0x67, 0x83, 0x3c, 0x19, 0xe0, 0xcf, 0x06, 0x78, 0x33, 0xc1, 0x9e, 0x0c, 0xf0, 0x67, 0x83, 0x3c,
    0x19, 0xe0, 0xcf, 0x06, 0x78, 0x33, 0xc1, 0x8b, 0x90, 0xa0, 0xce, 0x32, 0x14, 0x08, 0x94, 0x22,
    0x05, 0x41, 0x80, 0x52, 0x24, 0x10, 0x98, 0x24, 0x06, 0x21, 0x4c, 0x91, 0x42, 0x70, 0x1e, 0x5a,
    0x48, 0x5c, 0x60, 0x9c, 0x01, 0x2b, 0xd0, 0xbe, 0x20, 0xd1, 0xa7, 0x4a, 0x61, 0x3c, 0x4b, 0x0c,
    0xe3, 0x19, 0x27, 0x88, 0xe1, 0x3c, 0x53, 0x0c, 0xe5, 0x1a, 0x25, 0x88, 0xa1, 0x54, 0x61, 0x13,
    0x0d, 0x78, 0x58, 0x60, 0xb4, 0x01, 0x23, 0xc4, 0xbd, 0xe0, 0xd1, 0xcc, 0x51, 0x40, 0x43, 0x44,
    0x89, 0xc2, 0x30, 0x56, 0x12, 0x21, 0xe1, 0x28, 0x32, 0x0c, 0x04, 0x92, 0x21, 0x00, 0x87, 0xf2,
    0xcd, 0xfd, 0x84, 0x92, 0xc4, 0x30, 0x9a, 0x28, 0x86, 0x52, 0x84, 0x43, 0x4a, 0x54, 0x4f, 0x11,
    0xc2, 0xb8, 0xc6, 0x24, 0xd2, 0x51, 0x1f, 0x1e, 0xf4, 0x1b, 0xac, 0x9f, 0x06, 0x78, 0x33, 0xc1,
    0x9e, 0x0c, 0xf0, 0x67, 0x83, 0x3c, 0x19, 0xe0, 0xcf, 0x06, 0x78, 0x33, 0xc1, 0x9e, 0x0c, 0xf0,
    0x67, 0x83, 0x3c, 0x18, 0xd8, 0x49, 0x2c, 0x43, 0x09, 0xa2, 0x88, 0x65, 0x28, 0x51, 0x2c, 0x45,
    0x0a, 0xa3, 0x08, 0xa5, 0x44, 0xf1, 0x1c, 0x2b, 0x8c, 0x62, 0x4d, 0x25, 0x11, 0xf6, 0x62, 0x89,
    0x13, 0x84, 0x60, 0xac, 0x31, 0x0a, 0x64, 0x8a, 0x13, 0x84, 0xa0, 0xcc, 0x31, 0x12, 0x48, 0x84,
    0x13, 0x05, 0x00, 0xf0, 0x7f, 0x84, 0x7d, 0x4e, 0x91, 0xc2, 0x78, 0x96, 0x19, 0xc6, 0x32, 0x4f,
    0x11, 0xc2, 0x78, 0xa6, 0x19, 0xca, 0x31, 0x35, 0x37, 0x12, 0x71, 0x1f, 0x64, 0x28, 0x11, 0x28,
    0x44, 0x0a, 0x83, 0x00, 0xa4, 0x48, 0x21, 0x30, 0x48, 0x0c, 0x83, 0x00, 0x4d, 0x4f, 0x84, 0x53,
    0xfe, 0x00, 0xbe, 0x16, 0x00, 0x5a, 0xb8, 0x8c, 0x45, 0x78, 0x0a, 0x41, 0x13
};

// BITSTREAM1: 10781 bytes compressed, 98762 bytes original from /tmp/bs1.hs

static const uint8_t bitstream2_data[] = {
    0xff, 0xc0, 0x2a, 0x16, 0x1b, 0x95, 0xd2, 0x75, 0x20, 0xa6, 0x51, 0xa8, 0xb3, 0x5a, 0xac, 0xb6,
    0x65, 0x35, 0xa3, 0x4b, 0x66, 0xd4, 0x3a, 0x0d, 0x0a, 0x8f, 0x41, 0x04, 0x8c, 0xd8, 0x36, 0x20,
    0x01, 0xde, 0xec, 0xc0, 0x85, 0xff, 0x9d, 0x8a, 0x0b, 0xc4, 0x03, 0x2a, 0x0c, 0x46, 0x21, 0x43,
    0x91, 0x01, 0xca, 0x81, 0x10, 0x80, 0x4e, 0x28, 0xc0, 0x72, 0x81, 0x00, 0xcb, 0xf7, 0xfc, 0xfe,
    0xff, 0xbf, 0xf4, 0x1a, 0x45, 0x53, 0x71, 0x91, 0x8e, 0xe2, 0x8a, 0xd5, 0x4a, 0x2c, 0x08, 0x02,
    0x39, 0x9e, 0x80, 0x67, 0x83, 0x3c, 0x19, 0xe0, 0xcf, 0x06, 0x78, 0x33, 0xc1, 0x9e, 0x0c, 0xf0,
    0x67, 0x83, 0x3c, 0x19, 0xe0, 0xcf, 0x06, 0x78, 0x33, 0xc1, 0x9e, 0x0c, 0xf0, 0x67, 0x83, 0x3c,
    0x19, 0xe0, 0xcf, 0x06, 0x78, 0x33, 0xc1, 0x9e, 0x0c, 0xf0, 0x67, 0x83, 0x3c, 0x19, 0xe0, 0xcf,
    0x06, 0x78, 0x33, 0xc1, 0x9e, 0x0c, 0xf0, 0x67, 0x83, 0x3c, 0x19, 0xf0, 0x08, 0x14, 0xc0, 0x1d,
    0x18, 0x30, 0xd7, 0x86, 0xbc, 0x85, 0xe0, 0xcf, 0x06, 0x78, 0x33, 0xc1, 0x9e, 0x0c, 0xf0, 0x67,
    0x83, 0x3c, 0x19, 0xe0, 0xcf, 0x06, 0x78, 0x33, 0xc1, 0x9e, 0x0c, 0xf0, 0x67, 0x83, 0x3c, 0x19,
    0xe0, 0xcf, 0x06, 0x78, 0x33, 0xc1, 0x9e, 0x0c, 0xf0, 0x67, 0x83, 0x16, 0x05, 0x50, 0x06, 0xbf,
    0x53, 0x0c, 0x0d, 0x28, 0x80, 0x35, 0xe9, 0x98, 0x01, 0xaf, 0x8d, 0x7c, 0x6b, 0x21, 0xad, 0x21,
    0x79, 0x0b, 0xc1, 0x9e, 0x0c, 0x28, 0x15, 0xc0, 0x1b, 0x1c, 0x6c, 0x20, 0x9f, 0xc1, 0x9e, 0x0c,
    0xf0, 0x67, 0x83, 0x3c, 0x19, 0xe0, 0xcf, 0x06, 0x78, 0x33, 0xc1, 0x9e, 0x0c, 0xf0, 0x67, 0x83,
    0x3c, 0x19, 0xe0, 0xcf, 0x06, 0x78, 0x33, 0xc1, 0x9e, 0x0c, 0xf0, 0x67, 0x83, 0x3c, 0x19, 0xe0,
    0xcd, 0x82, 0x4c, 0x81, 0xd1, 0xbc, 0xd5, 0x83, 0x8a, 0x60, 0x0e, 0x8f, 0xe6, 0x00, 0x3b, 0xe0,
    0xe1, 0x90, 0x03, 0x5e, 0x4d, 0xfd, 0x06, 0xf8, 0x37, 0xc1, 0xbe, 0x0d, 0xf0, 0x6c, 0x4a, 0x78,
    0x00, 0xe7, 0x9a, 0xd9, 0x83, 0x9e, 0x0d, 0xf0, 0x6f, 0x83, 0x7c, 0x1b, 0xe0, 0xd5, 0x7e, 0xf8,
    0x33, 0xc1, 0x9e, 0x0c, 0xf0, 0x67, 0x83, 0x3c, 0x19, 0xe0, 0xcf, 0x06, 0x78, 0x33, 0xc1, 0x9e,
    0x0c, 0xf0, 0x67, 0x83, 0x3c, 0x19, 0xe0, 0xcf, 0x06, 0x78, 0x33, 0xc1, 0x9e, 0x0c, 0xf0, 0x67,
    0x83, 0x3a, 0x09, 0x14, 0x07, 0x47, 0xfa, 0xfa, 0x1b, 0xf0, 0xdf, 0x91, 0x3c, 0x19, 0xe0, 0xcf,
    0x06, 0x78, 0x33, 0xc1, 0x9e, 0x0c, 0xf0, 0x67, 0x83, 0x3c, 0x19, 0xe0, 0xcf, 0x06, 0x78, 0x33,
    0xc1, 0x9e, 0x0c, 0xf0, 0x67, 0x83, 0x3c, 0x19, 0xe0, 0xcf, 0x06, 0x78, 0x33, 0xc1, 0x9e, 0x0c,
    0xf0, 0x67, 0x83, 0x3c, 0x19, 0xe0, 0xcf, 0x06, 0x78, 0x33, 0xc1, 0x9e, 0x0c, 0xf0, 0x67, 0x83,
    0x3c, 0x19, 0xe0, 0xcf, 0x06, 0x78, 0x33, 0xc1, 0x9e, 0x0c, 0xf0, 0x67, 0x83, 0x3c, 0x19, 0xe0,
    0xcf, 0x06, 0x78, 0x33, 0xc1, 0x9e, 0x0c, 0xf0, 0x67, 0x83, 0x3c, 0x19, 0xe0, 0xcf, 0x06, 0x78,
    0x33, 0xc1, 0x9e, 0x0c, 0xf0, 0x67, 0x83, 0x3c, 0x19, 0xe0, 0xcf, 0x06, 0x78, 0x33, 0xc1, 0x9e,
    0x0c, 0xf0, 0x67, 0x83, 0x3c, 0x19, 0xe0, 0xcf, 0x06, 0x78, 0x33, 0xc1, 0x9e, 0x0c, 0xf0, 0x67,
    0x83, 0x3c, 0x19, 0xe0, 0xcf, 0x06, 0x78, 0x33, 0xc1, 0x9e, 0x0c, 0xf0, 0x67, 0x83, 0x3c, 0x19,
    0xe0, 0xcf, 0x06, 0x78, 0x33, 0xc1, 0x9e, 0x0c, 0xf0, 0x67, 0x83, 0x3c, 0x19, 0xe0, 0xcf, 0x06,
    0x78, 0x33, 0xc1, 0x9e, 0x0c, 0xf0, 0x67, 0x83, 0x3c, 0x19, 0xe0, 0xcf, 0x06, 0x78, 0x32, 0x20,
    0x55, 0x00, 0x6c, 0x51, 0x25, 0xe0, 0xde, 0x1a, 0xf8, 0x33, 0xc1, 0x9e, 0x0c, 0xf0, 0x67, 0x83,
    0x3c, 0x19, 0xe0, 0xcf, 0x06, 0x78, 0x33, 0xc1, 0x9e, 0x0c, 0xf0, 0x67, 0x83, 0x3c, 0x19, 0xe0,
    0xcf, 0x06, 0x78, 0x33, 0xc1, 0x9e, 0x0c, 0xf0, 0x67, 0x83, 0x3c, 0x19, 0xe0, 0xcf, 0x06, 0x78,
    0x33, 0xc1, 0x9e, 0x0c, 0xf0, 0x67, 0x83, 0x3c, 0x19, 0xe0, 0xcf, 0x06, 0x78, 0x33, 0xc1, 0x9e,
    0x0c, 0xf0, 0x67, 0x83, 0x3c, 0x19, 0xe0, 0xcf, 0x06, 0x78, 0x33, 0xc1, 0x9e, 0x0c, 0xf0, 0x67,
    0x83, 0x3c, 0x19, 0xe0, 0xcf, 0x06, 0x78, 0x33, 0xc1, 0x9e, 0x0c, 0xf0, 0x67, 0x83, 0x3c, 0x19,
    0xe0, 0xcf, 0x06, 0x78, 0x33, 0xc1, 0x9e, 0x0c, 0xf0, 0x67, 0x83, 0x3c, 0x19, 0xe0, 0xcf, 0x06,
    0x78, 0x33, 0xc1, 0x9e, 0x0c, 0xf0, 0x67, 0x83, 0x3c, 0x19, 0xe0, 0xcf, 0x06, 0x78, 0x33, 0xc1,
    0x9e, 0x0c, 0xf0, 0x67, 0x83, 0x3c, 0x19, 0xe0, 0xcf, 0x06, 0x78, 0x33, 0xc1, 0x9e, 0x0c, 0xf0,
    0x67, 0x83, 0x3c, 0x19, 0xe0, 0xcf, 0x06, 0x78, 0x33, 0xc1, 0x9e, 0x0c, 0xf0, 0x67, 0x83, 0x3c,
    0x19, 0xe0, 0xcf, 0x06, 0x78, 0x33, 0xc1, 0x9e, 0x0c, 0xf0, 0x67, 0x83, 0x3c, 0x19, 0xe0, 0xcf,
    0x06, 0x78, 0x33, 0xc1, 0x9e, 0x0c, 0xf0, 0x64, 0xc0, 0x60, 0x16, 0xcd, 0x58, 0x6b, 0xc1, 0x9e,
    0x0c, 0xf0, 0x67, 0x83, 0x3c, 0x19, 0xe0, 0xcf, 0x06, 0x78, 0x33, 0xc1, 0x9e, 0x0c, 0xf0, 0x67,
    0x83, 0x3c, 0x19, 0xe0, 0xcf, 0x06, 0x78, 0x33, 0xc1, 0x9e, 0x0c, 0xf0, 0x67, 0x83, 0x3c, 0x19,
    0xe0, 0xcf, 0x06, 0x78, 0x33, 0xc1, 0x9e, 0x0c, 0xf0, 0x67, 0x83, 0x3c, 0x19, 0xe0, 0xcf, 0x06,
    0x78, 0x33, 0xc1, 0x9e, 0x0c, 0xf0, 0x67, 0x83, 0x3c, 0x19, 0xe0, 0xcf, 0x06, 0x78, 0x33, 0xc1,
    0x9e, 0x0c, 0xf0, 0x67, 0x83, 0x3c, 0x19, 0xe0, 0xcf, 0x06, 0x78, 0x33, 0xc1, 0x9e, 0x0c, 0xf0,
    0x67, 0x83, 0x3c, 0x19, 0xe0, 0xcf, 0x06, 0x78, 0x33, 0xc1, 0x9e, 0x0c, 0xf0, 0x67, 0x83, 0x3c,
    0x19, 0xe0, 0xcf, 0x06, 0x78, 0x33, 0xc1, 0x9e, 0x0c, 0xf0, 0x67, 0x83, 0x3c, 0x19, 0xe0, 0xcf,
    0x06, 0x78, 0x33, 0xc1, 0x9e, 0x0c, 0xf0, 0x67, 0x83, 0x3c, 0x19, 0xe0, 0xcf, 0x06, 0x78, 0x33,
    0xc1, 0x9e, 0x0c, 0xf0, 0x67, 0x83, 0x3c, 0x19, 0xd0, 0x18, 0x05, 0xb3, 0x56, 0x1a, 0xf0, 0x67,
    0x83, 0x3c, 0x19, 0xe0, 0xcf, 0x06, 0x78, 0x33, 0xc1, 0x9e, 0x0c, 0xf0, 0x67, 0x83, 0x3c, 0x19,
    0xe0, 0xcf, 0x06, 0x78, 0x33, 0xc1, 0x9e, 0x0c, 0xf0, 0x67, 0x83, 0x3c, 0x19, 0xe0, 0xcf, 0x06,
    0x78, 0x33, 0xc1, 0x9e, 0x0c, 0xf0, 0x67, 0x83, 0x3c, 0x19, 0xe0, 0xcf, 0x06, 0x78, 0x33, 0xc1,
    0x9e, 0x0c, 0xf0, 0x67, 0x83, 0x3c, 0x19, 0xe0, 0xcf, 0x06, 0x78, 0x33, 0xc1, 0x9e, 0x0c, 0xf0,
    0x67, 0x83, 0x3c, 0x19, 0xe0, 0xcf, 0x06, 0x78, 0x33, 0xc1, 0x9e, 0x0c, 0xf0, 0x67, 0x83, 0x3c,
    0x19, 0xe0, 0xcf, 0x06, 0x78, 0x33, 0xc1, 0x9e, 0x0c, 0xf0, 0x67, 0x83, 0x3c, 0x19, 0xe0, 0xcf,
    0x06, 0x78, 0x33, 0xc1, 0x9e, 0x0c, 0xf0, 0x67, 0x83, 0x3c, 0x19, 0xe0, 0xcf, 0x06, 0x78, 0x33,
    0xc1, 0x9e, 0x0c, 0xf0, 0x67, 0x83, 0x3c, 0x19, 0xe0, 0xcf, 0x06, 0x78, 0x33, 0xc1, 0x9e, 0x0c,
    0xf0, 0x67, 0x83, 0x3c, 0x19, 0xe0, 0xcf, 0x06, 0x74, 0x06, 0x01, 0x6c, 0xd5, 0x86, 0xbc, 0x19,
    0xe0, 0xcf, 0x06, 0x78, 0x33, 0xc1, 0x9e, 0x0c, 0xf0, 0x67, 0x83, 0x3c, 0x19, 0xe0, 0xcf, 0x06,
    0x78, 0x33, 0xc1, 0x9e, 0x0c, 0xf0, 0x67, 0x83, 0x3c, 0x19, 0xe0, 0xcf, 0x06, 0x78, 0x33, 0xc1,
    0x9e, 0x0c, 0xf0, 0x67, 0x83, 0x3c, 0x19, 0xe0, 0xcf, 0x06, 0x78, 0x33, 0xc1, 0x9e, 0x0c, 0xf0,
    0x67, 0x83, 0x3c, 0x19, 0xe0, 0xcf, 0x06, 0x78, 0x33, 0xc1, 0x9e, 0x0c, 0xf0, 0x67, 0x83, 0x3c,
    0x19, 0xe0, 0xcf, 0x06, 0x78, 0x33, 0xc1, 0x9e, 0x0c, 0xf0, 0x67, 0x83, 0x3c, 0x19, 0xe0, 0xcf,
    0x06, 0x78, 0x33, 0xc1, 0x9e, 0x0c, 0xf0, 0x67, 0x83, 0x3c, 0x19, 0xe0, 0xcf, 0x06, 0x78, 0x33,
    0xc1, 0x9e, 0x0c, 0xf0, 0x67, 0x83, 0x3c, 0x19, 0xe0, 0xcf, 0x06, 0x78, 0x33, 0xc1, 0x9e, 0x0c,
    0xf0, 0x67, 0x83, 0x3c, 0x19, 0xe0, 0xcf, 0x06, 0x78, 0x33, 0xc1, 0x9e, 0x0c, 0xf0, 0x67, 0x83,
    0x3c, 0x19, 0xe0, 0xcf, 0x06, 0x78, 0x33, 0xc1, 0x9d, 0x01, 0x80, 0x5b, 0x35, 0x61, 0xaf, 0x06,
    0x78, 0x33, 0xc1, 0x9e, 0x0c, 0xf0, 0x67, 0x83, 0x3c, 0x19, 0xe0, 0xcf, 0x06, 0x78, 0x33, 0xc1,
    0x9e, 0x0c, 0xf0, 0x67, 0x83, 0x3c, 0x19, 0xe0, 0xcf, 0x06, 0x78, 0x33, 0xc1, 0x9e, 0x0c, 0xf0,
    0x67, 0x83, 0x3c, 0x19, 0xe0, 0xcf, 0x06, 0x78, 0x33, 0xc1, 0x9e, 0x0c, 0xf0, 0x67, 0x83, 0x3c,
    0x19, 0xe0, 0xcf, 0x06, 0x78, 0x33, 0xc1, 0x9e, 0x0c, 0xf0, 0x67, 0x83, 0x3c, 0x19, 0xe0, 0xcf,
    0x06, 0x78, 0x33, 0xc1, 0x9e, 0x0c, 0xf0, 0x67, 0x83, 0x3c, 0x19, 0xe0, 0xcf, 0x06, 0x78, 0x33,
    0xc1, 0x9e, 0x0c, 0xf0, 0x67, 0x83, 0x3c, 0x19, 0xe0, 0xcf, 0x06, 0x78, 0x33, 0xc1, 0x9e, 0x0c,
    0xf0, 0x67, 0x83, 0x3c, 0x19, 0xe0, 0xcf, 0x06, 0x78, 0x33, 0xc1, 0x9e, 0x0c, 0xf0, 0x67, 0x83,
    0x3c, 0x19, 0xe0, 0xcf, 0x06, 0x78, 0x33, 0xc1, 0x9e, 0x0c, 0xf0, 0x67, 0x83, 0x3c, 0x19, 0xe0,
    0xcf, 0x06, 0x78, 0x33, 0xc1, 0x9e, 0x0c, 0xf0, 0x67, 0x83, 0x3c, 0x19, 0xe0, 0xcf, 0x06, 0x78,
    0x33, 0xc1, 0x9e, 0x0c, 0xf0, 0x67, 0x83, 0x3c, 0x19, 0xe0, 0xcf, 0x06, 0x78, 0x33, 0xc1, 0x9e,
    0x0c, 0xf0, 0x67, 0x83, 0x3c, 0x19, 0xe0, 0xcf, 0x06, 0x78, 0x33, 0xc1, 0x9e, 0x0c, 0xf0, 0x67,
    0x83, 0x3c, 0x19, 0xe0, 0xcf, 0x06, 0x78, 0x33, 0xc1, 0x9e, 0x0c, 0xf0, 0x67, 0x83, 0x3c, 0x19,
    0xe0, 0xcf, 0x06, 0x78, 0x33, 0xc1, 0x9e, 0x0c, 0xf0, 0x67, 0x83, 0x3c, 0x19, 0xe0, 0xcf, 0x06,
    0x78, 0x33, 0xc1, 0x9e, 0x0c, 0xf0, 0x67, 0x83, 0x3c, 0x19, 0xe0, 0xcf, 0x06, 0x78, 0x33, 0xc1,
    0x9e, 0x0c, 0xf0, 0x67, 0x83, 0x3c, 0x19, 0xe0, 0xcf, 0x06, 0x78, 0x33, 0xc1, 0x9e, 0x0c, 0xf0,
    0x67, 0x83, 0x3c, 0x19, 0xe0, 0xcf, 0x06, 0x78, 0x33, 0xc1, 0x9e, 0x0c, 0xf0, 0x67, 0x83, 0x3c,
    0x19, 0xe0, 0xcf, 0x06, 0x78, 0x33, 0xc1, 0x9e, 0x0c, 0xf0, 0x67, 0x83, 0x3c, 0x19, 0xe0, 0xcf,
    0x06, 0x78, 0x33, 0xc1, 0x9f, 0x00, 0x80, 0xc0, 0x2d, 0x9a, 0xb0, 0xd7, 0x83, 0x3c, 0x19, 0xe0,
    0xcf, 0x06, 0x78, 0x33, 0xc1, 0x9e, 0x0c, 0xf0, 0x67, 0x83, 0x3c, 0x19, 0xe0, 0xcf, 0x06, 0x78,
    0x33, 0xc1, 0x9e, 0x0c, 0xf0, 0x67, 0x83, 0x3c, 0x19, 0xe0, 0xcf, 0x06, 0x78, 0x33, 0xc1, 0x9e,
    0x0c, 0xf0, 0x67, 0x83, 0x3c, 0x19, 0xe0, 0xcf, 0x06, 0x78, 0x33, 0xc1, 0x9e, 0x0c, 0xf0, 0x67,
    0x83, 0x3c, 0x19, 0xe0, 0xcf, 0x06, 0x78, 0x33, 0xc1, 0x9e, 0x0c, 0xf0, 0x67, 0x83, 0x3c, 0x19,
    0xe0, 0xcf, 0x06, 0x78, 0x33, 0xc1, 0x9e, 0x0c, 0xf0, 0x67, 0x83, 0x3c, 0x19, 0xe0, 0xcf, 0x06,
    0x78, 0x33, 0xc1, 0x9e, 0x0c, 0xf0, 0x67, 0x83, 0x3c, 0x19, 0xe0, 0xcf, 0x06, 0x78, 0x33, 0xc1,
    0x9e, 0x0c, 0xf0, 0x67, 0x83, 0x3c, 0x19, 0xe0, 0xcf, 0x06, 0x78, 0x33, 0xc1, 0x9e, 0x0c, 0xf0,
    0x67, 0x83, 0x3c, 0x19, 0xe0, 0xcf, 0x06, 0x78, 0x33, 0xc1, 0x9e, 0x0c, 0xf0, 0x67, 0x83, 0x3c,
    0x19, 0xe0, 0xcf, 0x06, 0x78, 0x33, 0xa0, 0x30, 0x0b, 0x66, 0xac, 0x35, 0xe0, 0xcf, 0x06, 0x78,
    0x33, 0xc1, 0x9e, 0x0c, 0xf0, 0x67, 0x83, 0x3c, 0x19, 0xe0, 0xcf, 0x06, 0x78, 0x33, 0xc1, 0x9e,
    0x0c, 0xf0, 0x67, 0x83, 0x3c, 0x19, 0xe0, 0xcf, 0x06, 0x78, 0x33, 0xc1, 0x9e, 0x0c, 0xf0, 0x67,
    0x83, 0x3c, 0x19, 0xe0, 0xcf, 0x06, 0x78, 0x33, 0xc1, 0x9e, 0x0c, 0xf0, 0x67, 0x83, 0x3c, 0x19,
    0xe0, 0xcf, 0x06, 0x78, 0x33, 0xc1, 0x9e, 0x0c, 0xf0, 0x67, 0x83, 0x3c, 0x19, 0xe0, 0xcf, 0x06,
    0x78, 0x33, 0xc1, 0x9e, 0x0c, 0xf0, 0x67, 0x83, 0x3c, 0x19, 0xe0, 0xcf, 0x06, 0x78, 0x33, 0xc1,
    0x9e, 0x0c, 0xf0, 0x67, 0x83, 0x3c, 0x19, 0xe0, 0xcf, 0x06, 0x78, 0x33, 0xc1, 0x9e, 0x0c, 0xf0,
    0x67, 0x83, 0x3c, 0x19, 0xe0, 0xcf, 0x06, 0x78, 0x33, 0xc1, 0x9e, 0x0c, 0xf0, 0x67, 0x83, 0x3c,
    0x19, 0xe0, 0xcf, 0x06, 0x78, 0x33, 0xc1, 0x9e, 0x0c, 0xf0, 0x67, 0x83, 0x3c, 0x19, 0xe0, 0xcf,
    0x06, 0x78, 0x33, 0xc1, 0x9e, 0x0c, 0xe8, 0x0c, 0x02, 0xd9, 0xab, 0x0d, 0x78, 0x33, 0xc1, 0x9e,
    0x0c, 0xf0, 0x67, 0x83, 0x3c, 0x19, 0xe0, 0xcf, 0x06, 0x78, 0x33, 0xc1, 0x9e, 0x0c, 0xf0, 0x67,
    0x83, 0x3c, 0x19, 0xe0, 0xcf, 0x06, 0x78, 0x33, 0xc1, 0x9e, 0x0c, 0xf0, 0x67, 0x83, 0x3c, 0x19,
    0xe0, 0xcf, 0x06, 0x78, 0x33, 0xc1, 0x9e, 0x0c, 0xf0, 0x67, 0x83, 0x3c, 0x19, 0xe0, 0xcf, 0x06,
    0x78, 0x33, 0xc1, 0x9e, 0x0c, 0xf0, 0x67, 0x83, 0x3c, 0x19, 0xe0, 0xcf, 0x06, 0x78, 0x33, 0xc1,
    0x9e, 0x0c, 0xf0, 0x67, 0x83, 0x3c, 0x19, 0xe0, 0xcf, 0x06, 0x78, 0x33, 0xc1, 0x9e, 0x0c, 0xf0,
    0x67, 0x83, 0x3c, 0x19, 0xe0, 0xcf, 0x06, 0x78, 0x33, 0xc1, 0x9e, 0x0c, 0xf0, 0x67, 0x83, 0x3c,
    0x19, 0xe0, 0xcf, 0x06, 0x78, 0x33, 0xc1, 0x9e, 0x0c, 0xf0, 0x67, 0x83, 0x3c, 0x19, 0xe0, 0xcf,
    0x06, 0x78, 0x33, 0xc1, 0x9e, 0x0c, 0xf0, 0x67, 0x83, 0x3c, 0x19, 0xe0, 0xcf, 0x06, 0x78, 0x33,
    0xc1, 0x9e, 0x0c, 0xf0, 0x67, 0x83, 0x3a, 0x03, 0x00, 0xb6, 0x6a, 0xc3, 0x5e, 0x0c, 0xf0, 0x67,
    0x83, 0x3c, 0x19, 0xe0, 0xcf, 0x06, 0x78, 0x33, 0xc1, 0x9e, 0x0c, 0xf0, 0x67, 0x83, 0x3c, 0x19,
    0xe0, 0xcf, 0x06, 0x78, 0x33, 0xc1, 0x9e, 0x0c, 0xf0, 0x67, 0x83, 0x3c, 0x19, 0xe0, 0xcf, 0x06,
    0x78, 0x33, 0xc1, 0x9e, 0x0c, 0xf0, 0x67, 0x83, 0x3c, 0x19, 0xe0, 0xcf, 0x06, 0x78, 0x33, 0xc1,
    0x9e, 0x0c, 0xf0, 0x67, 0x83, 0x3c, 0x19, 0xe0, 0xcf, 0x06, 0x78, 0x33, 0xc1, 0x9e, 0x0c, 0xf0,
    0x67, 0x83, 0x3c, 0x19, 0xe0, 0xcf, 0x06, 0x78, 0x33, 0xc1, 0x9e, 0x0c, 0xf0, 0x67, 0x83, 0x3c,
    0x19, 0xe0, 0xcf, 0x06, 0x78, 0x33, 0xc1, 0x9e, 0x0c, 0xf0, 0x67, 0x83, 0x3c, 0x19, 0xe0, 0xcf,
    0x06, 0x78, 0x33, 0xc1, 0x9e, 0x0c, 0xf0, 0x67, 0x83, 0x3c, 0x19, 0xe0, 0xcf, 0x06, 0x78, 0x33,
    0xc1, 0x9e, 0x0c, 0xf0, 0x67, 0x83, 0x3c, 0x19, 0xe0, 0xcf, 0x06, 0x78, 0x33, 0xc1, 0x9e, 0x0c,
    0xf0, 0x67, 0x83, 0x3c, 0x19, 0xe0, 0xce, 0x80, 0xc0, 0x2d, 0x9a, 0xb0, 0xd7, 0x83, 0x3c, 0x19,
    0xe0, 0xcf, 0x06, 0x78, 0x33, 0xc1, 0x9e, 0x0c, 0xf0, 0x67, 0x83, 0x3c, 0x19, 0xe0, 0xcf, 0x06,
    0x78, 0x33, 0xc1, 0x9e, 0x0c, 0xf0, 0x67, 0x83, 0x3c, 0x19, 0xe0, 0xcf, 0x06, 0x78, 0x33, 0xc1,
    0x9e, 0x0c, 0xf0, 0x67, 0x83, 0x3c, 0x19, 0xe0, 0xcf, 0x06, 0x78, 0x33, 0xc1, 0x9e, 0x0c, 0xf0,
    0x67, 0x83, 0x3c, 0x19, 0xe0, 0xcf, 0x06, 0x78, 0x33, 0xc1, 0x9e, 0x0c, 0xf0, 0x67, 0x83, 0x3c,
    0x19, 0xe0, 0xcf, 0x06, 0x78, 0x33, 0xc1, 0x9e, 0x0c, 0xf0, 0x67, 0x83, 0x3c, 0x19, 0xe0, 0xcf,
    0x06, 0x78, 0x33, 0xc1, 0x9e, 0x0c, 0xf0, 0x67, 0x83, 0x3c, 0x19, 0xe0, 0xcf, 0x06, 0x78, 0x33,
    0xc1, 0x9e, 0x0c, 0xf0, 0x67, 0x83, 0x3c, 0x19, 0xe0, 0xcf, 0x06, 0x78, 0x33, 0xc1, 0x9e, 0x0c,
    0xf0, 0x67, 0x83, 0x3c, 0x19, 0xe0, 0xcf, 0x06, 0x78, 0x33, 0xc1, 0x9e, 0x0c, 0xf0, 0x67, 0x83,
    0x3c, 0x19, 0xe0, 0xcf, 0x06, 0x78, 0x33, 0xa0, 0x30, 0x0b, 0x66, 0xac, 0x35, 0xe0, 0xcf, 0x06,
    0x78, 0x33, 0xc1, 0x9e, 0x0c, 0xf0, 0x67, 0x83, 0x3c, 0x19, 0xe0, 0xcf, 0x06, 0x78, 0x33, 0xc1,
    0x9e, 0x0c, 0xf0, 0x67, 0x83, 0x3c, 0x19, 0xe0, 0xcf, 0x06, 0x78, 0x33, 0xc1, 0x9e, 0x0c, 0xf0,
    0x67, 0x83, 0x3c, 0x19, 0xe0, 0xcf, 0x06, 0x78, 0x33, 0xc1, 0x9e, 0x0c, 0xf0, 0x67, 0x83, 0x3c,
    0x19, 0xe0, 0xcf, 0x06, 0x78, 0x33, 0xc1, 0x9e, 0x0c, 0xf0, 0x67, 0x83, 0x3c, 0x19, 0xe0, 0xcf,
    0x06, 0x78, 0x33, 0xc1, 0x9e, 0x0c, 0xf0, 0x67, 0x83, 0x3c, 0x19, 0xe0, 0xcf, 0x06, 0x78, 0x33,
    0xc1, 0x9e, 0x0c, 0xf0, 0x67, 0x83, 0x3c, 0x19, 0xe0, 0xcf, 0x06, 0x78, 0x33, 0xc1, 0x9e, 0x0c,
    0xf0, 0x67, 0x83, 0x3c, 0x19, 0xe0, 0xcf, 0x06, 0x78, 0x33, 0xc1, 0x9e, 0x0c, 0xf0, 0x67, 0x83,
    0x3c, 0x19, 0xe0, 0xcf, 0x06, 0x78, 0x33, 0xc1, 0x9e, 0x0c, 0xf0, 0x67, 0x83, 0x3c, 0x19, 0xe0,
    0xcf, 0x06, 0x78, 0x33, 0xc1, 0x9e, 0x0c, 0xe8, 0x0c, 0x02, 0xd9, 0xab, 0x0d, 0x78, 0x33, 0xc1,
    0x9e, 0x0c, 0xf0, 0x67, 0x83, 0x3c, 0x19, 0xe0, 0xcf, 0x06, 0x78, 0x33, 0xc1, 0x9e, 0x0c, 0xf0,
    0x67, 0x83, 0x3c, 0x19, 0xe0, 0xcf, 0x06, 0x78, 0x33, 0xc1, 0x9e, 0x0c, 0xf0, 0x67, 0x83, 0x3c,
    0x19, 0xe0, 0xcf, 0x06, 0x78, 0x33, 0xc1, 0x9e, 0x0c, 0xf0, 0x67, 0x83, 0x3c, 0x19, 0xe0, 0xcf,
    0x06, 0x78, 0x33, 0xc1, 0x9e, 0x0c, 0xf0, 0x67, 0x83, 0x3c, 0x19, 0xe0, 0xcf, 0x06, 0x78, 0x33,
    0xc1, 0x9e, 0x0c, 0xf0, 0x67, 0x83, 0x3c, 0x19, 0xe0, 0xcf, 0x06, 0x78, 0x33, 0xc1, 0x9e, 0x0c,
    0xf0, 0x67, 0x83, 0x3c, 0x19, 0xe0, 0xcf, 0x06, 0x78, 0x33, 0xc1, 0x9e, 0x0c, 0xf0, 0x67, 0x83,
    0x3c, 0x19, 0xe0, 0xcf, 0x06, 0x78, 0x33, 0xc1, 0x9e, 0x0c, 0xf0, 0x67, 0x83, 0x3c, 0x19, 0xe0,
    0xcf, 0x06, 0x78, 0x33, 0xc1, 0x9e, 0x0c, 0xf0, 0x67, 0x83, 0x3c, 0x19, 0xe0, 0xcf, 0x06, 0x78,
    0x33, 0xc1, 0x9e, 0x0c, 0xf0, 0x67, 0x83, 0x3a, 0x03, 0x00, 0xb6, 0x6a, 0xc3, 0x5e, 0x0c, 0xf0,
    0x67, 0x83, 0x3c, 0x19, 0xe0, 0xcf, 0x06, 0x78, 0x33, 0xc1, 0x9e, 0x0c, 0xf0, 0x67, 0x83, 0x3c,
    0x19, 0xe0, 0xcf, 0x06, 0x78, 0x33, 0xc1, 0x9e, 0x0c, 0xf0, 0x67, 0x83, 0x3c, 0x19, 0xe0, 0xcf,
    0x06, 0x78, 0x33, 0xc1, 0x9e, 0x0c, 0xf0, 0x67, 0x83, 0x3c, 0x19, 0xe0, 0xcf, 0x06, 0x78, 0x33,
    0xc1, 0x9e, 0x0c, 0xf0, 0x67, 0x83, 0x3c, 0x19, 0xe0, 0xcf, 0x06, 0x78, 0x33, 0xc1, 0x9e, 0x0c,
    0xf0, 0x67, 0x83, 0x3c, 0x19, 0xe0, 0xcf, 0x06, 0x78, 0x33, 0xc1, 0x9e, 0x0c, 0xf0, 0x67, 0x83,
    0x3c, 0x19, 0xe0, 0xcf, 0x06, 0x78, 0x33, 0xc1, 0x9e, 0x0c, 0xf0, 0x67, 0x83, 0x3c, 0x19, 0xe0,
    0xcf, 0x06, 0x78, 0x33, 0xc1, 0x9e, 0x0c, 0xf0, 0x67, 0x83, 0x3c, 0x19, 0xe0, 0xcf, 0x06, 0x78,
    0x33, 0xc1, 0x9e, 0x0c, 0xf0, 0x67, 0x83, 0x3c, 0x19, 0xe0, 0xcf, 0x06, 0x78, 0x33, 0xc1, 0x9e,
    0x0c, 0xf0, 0x67, 0x83, 0x3c, 0x19, 0xe0, 0xcf, 0x06, 0x78, 0x33, 0xc1, 0x9e, 0x0c, 0xf0, 0x67,
    0x83, 0x3c, 0x19, 0xe0, 0xcf, 0x06, 0x78, 0x33, 0xc1, 0x9e, 0x0c, 0xf0, 0x67, 0x83, 0x3c, 0x19,
    0xe0, 0xcf, 0x06, 0x78, 0x33, 0xc1, 0x9e, 0x0c, 0xf0, 0x67, 0x83, 0x3c, 0x19, 0xe0, 0xcf, 0x06,
    0x78, 0x33, 0xc1, 0x9e, 0x0c, 0xf0, 0x67, 0x83, 0x3c, 0x19, 0xe0, 0xcf, 0x06, 0x78, 0x33, 0xc1,
    0x9e, 0x0c, 0xf0, 0x67, 0x83, 0x3c, 0x19, 0xe0, 0xcf, 0x06, 0x78, 0x33, 0xc1, 0x9e, 0x0c, 0xf0,
    0x67, 0x83, 0x3c, 0x19, 0xe0, 0xcf, 0x06, 0x78, 0x33, 0xc1, 0x9e, 0x0c, 0xf0, 0x67, 0x83, 0x3c,
    0x19, 0xe0, 0xcf, 0x06, 0x78, 0x33, 0xc1, 0x9e, 0x0c, 0xf0, 0x67, 0x83, 0x3c, 0x19, 0xe0, 0xcf,
    0x06, 0x78, 0x33, 0xc1, 0x9e, 0x0c, 0xf0, 0x67, 0x83, 0x3c, 0x19, 0xe0, 0xcf, 0x06, 0x78, 0x33,
    0xc1, 0x9e, 0x0c, 0xf0, 0x67, 0x83, 0x3c, 0x19, 0xe0, 0xcf, 0x06, 0x78, 0x33, 0xc1, 0x9e, 0x0c,
    0xf0, 0x67, 0x83, 0x3e, 0x01, 0x01, 0x80, 0x5b, 0x35, 0x61, 0xaf, 0x06, 0x78, 0x33, 0xc1, 0x9e,
    0x0c, 0xf0, 0x67, 0x83, 0x3c, 0x19, 0xe0, 0xcf, 0x06, 0x78, 0x33, 0xc1, 0x9e, 0x0c, 0xf0, 0x67,
    0x83, 0x3c, 0x19, 0xe0, 0xcf, 0x06, 0x78, 0x33, 0xc1, 0x9e, 0x0c, 0xf0, 0x67, 0x83, 0x3c, 0x19,
    0xe0, 0xcf, 0x06, 0x78, 0x33, 0x60, 0x55, 0x00, 0x6c, 0x51, 0x25, 0xe2, 0x7f, 0x06, 0x78, 0x33,
    0xc1, 0x9e, 0x0c, 0xf0, 0x67, 0x83, 0x3c, 0x19, 0xe0, 0xcf, 0x06, 0x78, 0x33, 0xc1, 0x9e, 0x0c,
    0xf0, 0x67, 0x83, 0x3c, 0x19, 0xe0, 0xcf, 0x06, 0x78, 0x33, 0xc1, 0x9e, 0x0c, 0xf0, 0x67, 0x83,
    0x3c, 0x19, 0xe0, 0xcf, 0x06, 0x78, 0x33, 0xc1, 0x9e, 0x0c, 0xf0, 0x67, 0x83, 0x3c, 0x19, 0xe0,
    0xcf, 0x06, 0x78, 0x30, 0xa0, 0x55, 0x00, 0x6c, 0x51, 0x25, 0xe1, 0xaf, 0x0d, 0x79, 0x0b, 0xc1,
    0x9e, 0x0c, 0xf0, 0x67, 0x96, 0xfc, 0xb7, 0xe1, 0xaf, 0x0d, 0x78, 0x33, 0xc1, 0x9e, 0x0c, 0xf0,
    0x67, 0x83, 0x3c, 0x19, 0xe0, 0xcf, 0x06, 0x78, 0x33, 0xc1, 0x9e, 0x0c, 0xf0, 0x67, 0x83, 0x3c,
    0x17, 0x10, 0x18, 0x05, 0xb3, 0x56, 0x1a, 0xf0, 0x67, 0x83, 0x3c, 0x19, 0xe0, 0xcf, 0x06, 0x78,
    0x33, 0xc1, 0x9e, 0x0c, 0xf0, 0x67, 0x83, 0x3c, 0x19, 0xe0, 0xcf, 0x06, 0x78, 0x33, 0xc1, 0x9e,
    0x0c, 0xf0, 0x67, 0x40, 0xaa, 0x00, 0xd8, 0xa2, 0x4b, 0xc3, 0x5e, 0x1a, 0xf2, 0x17, 0x83, 0x3c,
    0x19, 0xe0, 0xcf, 0x2d, 0xf9, 0x6f, 0xc3, 0x5e, 0x1a, 0xf0, 0x67, 0x83, 0x3c, 0x19, 0xe0, 0xcf,
    0x06, 0x78, 0x33, 0xc1, 0x9e, 0x0c, 0xf0, 0x67, 0x83, 0x3c, 0x19, 0xe0, 0xcf, 0x06, 0x78, 0x33,
    0xc1, 0x9e, 0x0c, 0xf0, 0x67, 0x83, 0x3c, 0x19, 0xe0, 0xcf, 0x06, 0x78, 0x33, 0xc1, 0x9e, 0x0c,
    0xf0, 0x67, 0x83, 0x3c, 0x19, 0xe0, 0xcf, 0x06, 0x78, 0x33, 0xc1, 0x9e, 0x0c, 0xf0, 0x67, 0x83,
    0x12, 0x05, 0x50, 0x06, 0xc5, 0x12, 0x5e, 0x1a, 0xf0, 0xd7, 0x90, 0xbc, 0x19, 0xe0, 0xcf, 0x06,
    0x79, 0x6f, 0xcb, 0x7e, 0x1a, 0xf0, 0xd7, 0x83, 0x3c, 0x19, 0xe0, 0xcf, 0x06, 0x78, 0x33, 0xc1,
    0x9e, 0x0c, 0xf0, 0x67, 0x83, 0x3c, 0x19, 0xe0, 0xcf, 0x06, 0x78, 0x33, 0xc1, 0x71, 0x01, 0x80,
    0x5b, 0x35, 0x61, 0xaf, 0x06, 0x78, 0x33, 0xc1, 0x9e, 0x0c, 0xf0, 0x67, 0x83, 0x3c, 0x19, 0xe0,
    0xcf, 0x06, 0x78, 0x33, 0xc1, 0x9e, 0x0c, 0xf0, 0x67, 0x83, 0x3c, 0x19, 0xe0, 0xcf, 0x06, 0x74,
    0x0a, 0xa0, 0x0d, 0x8a, 0x24, 0xbc, 0x35, 0xe1, 0xaf, 0x21, 0x78, 0x33, 0xc1, 0x9e, 0x0c, 0xf2,
    0xdf, 0x96, 0xfc, 0x35, 0xe1, 0xaf, 0x06, 0x78, 0x33, 0xc1, 0x9e, 0x0c, 0xf0, 0x67, 0x83, 0x3c,
    0x19, 0xe0, 0xcf, 0x06, 0x78, 0x33, 0xc1, 0x9e, 0x0c, 0xf0, 0x67, 0x83, 0x3c, 0x19, 0xe0, 0xcf,
    0x06, 0x78, 0x33, 0xc1, 0x9e, 0x0c, 0xf0, 0x67, 0x83, 0x3c, 0x19, 0xe0, 0xcf, 0x06, 0x78, 0x33,
    0xc1, 0x9e, 0x0c, 0xf0, 0x67, 0x83, 0x3c, 0x19, 0xe0, 0xcf, 0x06, 0x78, 0x31, 0x20, 0x55, 0x00,
    0x6c, 0x51, 0x25, 0xe1, 0xaf, 0x0d, 0x79, 0x0b, 0xc1, 0x9e, 0x0c, 0xf0, 0x67, 0x96, 0xfc, 0xb7,
    0xe1, 0xaf, 0x0d, 0x78, 0x33, 0xc1, 0x9e, 0x0c, 0xf0, 0x67, 0x83, 0x3c, 0x19, 0xe0, 0xcf, 0x06,
    0x78, 0x33, 0xc1, 0x9e, 0x0c, 0xf0, 0x67, 0x83, 0x3c, 0x17, 0x10, 0x18, 0x05, 0xb3, 0x56, 0x1a,
    0xf0, 0x67, 0x83, 0x3c, 0x19, 0xe0, 0xcf, 0x06, 0x78, 0x33, 0xc1, 0x9e, 0x0c, 0xf0, 0x67, 0x83,
    0x3c, 0x19, 0xe0, 0xcf, 0x06, 0x78, 0x33, 0xc1, 0x9e, 0x0c, 0xf0, 0x67, 0x40, 0xaa, 0x00, 0xd8,
    0xa2, 0x4b, 0xc3, 0x5e, 0x1a, 0xf2, 0x17, 0x83, 0x3c, 0x19, 0xe0, 0xcf, 0x2d, 0xf9, 0x6f, 0xc3,
    0x5e, 0x1a, 0xf0, 0x67, 0x83, 0x3c, 0x19, 0xe0, 0xcf, 0x06, 0x78, 0x33, 0xc1, 0x9e, 0x0c, 0xf0,
    0x67, 0x83, 0x3c, 0x19, 0xe0, 0xcf, 0x06, 0x78, 0x33, 0xc1, 0x9e, 0x0c, 0xf0, 0x67, 0x83, 0x3c,
    0x19, 0xe0, 0xcf, 0x06, 0x78, 0x33, 0xc1, 0x9e, 0x0c, 0xf0, 0x67, 0x83, 0x3c, 0x19, 0xe0, 0xcf,
    0x06, 0x78, 0x33, 0xc1, 0x9e, 0x0c, 0xf0, 0x67, 0x83, 0x12, 0x05, 0x50, 0x06, 0xc5, 0x12, 0x5e,
    0x1a, 0xf0, 0xd7, 0x90, 0xbc, 0x19, 0xe0, 0xcf, 0x06, 0x79, 0x6f, 0xcb, 0x7e, 0x1a, 0xf0, 0xd7,
    0x83, 0x3c, 0x19, 0xe0, 0xcf, 0x06, 0x78, 0x33, 0xc1, 0x9e, 0x0c, 0xf0, 0x67, 0x83, 0x3c, 0x19,
    0xe0, 0xcf, 0x06, 0x78, 0x33, 0xc1, 0x71, 0x01, 0x80, 0x5b, 0x35, 0x61, 0xaf, 0x06, 0x78, 0x33,
    0xc1, 0x9e, 0x0c, 0xf0, 0x67, 0x83, 0x3c, 0x19, 0xe0, 0xcf, 0x06, 0x78, 0x33, 0xc1, 0x9e, 0x0c,
    0xf0, 0x67, 0x83, 0x3c, 0x19, 0xe0, 0xcf, 0x06, 0x74, 0x0a, 0xa0, 0x0d, 0x8a, 0x24, 0xbc, 0x35,
    0xe1, 0xaf, 0x21, 0x78, 0x33, 0xc1, 0x9e, 0x0c, 0xf2, 0xdf, 0x96, 0xfc, 0x35, 0xe1, 0xaf, 0x06,
    0x78, 0x33, 0xc1, 0x9e, 0x0c, 0xf0, 0x67, 0x83, 0x3c, 0x19, 0xe0, 0xcf, 0x06, 0x78, 0x33, 0xc1,
    0x9e, 0x0c, 0xf0, 0x67, 0x83, 0x3c, 0x19, 0xe0, 0xcf, 0x06, 0x78, 0x33, 0xc1, 0x9e, 0x0c, 0xf0,
    0x67, 0x83, 0x3c, 0x19, 0xe0, 0xcf, 0x06, 0x78, 0x33, 0xc1, 0x9e, 0x0c, 0xf0, 0x67, 0x83, 0x3c,
    0x19, 0xe0, 0xcf, 0x06, 0x78, 0x31, 0x20, 0x55, 0x00, 0x6c, 0x51, 0x25, 0xe1, 0xaf, 0x0d, 0x79,
    0x0b, 0xc1, 0x9e, 0x0c, 0xf0, 0x67, 0x96, 0xfc, 0xb7, 0xe1, 0xaf, 0x0d, 0x78, 0x33, 0xc1, 0x9e,
    0x0c, 0xf0, 0x67, 0x83, 0x3c, 0x19, 0xe0, 0xcf, 0x06, 0x78, 0x33, 0xc1, 0x9e, 0x0c, 0xf0, 0x67,
    0x83, 0x3c, 0x17, 0x10, 0x18, 0x05, 0xb3, 0x56, 0x1a, 0xf0, 0x67, 0x83, 0x3c, 0x19, 0xe0, 0xcf,
    0x06, 0x78, 0x33, 0xc1, 0x9e, 0x0c, 0xf0, 0x67, 0x83, 0x3c, 0x19, 0xe0, 0xcf, 0x06, 0x78, 0x33,
    0xc1, 0x9e, 0x0c, 0xf0, 0x67, 0x40, 0xaa, 0x00, 0xd8, 0xa2, 0x4b, 0xc1, 0xbe, 0x0d, 0xf0, 0x6d,
    0x14, 0x7c, 0x19, 0xe0, 0xcf, 0x35, 0xf9, 0x3f, 0xc1, 0xbe, 0x6b, 0xf2, 0x8f, 0x83, 0x3c, 0x19,
    0xe0, 0xcf, 0x06, 0x78, 0x33, 0xc1, 0x9e, 0x0c, 0xf0, 0x67, 0x83, 0x3c, 0x19, 0xe0, 0xcf, 0x06,
    0x78, 0x33, 0xc1, 0x9e, 0x0c, 0xf0, 0x67, 0x83, 0x3c, 0x19, 0xe0, 0xcf, 0x06, 0x78, 0x33, 0xc1,
    0x9e, 0x0c, 0xf0, 0x67, 0x83, 0x3c, 0x19, 0xe0, 0xcf, 0x06, 0x78, 0x33, 0xc1, 0x9e, 0x0c, 0xf0,
    0x67, 0x83, 0x36, 0x05, 0x50, 0x06, 0xc5, 0x12, 0x5e, 0x1a, 0xf0, 0xd7, 0x90, 0xbc, 0x19, 0xe0,
    0xcf, 0x27, 0x79, 0x3a, 0x8b, 0x9e, 0x28, 0xf0, 0xd7, 0x94, 0x3c, 0x19, 0xe0, 0xcf, 0x06, 0x78,
    0x33, 0xc1, 0x9e, 0x0c, 0xf0, 0x67, 0x83, 0x3c, 0x19, 0xe0, 0xcf, 0x06, 0x78, 0x33, 0xc1, 0x9d,
    0x01, 0x80, 0x5b, 0x35, 0x61, 0xaf, 0x06, 0x78, 0x33, 0xc1, 0x9e, 0x0c, 0xf0, 0x67, 0x83, 0x3c,
    0x19, 0xe0, 0xcf, 0x06, 0x78, 0x33, 0xc1, 0x9e, 0x0c, 0xf0, 0x67, 0x83, 0x3c, 0x19, 0xe0, 0xcf,
    0x06, 0x74, 0x0a, 0xa0, 0x0d, 0x8a, 0x24, 0xbc, 0x1b, 0xe0, 0xdf, 0x06, 0xd1, 0x47, 0xc1, 0x9e,
    0x0c, 0xf3, 0x5f, 0x93, 0xfc, 0x1b, 0xe6, 0xbf, 0x28, 0xf8, 0x33, 0xc1, 0x9e, 0x0c, 0xf0, 0x67,
    0x83, 0x3c, 0x19, 0xe0, 0xcf, 0x06, 0x78, 0x33, 0xc1, 0x9e, 0x0c, 0xf0, 0x67, 0x83, 0x3c, 0x19,
    0xe0, 0xcf, 0x06, 0x78, 0x33, 0xc1, 0x9e, 0x0c, 0xf0, 0x67, 0x83, 0x3c, 0x19, 0xe0, 0xcf, 0x06,
    0x78, 0x33, 0xc1, 0x9e, 0x0c, 0xf0, 0x67, 0x83, 0x3c, 0x19, 0xe0, 0xcf, 0x06, 0x78, 0x33, 0x60,
    0x55, 0x00, 0x6c, 0x51, 0x25, 0xe0, 0xdf, 0x06, 0xf8, 0x36, 0x8a, 0x3e, 0x0c, 0xf0, 0x67, 0x9a,
    0xfc, 0x9f, 0xe0, 0xdf, 0x35, 0xf9, 0x47, 0xc1, 0x9e, 0x0c, 0xf0, 0x67, 0x83, 0x3c, 0x19, 0xe0,
    0xcf, 0x06, 0x78, 0x33, 0xc1, 0x9e, 0x0c, 0xf0, 0x67, 0x83, 0x3c, 0x19, 0xe0, 0x01, 0x80, 0xc0,
    0x2d, 0x9a, 0xb0, 0xd7, 0x83, 0x3c, 0x19, 0xe0, 0xcf, 0x06, 0x78, 0x33, 0xc1, 0x9e, 0x0c, 0xf0,
    0x67, 0x83, 0x3c, 0x19, 0xe0, 0xcf, 0x06, 0x78, 0x33, 0xc1, 0x9e, 0x0c, 0xf0, 0x67, 0x83, 0x3a,
    0x05, 0x50, 0x06, 0xc5, 0x12, 0x5e, 0x0d, 0xf0, 0x6f, 0x83, 0x68, 0xa3, 0xe0, 0xcf, 0x06, 0x79,
    0xaf, 0xc9, 0xfe, 0x0d, 0xf3, 0x5f, 0x94, 0x7c, 0x19, 0xe0, 0xcf, 0x06, 0x78, 0x33, 0xc1, 0x9e,
    0x0c, 0xf0, 0x67, 0x83, 0x3c, 0x19, 0xe0, 0xcf, 0x06, 0x78, 0x33, 0xc1, 0x9e, 0x0c, 0xf0, 0x67,
    0x83, 0x3c, 0x19, 0xe0, 0xcf, 0x06, 0x78, 0x33, 0xc1, 0x9e, 0x0c, 0xf0, 0x67, 0x83, 0x3c, 0x19,
    0xe0, 0xcf, 0x06, 0x78, 0x33, 0xc1, 0x9e, 0x0c, 0xf0, 0x67, 0x83, 0x3c, 0x19, 0xb0, 0x2a, 0x80,
    0x36, 0x28, 0x92, 0xf0, 0xd7, 0x86, 0xac, 0x51, 0xe5, 0x0f, 0x06, 0x78, 0x33, 0xc9, 0xfe, 0x0d,
    0xf0, 0x6f, 0x9a, 0xfc, 0xa3, 0xe0, 0xcf, 0x06, 0x78, 0x33, 0xc1, 0x9e, 0x0c, 0xf0, 0x67, 0x83,
    0x3c, 0x19, 0xe0, 0xcf, 0x06, 0x78, 0x33, 0xc1, 0x9e, 0x0c, 0xf0, 0x67, 0x83, 0x3c, 0x19, 0xe0,
    0xcf, 0x06, 0x78, 0x33, 0xc1, 0x9e, 0x0c, 0xf0, 0x67, 0x83, 0x3c, 0x19, 0xe0, 0xcf, 0x06, 0x78,
    0x33, 0xc1, 0x9e, 0x0c, 0xf0, 0x67, 0x83, 0x3c, 0x18, 0x30, 0x2a, 0x80, 0x36, 0x28, 0x92, 0xf0,
    0x6f, 0x83, 0x7c, 0x1b, 0x45, 0x1f, 0x06, 0x78, 0x33, 0xcd, 0x7e, 0x4f, 0xf0, 0x6f, 0x9a, 0xfc,
    0xa3, 0xe0, 0xcf, 0x06, 0x78, 0x33, 0xc1, 0x9e, 0x0c, 0xf0, 0x67, 0x83, 0x3c, 0x19, 0xe0, 0xcf,
    0x06, 0x78, 0x33, 0xc1, 0x9e, 0x0c, 0xf0, 0x67, 0x83, 0x3c, 0x19, 0xe0, 0xcf, 0x06, 0x78, 0x33,
    0xc1, 0x9e, 0x0c, 0xf0, 0x67, 0x83, 0x3c, 0x19, 0xe0, 0xcf, 0x06, 0x78, 0x33, 0xc1, 0x9e, 0x0c,
    0xf0, 0x67, 0x83, 0x3c, 0x19, 0xe0, 0xcd, 0x81, 0x54, 0x01, 0xb1, 0x44, 0x97, 0x83, 0x7c, 0x1b,
    0xe0, 0xda, 0x28, 0xf8, 0x33, 0xc1, 0x9e, 0x6b, 0xf2, 0x7f, 0x83, 0x7c, 0xd7, 0xe5, 0x1f, 0x06,
    0x78, 0x33, 0xc1, 0x9e, 0x0c, 0xf0, 0x67, 0x83, 0x3c, 0x19, 0xe0, 0xcf, 0x06, 0x78, 0x33, 0xc1,
    0x9e, 0x0c, 0xf0, 0x67, 0x80, 0x06, 0x03, 0x00, 0xb6, 0x6a, 0xc3, 0x5e, 0x0c, 0xf0, 0x67, 0x83,
    0x3c, 0x19, 0xe0, 0xcf, 0x06, 0x78, 0x33, 0xc1, 0x9e, 0x0c, 0xf0, 0x67, 0x83, 0x3c, 0x19, 0xe0,
    0xcf, 0x06, 0x78, 0x33, 0xc1, 0x9e, 0x0c, 0xe8, 0x15, 0x40, 0x1b, 0x14, 0x49, 0x78, 0x37, 0xc1,
    0xbe, 0x0d, 0xa2, 0x8f, 0x83, 0x3c, 0x19, 0xe6, 0xbf, 0x27, 0xf8, 0x37, 0xcd, 0x7e, 0x51, 0xf0,
    0x67, 0x83, 0x3c, 0x19, 0xe0, 0xcf, 0x06, 0x78, 0x33, 0xc1, 0x9e, 0x0c, 0xf0, 0x67, 0x83, 0x3c,
    0x19, 0xe0, 0xcf, 0x06, 0x78, 0x33, 0xc1, 0x9e, 0x0c, 0xf0, 0x67, 0x83, 0x3c, 0x19, 0xe0, 0xcf,
    0x06, 0x78, 0x33, 0xc1, 0x9e, 0x0c, 0xf0, 0x67, 0x83, 0x3c, 0x19, 0xe0, 0xcf, 0x06, 0x78, 0x33,
    0xc1, 0x9e, 0x0c, 0xf0, 0x66, 0xc0, 0xaa, 0x00, 0xd8, 0xa2, 0x4b, 0xc1, 0xbe, 0x0d, 0xf0, 0x6d,
    0x14, 0x7c, 0x19, 0xe0, 0xcf, 0x35, 0xf9, 0x3f, 0xc1, 0xbe, 0x6b, 0xf2, 0x8f, 0x83, 0x3c, 0x19,
    0xe0, 0xcf, 0x06, 0x78, 0x33, 0xc1, 0x9e, 0x0c, 0xf0, 0x67, 0x83, 0x3c, 0x19, 0xe0, 0xcf, 0x06,
    0x78, 0x33, 0xc0, 0x03, 0x01, 0x80, 0x5b, 0x35, 0x61, 0xaf, 0x06, 0x78, 0x33, 0xc1, 0x9e, 0x0c,
    0xf0, 0x67, 0x83, 0x3c, 0x19, 0xe0, 0xcf, 0x06, 0x78, 0x33, 0xc1, 0x9e, 0x0c, 0xf0, 0x67, 0x83,
    0x3c, 0x19, 0xe0, 0xcf, 0x06, 0x74, 0x0a, 0xa0, 0x0d, 0x8a, 0x24, 0xbc, 0x1b, 0xe0, 0xdf, 0x06,
    0xd1, 0x47, 0xc1, 0x9e, 0x0c, 0xf3, 0x5f, 0x93, 0xfc, 0x1b, 0xe6, 0xbf, 0x28, 0xf8, 0x33, 0xc1,
    0x9e, 0x0c, 0xf0, 0x67, 0x83, 0x3c, 0x19, 0xe0, 0xcf, 0x06, 0x78, 0x33, 0xc1, 0x9e, 0x0c, 0xf0,
    0x67, 0x83, 0x3c, 0x19, 0xe0, 0xcf, 0x06, 0x78, 0x33, 0xc1, 0x9e, 0x0c, 0xf0, 0x67, 0x83, 0x3c,
    0x19, 0xe0, 0xcf, 0x06, 0x78, 0x33, 0xc1, 0x9e, 0x0c, 0xf0, 0x67, 0x83, 0x3c, 0x19, 0xe0, 0xcf,
    0x06, 0x78, 0x33, 0x60, 0x55, 0x00, 0x6c, 0x51, 0x25, 0xe0, 0xdf, 0x06, 0xf8, 0x36, 0x8a, 0x3e,
    0x0c, 0xf0, 0x67, 0x9a, 0xfc, 0x9f, 0xe0, 0xdf, 0x35, 0xf9, 0x47, 0xc1, 0x9e, 0x0c, 0xf0, 0x67,
    0x83, 0x3c, 0x19, 0xe0, 0xcf, 0x06, 0x78, 0x33, 0xc1, 0x9e, 0x0c, 0xf0, 0x67, 0x83, 0x3c, 0x19,
    0xe0, 0x01, 0x80, 0xc0, 0x2d, 0x9a, 0xb0, 0xd7, 0x83, 0x3c, 0x19, 0xe0, 0xcf, 0x06, 0x78, 0x33,
    0xc1, 0x9e, 0x0c, 0xf0, 0x67, 0x83, 0x3c, 0x19, 0xe0, 0xcf, 0x06, 0x78, 0x33, 0xc1, 0x9e, 0x0c,
    0xf0, 0x67, 0x83, 0x3a, 0x05, 0x50, 0x06, 0xc5, 0x12, 0x5e, 0x0d, 0xf0, 0x6f, 0x83, 0x68, 0xa3,
    0xe0, 0xcf, 0x06, 0x79, 0xaf, 0xc9, 0xfe, 0x0d, 0xf3, 0x5f, 0x94, 0x7c, 0x19, 0xe0, 0xcf, 0x06,
    0x78, 0x33, 0xc1, 0x9e, 0x0c, 0xf0, 0x67, 0x83, 0x3c, 0x19, 0xe0, 0xcf, 0x06, 0x78, 0x33, 0xc1,
    0x9e, 0x0c, 0xf0, 0x67, 0x83, 0x3c, 0x19, 0xe0, 0xcf, 0x06, 0x78, 0x33, 0xc1, 0x9e, 0x0c, 0xf0,
    0x67, 0x83, 0x3c, 0x19, 0xe0, 0xcf, 0x06, 0x78, 0x33, 0xc1, 0x9e, 0x0c, 0xf0, 0x67, 0x83, 0x3c,
    0x19, 0xb0, 0x2a, 0x80, 0x36, 0x28, 0x92, 0xf0, 0x6f, 0x83, 0x7c, 0x1b, 0x45, 0x1f, 0x06, 0x78,
    0x33, 0xcd, 0x7e, 0x4f, 0xf0, 0x6f, 0x9a, 0xfc, 0xa3, 0xe0, 0xcf, 0x06, 0x78, 0x33, 0xc1, 0x9e,
    0x0c, 0xf0, 0x67, 0x83, 0x3c, 0x19, 0xe0, 0xcf, 0x06, 0x78, 0x33, 0xc1, 0x9e, 0x0c, 0xf0, 0x00,
    0xc0, 0x60, 0x16, 0xcd, 0x58, 0x6b, 0xc1, 0x9e, 0x0c, 0xf0, 0x67, 0x83, 0x3c, 0x19, 0xe0, 0xcf,
    0x06, 0x78, 0x33, 0xc1, 0x9e, 0x0c, 0xf0, 0x67, 0x83, 0x3c, 0x19, 0xe0, 0xcf, 0x06, 0x78, 0x33,
    0xc1, 0x9e, 0x0c, 0xf0, 0x67, 0x83, 0x3c, 0x19, 0xe0, 0xcf, 0x06, 0x78, 0x33, 0xc1, 0x9e, 0x0c,
    0xf0, 0x67, 0x83, 0x3c, 0x19, 0xe0, 0xcf, 0x06, 0x78, 0x33, 0xc1, 0x9e, 0x0c, 0xf0, 0x67, 0x83,
    0x3c, 0x19, 0xe0, 0xcf, 0x06, 0x78, 0x33, 0xc1, 0x9e, 0x0c, 0xf0, 0x67, 0x83, 0x3c, 0x19, 0xe0,
    0xcf, 0x06, 0x78, 0x33, 0xc1, 0x9e, 0x0c, 0xf0, 0x67, 0x83, 0x3c, 0x19, 0xe0, 0xcf, 0x06, 0x78,
    0x33, 0xc1, 0x9e, 0x0c, 0xf0, 0x67, 0x83, 0x3c, 0x19, 0xe0, 0xcf, 0x06, 0x78, 0x33, 0xc1, 0x9e,
    0x0c, 0xf0, 0x67, 0x83, 0x3c, 0x19, 0xe0, 0xcf, 0x06, 0x78, 0x33, 0xc1, 0x9e, 0x0c, 0xf0, 0x67,
    0x83, 0x3c, 0x19, 0xe0, 0xcf, 0x06, 0x78, 0x33, 0xc1, 0x9e, 0x0c, 0xf0, 0x67, 0x83, 0x3c, 0x19,
    0xd0, 0x18, 0x05, 0xb3, 0x56, 0x1a, 0xf0, 0x67, 0x83, 0x3c, 0x19, 0xe0, 0xcf, 0x06, 0x78, 0x33,
    0xc1, 0x9e, 0x0c, 0xf0, 0x67, 0x83, 0x3c, 0x19, 0xe0, 0xcf, 0x06, 0x78, 0x33, 0xc1, 0x9e, 0x0c,
    0xf0, 0x67, 0x83, 0x3c, 0x19, 0xe0, 0xcf, 0x06, 0x78, 0x33, 0xc1, 0x9e, 0x0c, 0xf0, 0x67, 0x83,
    0x3c, 0x19, 0xe0, 0xcf, 0x06, 0x78, 0x33, 0xc1, 0x9e, 0x0c, 0xf0, 0x67, 0x83, 0x3c, 0x19, 0xe0,
    0xcf, 0x06, 0x78, 0x33, 0xc1, 0x9e, 0x0c, 0xf0, 0x67, 0x83, 0x3c, 0x19, 0xe0, 0xcf, 0x06, 0x78,
    0x33, 0xc1, 0x9e, 0x0c, 0xf0, 0x67, 0x83, 0x3c, 0x19, 0xe0, 0xcf, 0x06, 0x78, 0x33, 0xc1, 0x9e,
    0x0c, 0xf0, 0x67, 0x83, 0x3c, 0x19, 0xe0, 0xcf, 0x06, 0x78, 0x33, 0xc1, 0x9e, 0x0c, 0xf0, 0x67,
    0x83, 0x3c, 0x19, 0xe0, 0xcf, 0x06, 0x78, 0x33, 0xc1, 0x9e, 0x0c, 0xf0, 0x67, 0x83, 0x3c, 0x19,
    0xe0, 0xcf, 0x06, 0x78, 0x33, 0xc1, 0x9e, 0x0c, 0xf0, 0x67, 0x83, 0x3c, 0x19, 0xe0, 0xcf, 0x06,
    0x74, 0x06, 0x01, 0x6c, 0xd5, 0x86, 0xbc, 0x19, 0xe0, 0xcf, 0x06, 0x78, 0x33, 0xc1, 0x9e, 0x0c,
    0xf0, 0x67, 0x83, 0x3c, 0x19, 0xe0, 0xcf, 0x06, 0x78, 0x33, 0xc1, 0x9e, 0x0c, 0xf0, 0x67, 0x83,
    0x3c, 0x19, 0xe0, 0xcf, 0x06, 0x78, 0x33, 0xc1, 0x9e, 0x0c, 0xf0, 0x67, 0x83, 0x3c, 0x19, 0xe0,
    0xcf, 0x06, 0x78, 0x33, 0xc1, 0x9e, 0x0c, 0xf0, 0x67, 0x83, 0x3c, 0x19, 0xe0, 0xcf, 0x06, 0x78,
    0x33, 0xc1, 0x9e, 0x0c, 0xf0, 0x67, 0x83, 0x3c, 0x19, 0xe0, 0xcf, 0x06, 0x78, 0x33, 0xc1, 0x9e,
    0x0c, 0xf0, 0x67, 0x83, 0x3c, 0x19, 0xe0, 0xcf, 0x06, 0x78, 0x33, 0xc1, 0x9e, 0x0c, 0xf0, 0x67,
    0x83, 0x3c, 0x19, 0xe0, 0xcf, 0x06, 0x78, 0x33, 0xc1, 0x9e, 0x0c, 0xf0, 0x67, 0x83, 0x3c, 0x19,
    0xe0, 0xcf, 0x06, 0x78, 0x33, 0xc1, 0x9e, 0x0c, 0xf0, 0x67, 0x83, 0x3c, 0x19, 0xe0, 0xcf, 0x06,
    0x78, 0x33, 0xc1, 0x9e, 0x0c, 0xf0, 0x67, 0x83, 0x3c, 0x19, 0xe0, 0xcf, 0x06, 0x78, 0x33, 0xc1,
    0x9d, 0x01, 0x80, 0x5b, 0x35, 0x61, 0xaf, 0x06, 0x78, 0x33, 0xc1, 0x9e, 0x0c, 0xf0, 0x67, 0x83,
    0x3c, 0x19, 0xe0, 0xcf, 0x06, 0x78, 0x33, 0xc1, 0x9e, 0x0c, 0xf0, 0x67, 0x83, 0x3c, 0x19, 0xe0,
    0xcf, 0x06, 0x78, 0x33, 0xc1, 0x9e, 0x0c, 0xf0, 0x67, 0x83, 0x3c, 0x19, 0xe0, 0xcf, 0x06, 0x78,
    0x33, 0xc1, 0x9e, 0x0c, 0xf0, 0x67, 0x83, 0x3c, 0x19, 0xe0, 0xcf, 0x06, 0x78, 0x33, 0xc1, 0x9e,
    0x0c, 0xf0, 0x67, 0x83, 0x3c, 0x19, 0xe0, 0xcf, 0x06, 0x78, 0x33, 0xc1, 0x9e, 0x0c, 0xf0, 0x67,
    0x83, 0x3c, 0x19, 0xe0, 0xcf, 0x06, 0x78, 0x33, 0xc1, 0x9e, 0x0c, 0xf0, 0x67, 0x83, 0x3c, 0x19,
    0xe0, 0xcf, 0x06, 0x78, 0x33, 0xc1, 0x9e, 0x0c, 0xf0, 0x67, 0x83, 0x3c, 0x19, 0xe0, 0xcf, 0x06,
    0x78, 0x33, 0xc1, 0x9e, 0x0c, 0xf0, 0x67, 0x83, 0x3c, 0x19, 0xe0, 0xcf, 0x06, 0x78, 0x33, 0xc1,
    0x9e, 0x0c, 0xf0, 0x67, 0x83, 0x3c, 0x19, 0xe0, 0xcf, 0x06, 0x78, 0x33, 0xc1, 0x9e, 0x0c, 0xf0,
    0x67, 0x40, 0x60, 0x16, 0xcd, 0x58, 0x6b, 0xc1, 0x9e, 0x0c, 0xf0, 0x67, 0x83, 0x3c, 0x19, 0xe0,
    0xcf, 0x06, 0x78, 0x33, 0xc1, 0x9e, 0x0c, 0xf0, 0x67, 0x83, 0x3c, 0x19, 0xe0, 0xcf, 0x06, 0x78,
    0x33, 0xc1, 0x9e, 0x0c, 0xf0, 0x67, 0x83, 0x3c, 0x19, 0xe0, 0xcf, 0x06, 0x78, 0x33, 0xc1, 0x9e,
    0x0c, 0xf0, 0x67, 0x83, 0x3c, 0x19, 0xe0, 0xcf, 0x06, 0x78, 0x33, 0xc1, 0x9e, 0x0c, 0xf0, 0x67,
    0x83, 0x3c, 0x19, 0xe0, 0xcf, 0x06, 0x78, 0x33, 0xc1, 0x9e, 0x0c, 0xf0, 0x67, 0x83, 0x3c, 0x19,
    0xe0, 0xcf, 0x06, 0x78, 0x33, 0xc1, 0x9e, 0x0c, 0xf0, 0x67, 0x83, 0x3c, 0x19, 0xe0, 0xcf, 0x06,
    0x78, 0x33, 0xc1, 0x9e, 0x0c, 0xf0, 0x67, 0x83, 0x3c, 0x19, 0xe0, 0xcf, 0x06, 0x78, 0x33, 0xc1,
    0x9e, 0x0c, 0xf0, 0x67, 0x83, 0x3c, 0x19, 0xe0, 0xcf, 0x06, 0x78, 0x33, 0xc1, 0x9e, 0x0c, 0xf0,
    0x67, 0x83, 0x3c, 0x19, 0xe0, 0xcf, 0x06, 0x78, 0x33, 0xc1, 0x9e, 0x0c, 0xf0, 0x67, 0x83, 0x3c,
    0x19, 0xe0, 0xcf, 0x06, 0x78, 0x33, 0xc1, 0x9e, 0x0c, 0xf0, 0x67, 0x83, 0x3c, 0x19, 0xe0, 0xcf,
    0x06, 0x78, 0x33, 0xc1, 0x9e, 0x0c, 0xf0, 0x67, 0x83, 0x3c, 0x19, 0xe0, 0xcf, 0x06, 0x78, 0x33,
    0xc1, 0x9e, 0x0c, 0xf0, 0x67, 0x83, 0x3c, 0x19, 0xe0, 0xcf, 0x06, 0x78, 0x33, 0xc1, 0x9e, 0x0c,
    0xf0, 0x67, 0x83, 0x3c, 0x19, 0xe0, 0xcf, 0x06, 0x78, 0x33, 0xc1, 0x9e, 0x0c, 0xf0, 0x67, 0x83,
    0x3c, 0x19, 0xe0, 0xcf, 0x06, 0x78, 0x33, 0xc1, 0x9e, 0x0c, 0xf0, 0x67, 0x83, 0x3c, 0x19, 0xe0,
    0xcf, 0x06, 0x78, 0x33, 0xc1, 0x9e, 0x0c, 0xf0, 0x67, 0x83, 0x3c, 0x19, 0xe0, 0xcf, 0x06, 0x78,
    0x33, 0xc1, 0x9e, 0x0c, 0xf0, 0x67, 0x83, 0x3c, 0x19, 0xe0, 0xcf, 0x06, 0x78, 0x33, 0xc1, 0x9e,
    0x0c, 0xf0, 0x67, 0x83, 0x3c, 0x19, 0xe0, 0xcf, 0x06, 0x78, 0x33, 0xc1, 0x9e, 0x0c, 0xf0, 0x67,
    0x83, 0x3c, 0x19, 0xe0, 0xcf, 0x06, 0x78, 0x33, 0xc1, 0x9e, 0x0c, 0xf0, 0x67, 0xc0, 0x20, 0x30,
    0x0b, 0x66, 0xac, 0x35, 0xe0, 0xcf, 0x06, 0x78, 0x33, 0xc1, 0x9e, 0x0c, 0xf0, 0x67, 0x83, 0x3c,
    0x19, 0xe0, 0xcf, 0x06, 0x78, 0x33, 0xc1, 0x9e, 0x0c, 0xf0, 0x67, 0x83, 0x3c, 0x19, 0xe0, 0xcf,
    0x06, 0x78, 0x33, 0xc1, 0x9e, 0x0c, 0xf0, 0x67, 0x83, 0x3c, 0x19, 0xe0, 0xcf, 0x06, 0x78, 0x33,
    0xc1, 0x9e, 0x0c, 0xf0, 0x67, 0x83, 0x3c, 0x19, 0xe0, 0xcf, 0x06, 0x78, 0x33, 0xc1, 0x9e, 0x0c,
    0xf0, 0x67, 0x83, 0x3c, 0x19, 0xe0, 0xcf, 0x06, 0x78, 0x33, 0xc1, 0x9e, 0x0c, 0xf0, 0x67, 0x83,
    0x3c, 0x19, 0xe0, 0xcf, 0x06, 0x78, 0x33, 0xc1, 0x9e, 0x0c, 0xf0, 0x67, 0x83, 0x3c, 0x19, 0xe0,
    0xcf, 0x06, 0x78, 0x33, 0xc1, 0x9e, 0x0c, 0xf0, 0x67, 0x83, 0x3c, 0x19, 0xe0, 0xcf, 0x06, 0x78,
    0x33, 0xc1, 0x9e, 0x0c, 0xf0, 0x67, 0x83, 0x3c, 0x19, 0xe0, 0xcf, 0x06, 0x78, 0x33, 0xc1, 0x9e,
    0x0c, 0xf0, 0x67, 0x83, 0x3c, 0x19, 0xe0, 0xcf, 0x06, 0x78, 0x33, 0xc1, 0x9e, 0x0c, 0xe8, 0x0c,
    0x02, 0xd9, 0xab, 0x0d, 0x78, 0x33, 0xc1, 0x9e, 0x0c, 0xf0, 0x67, 0x83, 0x3c, 0x19, 0xe0, 0xcf,
    0x06, 0x78, 0x33, 0xc1, 0x9e, 0x0c, 0xf0, 0x67, 0x83, 0x3c, 0x19, 0xe0, 0xcf, 0x06, 0x78, 0x33,
    0xc1, 0x9e, 0x0c, 0xf0, 0x67, 0x83, 0x3c, 0x19, 0xe0, 0xcf, 0x06, 0x78, 0x33, 0xc1, 0x9e, 0x0c,
    0xf0, 0x67, 0x83, 0x3c, 0x19, 0xe0, 0xcf, 0x06, 0x78, 0x33, 0xc1, 0x9e, 0x0c, 0xf0, 0x67, 0x83,
    0x3c, 0x19, 0xe0, 0xcf, 0x06, 0x78, 0x33, 0xc1, 0x9e, 0x0c, 0xf0, 0x67, 0x83, 0x3c, 0x19, 0xe0,
    0xcf, 0x06, 0x78, 0x33, 0xc1, 0x9e, 0x0c, 0xf0, 0x67, 0x83, 0x3c, 0x19, 0xe0, 0xcf, 0x06, 0x78,
    0x33, 0xc1, 0x9e, 0x0c, 0xf0, 0x67, 0x83, 0x3c, 0x19, 0xe0, 0xcf, 0x06, 0x78, 0x33, 0xc1, 0x9e,
    0x0c, 0xf0, 0x67, 0x83, 0x3c, 0x19, 0xe0, 0xcf, 0x06, 0x78, 0x33, 0xc1, 0x9e, 0x0c, 0xf0, 0x67,
    0x83, 0x3c, 0x19, 0xe0, 0xcf, 0x06, 0x78, 0x33, 0xc1, 0x9e, 0x0c, 0xf0, 0x67, 0x83, 0x3a, 0x03,
    0x00, 0xb6, 0x6a, 0xc3, 0x5e, 0x0c, 0xf0, 0x67, 0x83, 0x3c, 0x19, 0xe0, 0xcf, 0x06, 0x78, 0x33,
    0xc1, 0x9e, 0x0c, 0xf0, 0x67, 0x83, 0x3c, 0x19, 0xe0, 0xcf, 0x06, 0x78, 0x33, 0xc1, 0x9e, 0x0c,
    0xf0, 0x67, 0x83, 0x3c, 0x19, 0xe0, 0xcf, 0x06, 0x78, 0x33, 0xc1, 0x9e, 0x0c, 0xf0, 0x67, 0x83,
    0x3c, 0x19, 0xe0, 0xcf, 0x06, 0x78, 0x33, 0xc1, 0x9e, 0x0c, 0xf0, 0x67, 0x83, 0x3c, 0x19, 0xe0,
    0xcf, 0x06, 0x78, 0x33, 0xc1, 0x9e, 0x0c, 0xf0, 0x67, 0x83, 0x3c, 0x19, 0xe0, 0xcf, 0x06, 0x78,
    0x33, 0xc1, 0x9e, 0x0c, 0xf0, 0x67, 0x83, 0x3c, 0x19, 0xe0, 0xcf, 0x06, 0x78, 0x33, 0xc1, 0x9e,
    0x0c, 0xf0, 0x67, 0x83, 0x3c, 0x19, 0xe0, 0xcf, 0x06, 0x78, 0x33, 0xc1, 0x9e, 0x0c, 0xf0, 0x67,
    0x83, 0x3c, 0x19, 0xe0, 0xcf, 0x06, 0x78, 0x33, 0xc1, 0x9e, 0x0c, 0xf0, 0x67, 0x83, 0x3c, 0x19,
    0xe0, 0xcf, 0x06, 0x78, 0x33, 0xc1, 0x9e, 0x0c, 0xf0, 0x67, 0x83, 0x3c, 0x19, 0xe0, 0xce, 0x80,
    0xc0, 0x2d, 0x9a, 0xb0, 0xd7, 0x83, 0x3c, 0x19, 0xe0, 0xcf, 0x06, 0x78, 0x33, 0xc1, 0x9e, 0x0c,
    0xf0, 0x67, 0x83, 0x3c, 0x19, 0xe0, 0xcf, 0x06, 0x78, 0x33, 0xc1, 0x9e, 0x0c, 0xf0, 0x67, 0x83,
    0x3c, 0x19, 0xe0, 0xcf, 0x06, 0x78, 0x33, 0xc1, 0x9e, 0x0c, 0xf0, 0x67, 0x83, 0x3c, 0x19, 0xe0,
    0xcf, 0x06, 0x78, 0x33, 0xc1, 0x9e, 0x0c, 0xf0, 0x67, 0x83, 0x3c, 0x19, 0xe0, 0xcf, 0x06, 0x78,
    0x33, 0xc1, 0x9e, 0x0c, 0xf0, 0x67, 0x83, 0x3c, 0x19, 0xe0, 0xcf, 0x06, 0x78, 0x33, 0xc1, 0x9e,
    0x0c, 0xf0, 0x67, 0x83, 0x3c, 0x19, 0xe0, 0xcf, 0x06, 0x78, 0x33, 0xc1, 0x9e, 0x0c, 0xf0, 0x67,
    0x83, 0x3c, 0x19, 0xe0, 0xcf, 0x06, 0x78, 0x33, 0xc1, 0x9e, 0x0c, 0xf0, 0x67, 0x83, 0x3c, 0x19,
    0xe0, 0xcf, 0x06, 0x78, 0x33, 0xc1, 0x9e, 0x0c, 0xf0, 0x67, 0x83, 0x3c, 0x19, 0xe0, 0xcf, 0x06,
    0x78, 0x33, 0xc1, 0x9e, 0x0c, 0xf0, 0x67, 0x83, 0x3c, 0x19, 0xe0, 0xcf, 0x06, 0x78, 0x33, 0xc1,
    0x9e, 0x0c, 0xf0, 0x67, 0x83, 0x3c, 0x19, 0xe0, 0xcf, 0x06, 0x78, 0x33, 0xc1, 0x9e, 0x0c, 0xf0,
    0x67, 0x83, 0x3c, 0x19, 0xe0, 0xcf, 0x06, 0x78, 0x33, 0xc1, 0x9e, 0x0c, 0xf0, 0x67, 0x83, 0x3c,
    0x19, 0xe0, 0xcf, 0x06, 0x78, 0x33, 0xc1, 0x9e, 0x0c, 0xf0, 0x67, 0x83, 0x3c, 0x19, 0xe0, 0xcf,
    0x06, 0x78, 0x33, 0xc1, 0x9e, 0x0c, 0xf0, 0x67, 0x83, 0x3c, 0x19, 0xe0, 0xcf, 0x06, 0x78, 0x33,
    0xc1, 0x9e, 0x0c, 0xf0, 0x67, 0x83, 0x3c, 0x19, 0xe0, 0xcf, 0x06, 0x78, 0x33, 0xc1, 0x9e, 0x0c,
    0xf0, 0x67, 0x83, 0x3c, 0x19, 0xe0, 0xcf, 0x06, 0x78, 0x33, 0xc1, 0x9e, 0x0c, 0xf0, 0x67, 0x83,
    0x3c, 0x19, 0xe0, 0xcf, 0x06, 0x78, 0x33, 0xc1, 0x9e, 0x0c, 0xf0, 0x67, 0x83, 0x3c, 0x19, 0xe0,
    0xcf, 0x06, 0x78, 0x33, 0xc1, 0x9e, 0x0c, 0xf0, 0x67, 0x83, 0x3c, 0x19, 0xe0, 0xcf, 0x06, 0x78,
    0x33, 0xc1, 0x9e, 0x0c, 0xf0, 0x67, 0x83, 0x3c, 0x19, 0xe0, 0xcf, 0x06, 0x78, 0x33, 0xc1, 0x9e,
    0x0c, 0xf0, 0x67, 0x83, 0x3c, 0x19, 0xe0, 0xcf, 0x06, 0x78, 0x33, 0xc1, 0x9e, 0x0c, 0xf0, 0x67,
    0x83, 0x3c, 0x19, 0xe0, 0xcf, 0x06, 0x78, 0x33, 0xc1, 0x9e, 0x0c, 0xf0, 0x67, 0x83, 0x3c, 0x19,
    0xe0, 0xcf, 0x06, 0x78, 0x33, 0xc1, 0x9e, 0x0c, 0xf0, 0x67, 0x83, 0x3c, 0x19, 0xe0, 0xcf, 0x06,
    0x78, 0x33, 0xc1, 0x9e, 0x0c, 0xf0, 0x67, 0x83, 0x3c, 0x19, 0xe0, 0xcf, 0x06, 0x78, 0x33, 0xc1,
    0x9e, 0x0c, 0xf0, 0x67, 0x83, 0x3c, 0x19, 0xe0, 0xcf, 0x06, 0x78, 0x33, 0xc1, 0x9e, 0x0c, 0xf0,
    0x67, 0x83, 0x3c, 0x19, 0xe0, 0xcf, 0x06, 0x78, 0x33, 0xc1, 0x9e, 0x0c, 0xf0, 0x67, 0x83, 0x3c,
    0x19, 0xe0, 0xcf, 0x06, 0x78, 0x33, 0xc1, 0x9e, 0x0c, 0xf0, 0x67, 0x83, 0x3c, 0x19, 0xe0, 0xcf,
    0x06, 0x78, 0x33, 0xc1, 0x9e, 0x0c, 0xf0, 0x67, 0x83, 0x3c, 0x19, 0xe0, 0xcf, 0x06, 0x78, 0x33,
    0xc1, 0x9e, 0x0c, 0xf0, 0x67, 0x83, 0x3c, 0x00, 0x50, 0x18, 0x05, 0xb3, 0x56, 0x1a, 0xf0, 0x67,
    0x83, 0x3c, 0x19, 0xe0, 0xcf, 0x06, 0x78, 0x33, 0xc1, 0x9e, 0x0c, 0xf0, 0x67, 0x83, 0x3c, 0x19,
    0xe0, 0xcf, 0x06, 0x78, 0x33, 0xc1, 0x9e, 0x0c, 0xf0, 0x67, 0x83, 0x3c, 0x19, 0xe0, 0xcf, 0x06,
    0x78, 0x33, 0xc1, 0x9e, 0x0c, 0xf0, 0x67, 0x83, 0x3c, 0x19, 0xe0, 0xcf, 0x06, 0x78, 0x33, 0xc1,
    0x9e, 0x0c, 0xf0, 0x67, 0x83, 0x3c, 0x19, 0xe0, 0xcf, 0x06, 0x78, 0x33, 0xc1, 0x9e, 0x0c, 0xf0,
    0x67, 0x83, 0x3c, 0x19, 0xe0, 0xcf, 0x06, 0x78, 0x33, 0xc1, 0x9e, 0x0c, 0xf0, 0x67, 0x83, 0x3c,
    0x19, 0xe0, 0xcf, 0x06, 0x78, 0x33, 0xc1, 0x9e, 0x0c, 0xf0, 0x67, 0x83, 0x3c, 0x19, 0xe0, 0xcf,
    0x06, 0x78, 0x33, 0xc1, 0x9e, 0x0c, 0xf0, 0x67, 0x83, 0x3c, 0x19, 0xe0, 0xcf, 0x06, 0x78, 0x33,
    0xc1, 0x9e, 0x0c, 0xf0, 0x67, 0x83, 0x3c, 0x19, 0xe0, 0xcf, 0x06, 0x78, 0x33, 0xc1, 0x9e, 0x0c,
    0xf0, 0x67, 0x83, 0x3c, 0x19, 0xe0, 0xcf, 0x06, 0x74, 0x06, 0x01, 0x6c, 0xd5, 0x86, 0xbc, 0x19,
    0xe0, 0xcf, 0x06, 0x78, 0x33, 0xc1, 0x9e, 0x0c, 0xf0, 0x67, 0x83, 0x3c, 0x19, 0xe0, 0xcf, 0x06,
    0x78, 0x33, 0xc1, 0x9e, 0x0c, 0xf0, 0x67, 0x83, 0x3c, 0x19, 0xe0, 0xcf, 0x06, 0x78, 0x33, 0xc1,
    0x9e, 0x0c, 0xf0, 0x67, 0x83, 0x3c, 0x19, 0xe0, 0xcf, 0x06, 0x78, 0x33, 0xc1, 0x9e, 0x0c, 0xf0,
    0x67, 0x83, 0x3c, 0x19, 0xe0, 0xcf, 0x06, 0x78, 0x33, 0xc1, 0x9e, 0x0c, 0xf0, 0x67, 0x83, 0x3c,
    0x19, 0xe0, 0xcf, 0x06, 0x78, 0x33, 0xc1, 0x9e, 0x0c, 0xf0, 0x67, 0x83, 0x3c, 0x19, 0xe0, 0xcf,
    0x06, 0x78, 0x33, 0xc1, 0x9e, 0x0c, 0xf0, 0x67, 0x83, 0x3c, 0x19, 0xe0, 0xcf, 0x06, 0x78, 0x33,
    0xc1, 0x9e, 0x0c, 0xf0, 0x67, 0x83, 0x3c, 0x19, 0xe0, 0xcf, 0x06, 0x78, 0x33, 0xc1, 0x9e, 0x0c,
    0xf0, 0x67, 0x83, 0x3c, 0x19, 0xe0, 0xcf, 0x06, 0x78, 0x33, 0xc1, 0x9e, 0x0c, 0xf0, 0x67, 0x83,
    0x3c, 0x19, 0xe0, 0xcf, 0x06, 0x78, 0x33, 0xc1, 0x9d, 0x01, 0x80, 0x5b, 0x35, 0x61, 0xaf, 0x06,
    0x78, 0x33, 0xc1, 0x9e, 0x0c, 0xf0, 0x67, 0x83, 0x3c, 0x19, 0xe0, 0xcf, 0x06, 0x78, 0x33, 0xc1,
    0x9e, 0x0c, 0xf0, 0x67, 0x83, 0x3c, 0x19, 0xe0, 0xcf, 0x06, 0x78, 0x33, 0xc1, 0x9e, 0x0c, 0xf0,
    0x67, 0x83, 0x3c, 0x19, 0xe0, 0xcf, 0x06, 0x78, 0x33, 0xc1, 0x9e, 0x0c, 0xf0, 0x67, 0x83, 0x3c,
    0x19, 0xe0, 0xcf, 0x06, 0x78, 0x33, 0xc1, 0x9e, 0x0c, 0xf0, 0x67, 0x83, 0x3c, 0x19, 0xe0, 0xcf,
    0x06, 0x78, 0x33, 0xc1, 0x9e, 0x0c, 0xf0, 0x67, 0x83, 0x3c, 0x19, 0xe0, 0xcf, 0x06, 0x78, 0x33,
    0xc1, 0x9e, 0x0c, 0xf0, 0x67, 0x83, 0x3c, 0x19, 0xe0, 0xcf, 0x06, 0x78, 0x33, 0xc1, 0x9e, 0x0c,
    0xf0, 0x67, 0x83, 0x3c, 0x19, 0xe0, 0xcf, 0x06, 0x78, 0x33, 0xc1, 0x9e, 0x0c, 0xf0, 0x67, 0x83,
    0x3c, 0x19, 0xe0, 0xcf, 0x06, 0x78, 0x33, 0xc1, 0x9e, 0x0c, 0xf0, 0x67, 0x83, 0x3c, 0x19, 0xe0,
    0xcf, 0x06, 0x78, 0x33, 0xc1, 0x9e, 0x0c, 0xf0, 0x67, 0x40, 0x60, 0x16, 0xcd, 0x58, 0x6b, 0xc1,
    0x9e, 0x0c, 0xf0, 0x67, 0x83, 0x3c, 0x19, 0xe0, 0xcf, 0x06, 0x78, 0x33, 0xc1, 0x9e, 0x0c, 0xf0,
    0x67, 0x83, 0x3c, 0x19, 0xe0, 0xcf, 0x06, 0x78, 0x33, 0xc1, 0x9e, 0x0c, 0xf0, 0x67, 0x83, 0x3c,
    0x19, 0xe0, 0xcf, 0x06, 0x78, 0x33, 0xc1, 0x9e, 0x0c, 0xf0, 0x67, 0x83, 0x3c, 0x19, 0xe0, 0xcf,
    0x06, 0x78, 0x33, 0xc1, 0x9e, 0x0c, 0xf0, 0x67, 0x83, 0x3c, 0x19, 0xe0, 0xcf, 0x06, 0x78, 0x33,
    0xc1, 0x9e, 0x0c, 0xf0, 0x67, 0x83, 0x3c, 0x19, 0xe0, 0xcf, 0x06, 0x78, 0x33, 0xc1, 0x9e, 0x0c,
    0xf0, 0x67, 0x83, 0x3c, 0x19, 0xe0, 0xcf, 0x06, 0x78, 0x33, 0xc1, 0x9e, 0x0c, 0xf0, 0x67, 0x83,
    0x3c, 0x19, 0xe0, 0xcf, 0x06, 0x78, 0x33, 0xc1, 0x9e, 0x0c, 0xf0, 0x67, 0x83, 0x3c, 0x19, 0xe0,
    0xcf, 0x06, 0x78, 0x33, 0xc1, 0x9e, 0x0c, 0xf0, 0x67, 0x83, 0x3c, 0x19, 0xe0, 0xcf, 0x06, 0x78,
    0x33, 0xc1, 0x9e, 0x0c, 0xf0, 0x67, 0x83, 0x3c, 0x19, 0xe0, 0xcf, 0x06, 0x78, 0x33, 0xc1, 0x9e,
    0x0c, 0xf0, 0x67, 0x83, 0x3c, 0x19, 0xe0, 0xcf, 0x06, 0x78, 0x33, 0xc1, 0x9e, 0x0c, 0xf0, 0x67,
    0x83, 0x3c, 0x19, 0xe0, 0xcf, 0x06, 0x78, 0x33, 0xc1, 0x9e, 0x0c, 0xf0, 0x67, 0x83, 0x3c, 0x19,
    0xe0, 0xcf, 0x06, 0x78, 0x33, 0xc1, 0x9e, 0x0c, 0xf0, 0x67, 0x83, 0x3c, 0x19, 0xe0, 0xcf, 0x06,
    0x78, 0x33, 0xc1, 0x9e, 0x0c, 0xf0, 0x67, 0x83, 0x3c, 0x19, 0xe0, 0xcf, 0x06, 0x78, 0x33, 0xc1,
    0x9e, 0x0c, 0xf0, 0x67, 0x83, 0x3c, 0x19, 0xe0, 0xcf, 0x06, 0x78, 0x33, 0xc1, 0x9e, 0x0c, 0xf0,
    0x67, 0x83, 0x3c, 0x19, 0xe0, 0xcf, 0x06, 0x78, 0x33, 0xc1, 0x9e, 0x0c, 0xf0, 0x67, 0x83, 0x3c,
    0x19, 0xe0, 0xcf, 0x06, 0x78, 0x33, 0xc1, 0x9e, 0x0c, 0xf0, 0x67, 0x83, 0x3c, 0x19, 0xe0, 0xcf,
    0x06, 0x78, 0x33, 0xc1, 0x9e, 0x0c, 0xf0, 0x67, 0x83, 0x3c, 0x19, 0xe0, 0xcf, 0x06, 0x78, 0x33,
    0xc1, 0x9e, 0x0c, 0xf0, 0x67, 0xc0, 0x20, 0x30, 0x0b, 0x66, 0xac, 0x35, 0xe0, 0xcf, 0x06, 0x78,
    0x33, 0xc1, 0x9e, 0x0c, 0xf0, 0x67, 0x83, 0x3c, 0x19, 0xe0, 0xcf, 0x06, 0x78, 0x33, 0xc1, 0x9e,
    0x0c, 0xf0, 0x67, 0x83, 0x3c, 0x19, 0xe0, 0xcf, 0x06, 0x78, 0x33, 0xc1, 0x9e, 0x0c, 0xf0, 0x67,
    0x83, 0x3c, 0x19, 0xe0, 0xcf, 0x06, 0x78, 0x33, 0xc1, 0x9e, 0x0c, 0xf0, 0x67, 0x83, 0x3c, 0x19,
    0xe0, 0xcf, 0x06, 0x78, 0x33, 0xc1, 0x9e, 0x0c, 0xf0, 0x67, 0x83, 0x3c, 0x19, 0xe0, 0xcf, 0x06,
    0x78, 0x33, 0xc1, 0x9e, 0x0c, 0xf0, 0x67, 0x83, 0x3c, 0x19, 0xe0, 0xcf, 0x06, 0x78, 0x33, 0xc1,
    0x9e, 0x0c, 0xf0, 0x67, 0x83, 0x3c, 0x19, 0xe0, 0xcf, 0x06, 0x78, 0x33, 0xc1, 0x9e, 0x0c, 0xf0,
    0x67, 0x83, 0x3c, 0x19, 0xe0, 0xcf, 0x06, 0x78, 0x33, 0xc1, 0x9e, 0x0c, 0xf0, 0x67, 0x83, 0x3c,
    0x19, 0xe0, 0xcf, 0x06, 0x78, 0x33, 0xc1, 0x9e, 0x0c, 0xf0, 0x67, 0x83, 0x3c, 0x19, 0xe0, 0xcf,
    0x06, 0x78, 0x33, 0xc1, 0x9e, 0x0c, 0xe8, 0x0c, 0x02, 0xd9, 0xab, 0x0d, 0x78, 0x33, 0xc1, 0x9e,
    0x0c, 0xf0, 0x67, 0x83, 0x3c, 0x19, 0xe0, 0xcf, 0x06, 0x78, 0x33, 0xc1, 0x9e, 0x0c, 0xf0, 0x67,
    0x83, 0x3c, 0x19, 0xe0, 0xcf, 0x06, 0x78, 0x33, 0xc1, 0x9e, 0x0c, 0xf0, 0x67, 0x83, 0x3c, 0x19,
    0xe0, 0xcf, 0x06, 0x78, 0x33, 0xc1, 0x9e, 0x0c, 0xf0, 0x67, 0x83, 0x3c, 0x19, 0xe0, 0xcf, 0x06,
    0x78, 0x33, 0xc1, 0x9e, 0x0c, 0xf0, 0x67, 0x83, 0x3c, 0x19, 0xe0, 0xcf, 0x06, 0x78, 0x33, 0xc1,
    0x9e, 0x0c, 0xf0, 0x67, 0x83, 0x3c, 0x19, 0xe0, 0xcf, 0x06, 0x78, 0x33, 0xc1, 0x9e, 0x0c, 0xf0,
    0x67, 0x83, 0x3c, 0x19, 0xe0, 0xcf, 0x06, 0x78, 0x33, 0xc1, 0x9e, 0x0c, 0xf0, 0x67, 0x83, 0x3c,
    0x19, 0xe0, 0xcf, 0x06, 0x78, 0x33, 0xc1, 0x9e, 0x0c, 0xf0, 0x67, 0x83, 0x3c, 0x19, 0xe0, 0xcf,
    0x06, 0x78, 0x33, 0xc1, 0x9e, 0x0c, 0xf0, 0x67, 0x83, 0x3c, 0x19, 0xe0, 0xcf, 0x06, 0x78, 0x33,
    0xc1, 0x9e, 0x0c, 0xf0, 0x67, 0x83, 0x3a, 0x03, 0x00, 0xb6, 0x6a, 0xc3, 0x5e, 0x0c, 0xf0, 0x67,
    0x83, 0x3c, 0x19, 0xe0, 0xcf, 0x06, 0x78, 0x33, 0xc1, 0x9e, 0x0c, 0xf0, 0x67, 0x83, 0x3c, 0x19,
    0xe0, 0xcf, 0x06, 0x78, 0x33, 0xc1, 0x9e, 0x0c, 0xf0, 0x67, 0x83, 0x3c, 0x19, 0xe0, 0xcf, 0x06,
    0x78, 0x33, 0xc1, 0x9e, 0x0c, 0xf0, 0x67, 0x83, 0x3c, 0x19, 0xe0, 0xcf, 0x06, 0x78, 0x33, 0xc1,
    0x9e, 0x0c, 0xf0, 0x67, 0x83, 0x3c, 0x19, 0xe0, 0xcf, 0x06, 0x78, 0x33, 0xc1, 0x9e, 0x0c, 0xf0,
    0x67, 0x83, 0x3c, 0x19, 0xe0, 0xcf, 0x06, 0x78, 0x33, 0xc1, 0x9e, 0x0c, 0xf0, 0x67, 0x83, 0x3c,
    0x19, 0xe0, 0xcf, 0x06, 0x78, 0x33, 0xc1, 0x9e, 0x0c, 0xf0, 0x67, 0x83, 0x3c, 0x19, 0xe0, 0xcf,
    0x06, 0x78, 0x33, 0xc1, 0x9e, 0x0c, 0xf0, 0x67, 0x83, 0x3c, 0x19, 0xe0, 0xcf, 0x06, 0x78, 0x33,
    0xc1, 0x9e, 0x0c, 0xf0, 0x67, 0x83, 0x3c, 0x19, 0xe0, 0xcf, 0x06, 0x78, 0x33, 0xc1, 0x9e, 0x0c,
    0xf0, 0x67, 0x83, 0x3c, 0x19, 0xe0, 0xce, 0x80, 0xc0, 0x2d, 0x9a, 0xb0, 0xd7, 0x83, 0x3c, 0x19,
    0xe0, 0xcf, 0x06, 0x78, 0x33, 0xc1, 0x9e, 0x0c, 0xf0, 0x67, 0x83, 0x3c, 0x19, 0xe0, 0xcf, 0x06,
    0x78, 0x33, 0xc1, 0x9e, 0x0c, 0xf0, 0x67, 0x83, 0x3c, 0x19, 0xe0, 0xcf, 0x06, 0x78, 0x33, 0xc1,
    0x9e, 0x0c, 0xf0, 0x67, 0x83, 0x3c, 0x19, 0xe0, 0xcf, 0x06, 0x78, 0x33, 0xc1, 0x9e, 0x0c, 0xf0,
    0x67, 0x83, 0x3c, 0x19, 0xe0, 0xcf, 0x06, 0x78, 0x33, 0xc1, 0x9e, 0x0c, 0xf0, 0x67, 0x83, 0x3c,
    0x19, 0xe0, 0xcf, 0x06, 0x78, 0x33, 0xc1, 0x9e, 0x0c, 0xf0, 0x67, 0x83, 0x3c, 0x19, 0xe0, 0xcf,
    0x06, 0x78, 0x33, 0xc1, 0x9e, 0x0c, 0xf0, 0x67, 0x83, 0x3c, 0x19, 0xe0, 0xcf, 0x06, 0x78, 0x33,
    0xc1, 0x9e, 0x0c, 0xf0, 0x67, 0x83, 0x3c, 0x19, 0xe0, 0xcf, 0x06, 0x78, 0x33, 0xc1, 0x9e, 0x0c,
    0xf0, 0x67, 0x83, 0x3c, 0x19, 0xe0, 0xcf, 0x06, 0x78, 0x33, 0xc1, 0x9e, 0x0c, 0xf0, 0x67, 0x83,
    0x3c, 0x19, 0xe0, 0xcf, 0x06, 0x78, 0x33, 0xa0, 0x30, 0x0b, 0x66, 0xac, 0x35, 0xe0, 0xcf, 0x06,
    0x78, 0x33, 0xc1, 0x9e, 0x0c, 0xf0, 0x67, 0x83, 0x3c, 0x19, 0xe0, 0xcf, 0x06, 0x78, 0x33, 0xc1,
    0x9e, 0x0c, 0xf0, 0x67, 0x83, 0x3c, 0x19, 0xe0, 0xcf, 0x06, 0x78, 0x33, 0xc1, 0x9e, 0x0c, 0xf0,
    0x67, 0x83, 0x3c, 0x19, 0xe0, 0xcf, 0x06, 0x78, 0x33, 0xc1, 0x9e, 0x0c, 0xf0, 0x67, 0x83, 0x3c,
    0x19, 0xe0, 0xcf, 0x06, 0x78, 0x33, 0xc1, 0x9e, 0x0c, 0xf0, 0x67, 0x83, 0x3c, 0x19, 0xe0, 0xcf,
    0x06, 0x78, 0x33, 0xc1, 0x9e, 0x0c, 0xf0, 0x67, 0x83, 0x3c, 0x19, 0xe0, 0xcf, 0x06, 0x78, 0x33,
    0xc1, 0x9e, 0x0c, 0xf0, 0x67, 0x83, 0x3c, 0x19, 0xe0, 0xcf, 0x06, 0x78, 0x33, 0xc1, 0x9e, 0x0c,
    0xf0, 0x67, 0x83, 0x3c, 0x19, 0xe0, 0xcf, 0x06, 0x78, 0x33, 0xc1, 0x9e, 0x0c, 0xf0, 0x67, 0x83,
    0x3c, 0x19, 0xe0, 0xcf, 0x06, 0x78, 0x33, 0xc1, 0x9e, 0x0c, 0xf0, 0x67, 0x83, 0x3c, 0x19, 0xe0,
    0xcf, 0x06, 0x78, 0x33, 0xc1, 0x9e, 0x0c, 0xe8, 0x0c, 0x02, 0xd9, 0xab, 0x0d, 0x78, 0x33, 0xc1,
    0x9e, 0x0c, 0xf0, 0x67, 0x83, 0x3c, 0x19, 0xe0, 0xcf, 0x06, 0x78, 0x33, 0xc1, 0x9e, 0x0c, 0xf0,
    0x67, 0x83, 0x3c, 0x19, 0xe0, 0xcf, 0x06, 0x78, 0x33, 0xc1, 0x9e, 0x0c, 0xf0, 0x67, 0x83, 0x3c,
    0x19, 0xe0, 0xcf, 0x06, 0x78, 0x33, 0xc1, 0x9e, 0x0c, 0xf0, 0x67, 0x83, 0x3c, 0x19, 0xe0, 0xcf,
    0x06, 0x78, 0x33, 0xc1, 0x9e, 0x0c, 0xf0, 0x67, 0x83, 0x3c, 0x19, 0xe0, 0xcf, 0x06, 0x78, 0x33,
    0xc1, 0x9e, 0x0c, 0xf0, 0x67, 0x83, 0x3c, 0x19, 0xe0, 0xcf, 0x06, 0x78, 0x33, 0xc1, 0x9e, 0x0c,
    0xf0, 0x67, 0x83, 0x3c, 0x19, 0xe0, 0xcf, 0x06, 0x78, 0x33, 0xc1, 0x9e, 0x0c, 0xf0, 0x67, 0x83,
    0x3c, 0x19, 0xe0, 0xcf, 0x06, 0x78, 0x33, 0xc1, 0x9e, 0x0c, 0xf0, 0x67, 0x83, 0x3c, 0x19, 0xe0,
    0xcf, 0x06, 0x78, 0x33, 0xc1, 0x9e, 0x0c, 0xf0, 0x67, 0x83, 0x3c, 0x19, 0xe0, 0xcf, 0x06, 0x78,
    0x33, 0xc1, 0x9e, 0x0c, 0xf0, 0x67, 0x83, 0x3a, 0x03, 0x00, 0xb6, 0x6a, 0xc3, 0x5e, 0x0c, 0xf0,
    0x67, 0x83, 0x3c, 0x19, 0xe0, 0xcf, 0x06, 0x78, 0x33, 0xc1, 0x9e, 0x0c, 0xf0, 0x67, 0x83, 0x3c,
    0x19, 0xe0, 0xcf, 0x06, 0x78, 0x33, 0xc1, 0x9e, 0x0c, 0xf0, 0x67, 0x83, 0x3c, 0x19, 0xe0, 0xcf,
    0x06, 0x78, 0x33, 0xc1, 0x9e, 0x0c, 0xf0, 0x67, 0x83, 0x3c, 0x19, 0xe0, 0xcf, 0x06, 0x78, 0x33,
    0xc1, 0x9e, 0x0c, 0xf0, 0x67, 0x83, 0x3c, 0x19, 0xe0, 0xcf, 0x06, 0x78, 0x33, 0xc1, 0x9e, 0x0c,
    0xf0, 0x67, 0x83, 0x3c, 0x19, 0xe0, 0xcf, 0x06, 0x78, 0x33, 0xc1, 0x9e, 0x0c, 0xf0, 0x67, 0x83,
    0x3c, 0x19, 0xe0, 0xcf, 0x06, 0x78, 0x33, 0xc1, 0x9e, 0x0c, 0xf0, 0x67, 0x83, 0x3c, 0x19, 0xe0,
    0xcf, 0x06, 0x78, 0x33, 0xc1, 0x9e, 0x0c, 0xf0, 0x67, 0x83, 0x3c, 0x19, 0xe0, 0xcf, 0x06, 0x78,
    0x33, 0xc1, 0x9e, 0x0c, 0xf0, 0x67, 0x83, 0x3c, 0x19, 0xe0, 0xcf, 0x06, 0x78, 0x33, 0xc1, 0x9e,
    0x0c, 0xf0, 0x67, 0x83, 0x3c, 0x19, 0xe0, 0xce, 0x80, 0xc0, 0x2d, 0x9a, 0xb0, 0xd7, 0x83, 0x3c,
    0x19, 0xe0, 0xcf, 0x06, 0x78, 0x33, 0xc1, 0x9e, 0x0c, 0xf0, 0x67, 0x83, 0x3c, 0x19, 0xe0, 0xcf,
    0x06, 0x78, 0x33, 0xc1, 0x9e, 0x0c, 0xf0, 0x67, 0x83, 0x3c, 0x19, 0xe0, 0xcf, 0x06, 0x78, 0x33,
    0xc1, 0x9e, 0x0c, 0xf0, 0x67, 0x83, 0x3c, 0x19, 0xe0, 0xcf, 0x06, 0x78, 0x33, 0xc1, 0x9e, 0x0c,
    0xf0, 0x67, 0x83, 0x3c, 0x19, 0xe0, 0xcf, 0x06, 0x78, 0x33, 0xc1, 0x9e, 0x0c, 0xf0, 0x67, 0x83,
    0x3c, 0x19, 0xe0, 0xcf, 0x06, 0x78, 0x33, 0xc1, 0x9e, 0x0c, 0xf0, 0x67, 0x83, 0x3c, 0x19, 0xe0,
    0xcf, 0x06, 0x78, 0x33, 0xc1, 0x9e, 0x0c, 0xf0, 0x67, 0x83, 0x3c, 0x19, 0xe0, 0xcf, 0x06, 0x78,
    0x33, 0xc1, 0x9e, 0x0c, 0xf0, 0x67, 0x83, 0x3c, 0x19, 0xe0, 0xcf, 0x06, 0x78, 0x33, 0xc1, 0x9e,
    0x0c, 0xf0, 0x67, 0x83, 0x3c, 0x19, 0xe0, 0xcf, 0x06, 0x78, 0x33, 0xc1, 0x9e, 0x0c, 0xf0, 0x67,
    0x83, 0x3c, 0x19, 0xe0, 0xcf, 0x06, 0x78, 0x33, 0xc1, 0x9e, 0x0c, 0xf0, 0x67, 0x83, 0x3c, 0x19,
    0xe0, 0xcf, 0x06, 0x78, 0x33, 0xc1, 0x9e, 0x0c, 0xf0, 0x67, 0x83, 0x3c, 0x19, 0xe0, 0xcf, 0x06,
    0x78, 0x33, 0xc1, 0x9e, 0x0c, 0xf0, 0x67, 0x83, 0x3c, 0x19, 0xe0, 0xcf, 0x06, 0x78, 0x33, 0xc1,
    0x9e, 0x0c, 0xf0, 0x67, 0x83, 0x3c, 0x19, 0xe0, 0xcf, 0x06, 0x78, 0x33, 0xc1, 0x9e, 0x0c, 0xf0,
    0x67, 0x83, 0x3c, 0x19, 0xe0, 0xcf, 0x06, 0x78, 0x33, 0xc1, 0x9e, 0x0c, 0xf0, 0x67, 0x83, 0x3c,
    0x19, 0xe0, 0xcf, 0x06, 0x78, 0x33, 0xc1, 0x9e, 0x0c, 0xf0, 0x67, 0x83, 0x3c, 0x19, 0xe0, 0xcf,
    0x06, 0x78, 0x33, 0xc1, 0x9e, 0x0c, 0xf0, 0x67, 0x83, 0x3c, 0x19, 0xe0, 0xcf, 0x06, 0x78, 0x33,
    0xc1, 0x9e, 0x0c, 0xf0, 0x67, 0x83, 0x3c, 0x19, 0xe0, 0xcf, 0x06, 0x78, 0x33, 0xc1, 0x9e, 0x0c,
    0xf0, 0x67, 0x83, 0x3c, 0x19, 0xe0, 0xcf, 0x06, 0x78, 0x33, 0xc1, 0x9e, 0x0c, 0xf0, 0x67, 0x83,
    0x3c, 0x19, 0xe0, 0xcf, 0x80, 0x40, 0x60, 0x16, 0xcd, 0x58, 0x6b, 0xc1, 0x9e, 0x0c, 0xf0, 0x67,
    0x83, 0x3c, 0x19, 0xe0, 0xcf, 0x06, 0x78, 0x33, 0xc1, 0x9e, 0x0c, 0xf0, 0x67, 0x83, 0x3c, 0x19,
    0xe0, 0xcf, 0x06, 0x78, 0x33, 0xc1, 0x9e, 0x0c, 0xf0, 0x67, 0x83, 0x3c, 0x19, 0xe0, 0xcf, 0x06,
    0x78, 0x33, 0xc1, 0x9e, 0x0c, 0xf0, 0x67, 0x83, 0x3c, 0x19, 0xe0, 0xcf, 0x06, 0x78, 0x33, 0xc1,
    0x9e, 0x0c, 0xf0, 0x67, 0x83, 0x3c, 0x19, 0xe0, 0xcf, 0x06, 0x78, 0x33, 0xc1, 0x9e, 0x0c, 0xf0,
    0x67, 0x83, 0x3c, 0x19, 0xe0, 0xcf, 0x06, 0x78, 0x33, 0xc1, 0x9e, 0x0c, 0xf0, 0x67, 0x83, 0x3c,
    0x19, 0xe0, 0xcf, 0x06, 0x78, 0x33, 0xc1, 0x9e, 0x0c, 0xf0, 0x67, 0x83, 0x3c, 0x19, 0xe0, 0xcf,
    0x06, 0x78, 0x33, 0xc1, 0x9e, 0x0c, 0xf0, 0x67, 0x83, 0x3c, 0x19, 0xe0, 0xcf, 0x06, 0x78, 0x33,
    0xc1, 0x9e, 0x0c, 0xf0, 0x67, 0x83, 0x3c, 0x19, 0xe0, 0xcf, 0x06, 0x78, 0x33, 0xc1, 0x9e, 0x0c,
    0xf0, 0x67, 0x83, 0x3c, 0x19, 0xd0, 0x18, 0x05, 0xb3, 0x56, 0x1a, 0xf0, 0x67, 0x83, 0x3c, 0x19,
    0xe0, 0xcf, 0x06, 0x78, 0x33, 0xc1, 0x9e, 0x0c, 0xf0, 0x67, 0x83, 0x3c, 0x19, 0xe0, 0xcf, 0x06,
    0x78, 0x33, 0xc1, 0x9e, 0x0c, 0xf0, 0x67, 0x83, 0x3c, 0x19, 0xe0, 0xcf, 0x06, 0x78, 0x33, 0xc1,
    0x9e, 0x0c, 0xf0, 0x67, 0x83, 0x3c, 0x19, 0xe0, 0xcf, 0x06, 0x78, 0x33, 0xc1, 0x9e, 0x0c, 0xf0,
    0x67, 0x83, 0x3c, 0x19, 0xe0, 0xcf, 0x06, 0x78, 0x33, 0xc1, 0x9e, 0x0c, 0xf0, 0x67, 0x83, 0x3c,
    0x19, 0xe0, 0xcf, 0x06, 0x78, 0x33, 0xc1, 0x9e, 0x0c, 0xf0, 0x67, 0x83, 0x3c, 0x19, 0xe0, 0xcf,
    0x06, 0x78, 0x33, 0xc1, 0x9e, 0x0c, 0xf0, 0x67, 0x83, 0x3c, 0x19, 0xe0, 0xcf, 0x06, 0x78, 0x33,
    0xc1, 0x9e, 0x0c, 0xf0, 0x67, 0x83, 0x3c, 0x19, 0xe0, 0xcf, 0x06, 0x78, 0x33, 0xc1, 0x9e, 0x0c,
    0xf0, 0x67, 0x83, 0x3c, 0x19, 0xe0, 0xcf, 0x06, 0x78, 0x33, 0xc1, 0x9e, 0x0c, 0xf0, 0x67, 0x83,
    0x3c, 0x19, 0xe0, 0xcf, 0x06, 0x74, 0x06, 0x01, 0x6c, 0xd5, 0x86, 0xbc, 0x19, 0xe0, 0xcf, 0x06,
    0x78, 0x33, 0xc1, 0x9e, 0x0c, 0xf0, 0x67, 0x83, 0x3c, 0x19, 0xe0, 0xcf, 0x06, 0x78, 0x33, 0xc1,
    0x9e, 0x0c, 0xf0, 0x67, 0x83, 0x3c, 0x19, 0xe0, 0xcf, 0x06, 0x78, 0x33, 0xc1, 0x9e, 0x0c, 0xf0,
    0x67, 0x83, 0x3c, 0x19, 0xe0, 0xcf, 0x06, 0x78, 0x33, 0xc1, 0x9e, 0x0c, 0xf0, 0x67, 0x83, 0x3c,
    0x19, 0xe0, 0xcf, 0x06, 0x78, 0x33, 0xc1, 0x9e, 0x0c, 0xf0, 0x67, 0x83, 0x3c, 0x19, 0xe0, 0xcf,
    0x06, 0x78, 0x33, 0xc1, 0x9e, 0x0c, 0xf0, 0x67, 0x83, 0x3c, 0x19, 0xe0, 0xcf, 0x06, 0x78, 0x33,
    0xc1, 0x9e, 0x0c, 0xf0, 0x67, 0x83, 0x3c, 0x19, 0xe0, 0xcf, 0x06, 0x78, 0x33, 0xc1, 0x9e, 0x0c,
    0xf0, 0x67, 0x83, 0x3c, 0x19, 0xe0, 0xcf, 0x06, 0x78, 0x33, 0xc1, 0x9e, 0x0c, 0xf0, 0x67, 0x83,
    0x3c, 0x19, 0xe0, 0xcf, 0x06, 0x78, 0x33, 0xc1, 0x9e, 0x0c, 0xf0, 0x67, 0x83, 0x3c, 0x19, 0xe0,
    0xcf, 0x06, 0x78, 0x33, 0xc1, 0x9d, 0x01, 0x80, 0x5b, 0x35, 0x61, 0xaf, 0x06, 0x78, 0x33, 0xc1,
    0x9e, 0x0c, 0xf0, 0x67, 0x83, 0x3c, 0x19, 0xe0, 0xcf, 0x06, 0x78, 0x33, 0xc1, 0x9e, 0x0c, 0xf0,
    0x67, 0x83, 0x3c, 0x19, 0xe0, 0xcf, 0x06, 0x78, 0x33, 0xc1, 0x9e, 0x0c, 0xf0, 0x67, 0x83, 0x3c,
    0x19, 0xe0, 0xcf, 0x06, 0x78, 0x33, 0xc1, 0x9e, 0x0c, 0xf0, 0x67, 0x83, 0x3c, 0x19, 0xe0, 0xcf,
    0x06, 0x78, 0x33, 0xc1, 0x9e, 0x0c, 0xf0, 0x67, 0x83, 0x3c, 0x19, 0xe0, 0xcf, 0x06, 0x78, 0x33,
    0xc1, 0x9e, 0x0c, 0xf0, 0x67, 0x83, 0x3c, 0x19, 0xe0, 0xcf, 0x06, 0x78, 0x33, 0xc1, 0x9e, 0x0c,
    0xf0, 0x67, 0x83, 0x3c, 0x19, 0xe0, 0xcf, 0x06, 0x78, 0x33, 0xc1, 0x9e, 0x0c, 0xf0, 0x67, 0x83,
    0x3c, 0x19, 0xe0, 0xcf, 0x06, 0x78, 0x33, 0xc1, 0x9e, 0x0c, 0xf0, 0x67, 0x83, 0x3c, 0x19, 0xe0,
    0xcf, 0x06, 0x78, 0x33, 0xc1, 0x9e, 0x0c, 0xf0, 0x67, 0x83, 0x3c, 0x19, 0xe0, 0xcf, 0x06, 0x78,
    0x33, 0xc1, 0x9e, 0x0c, 0xf0, 0x67, 0x40, 0x60, 0x16, 0xcd, 0x58, 0x6b, 0xc1, 0x9e, 0x0c, 0xf0,
    0x67, 0x83, 0x3c, 0x19, 0xe0, 0xcf, 0x06, 0x78, 0x33, 0xc1, 0x9e, 0x0c, 0xf0, 0x67, 0x83, 0x3c,
    0x19, 0xe0, 0xcf, 0x06, 0x78, 0x33, 0xc1, 0x9e, 0x0c, 0xf0, 0x67, 0x83, 0x3c, 0x19, 0xe0, 0xcf,
    0x06, 0x78, 0x33, 0xc1, 0x9e, 0x0c, 0xf0, 0x67, 0x83, 0x3c, 0x19, 0xe0, 0xcf, 0x06, 0x78, 0x33,
    0xc1, 0x9e, 0x0c, 0xf0, 0x67, 0x83, 0x3c, 0x19, 0xe0, 0xcf, 0x06, 0x78, 0x33, 0xc1, 0x9e, 0x0c,
    0xf0, 0x67, 0x83, 0x3c, 0x19, 0xe0, 0xcf, 0x06, 0x78, 0x33, 0xc1, 0x9e, 0x0c, 0xf0, 0x67, 0x83,
    0x3c, 0x19, 0xe0, 0xcf, 0x06, 0x78, 0x33, 0xc1, 0x9e, 0x0c, 0xf0, 0x67, 0x83, 0x3c, 0x19, 0xe0,
    0xcf, 0x06, 0x78, 0x33, 0xc1, 0x9e, 0x0c, 0xf0, 0x67, 0x83, 0x3c, 0x19, 0xe0, 0xcf, 0x06, 0x78,
    0x33, 0xc1, 0x9e, 0x0c, 0xf0, 0x67, 0x83, 0x3c, 0x19, 0xe0, 0xcf, 0x06, 0x78, 0x33, 0xc1, 0x9e,
    0x0c, 0xf0, 0x67, 0x83, 0x3c, 0x19, 0xd0, 0x18, 0x05, 0xb3, 0x56, 0x1a, 0xf0, 0x67, 0x83, 0x3c,
    0x19, 0xe0, 0xcf, 0x06, 0x78, 0x33, 0xc1, 0x9e, 0x0c, 0xf0, 0x67, 0x83, 0x3c, 0x19, 0xe0, 0xcf,
    0x06, 0x78, 0x33, 0xc1, 0x9e, 0x0c, 0xf0, 0x67, 0x83, 0x3c, 0x19, 0xe0, 0xcf, 0x06, 0x78, 0x33,
    0xc1, 0x9e, 0x0c, 0xf0, 0x67, 0x83, 0x3c, 0x19, 0xe0, 0xcf, 0x06, 0x78, 0x33, 0xc1, 0x9e, 0x0c,
    0xf0, 0x67, 0x83, 0x3c, 0x19, 0xe0, 0xcf, 0x06, 0x78, 0x33, 0xc1, 0x9e, 0x0c, 0xf0, 0x67, 0x83,
    0x3c, 0x19, 0xe0, 0xcf, 0x06, 0x78, 0x33, 0xc1, 0x9e, 0x0c, 0xf0, 0x67, 0x83, 0x3c, 0x19, 0xe0,
    0xcf, 0x06, 0x78, 0x33, 0xc1, 0x9e, 0x0c, 0xf0, 0x67, 0x83, 0x3c, 0x19, 0xe0, 0xcf, 0x06, 0x78,
    0x33, 0xc1, 0x9e, 0x0c, 0xf0, 0x67, 0x83, 0x3c, 0x19, 0xe0, 0xcf, 0x06, 0x78, 0x33, 0xc1, 0x9e,
    0x0c, 0xf0, 0x67, 0x83, 0x3c, 0x19, 0xe0, 0xcf, 0x06, 0x78, 0x33, 0xc1, 0x9e, 0x0c, 0xf0, 0x67,
    0x83, 0x3c, 0x19, 0xe0, 0xcf, 0x06, 0x74, 0x06, 0x01, 0x6c, 0xd5, 0x86, 0xbc, 0x19, 0xe0, 0xcf,
    0x06, 0x78, 0x33, 0xc1, 0x9e, 0x0c, 0xf0, 0x67, 0x83, 0x3c, 0x19, 0xe0, 0xcf, 0x06, 0x78, 0x33,
    0xc1, 0x9e, 0x0c, 0xf0, 0x67, 0x83, 0x3c, 0x19, 0xe0, 0xcf, 0x06, 0x78, 0x33, 0xc1, 0x9e, 0x0c,
    0xf0, 0x67, 0x83, 0x3c, 0x19, 0xe0, 0xcf, 0x06, 0x78, 0x33, 0xc1, 0x9e, 0x0c, 0xf0, 0x67, 0x83,
    0x3c, 0x19, 0xe0, 0xcf, 0x06, 0x78, 0x33, 0xc1, 0x9e, 0x0c, 0xf0, 0x67, 0x83, 0x3c, 0x19, 0xe0,
    0xcf, 0x06, 0x78, 0x33, 0xc1, 0x9e, 0x0c, 0xf0, 0x67, 0x83, 0x3c, 0x19, 0xe0, 0xcf, 0x06, 0x78,
    0x33, 0xc1, 0x9e, 0x0c, 0xf0, 0x67, 0x83, 0x3c, 0x19, 0xe0, 0xcf, 0x06, 0x78, 0x33, 0xc1, 0x9e,
    0x0c, 0xf0, 0x67, 0x83, 0x3c, 0x19, 0xe0, 0xcf, 0x06, 0x78, 0x33, 0xc1, 0x9e, 0x0c, 0xf0, 0x67,
    0x83, 0x3c, 0x19, 0xe0, 0xcf, 0x06, 0x78, 0x33, 0xc1, 0x9e, 0x0c, 0xf0, 0x67, 0x83, 0x3c, 0x19,
    0xe0, 0xcf, 0x06, 0x78, 0x33, 0xc1, 0x9d, 0x01, 0x80, 0x5b, 0x35, 0x61, 0xaf, 0x06, 0x78, 0x33,
    0xc1, 0x9e, 0x0c, 0xf0, 0x67, 0x83, 0x3c, 0x19, 0xe0, 0xcf, 0x06, 0x78, 0x33, 0xc1, 0x9e, 0x0c,
    0xf0, 0x67, 0x83, 0x3c, 0x19, 0xe0, 0xcf, 0x06, 0x78, 0x33, 0xc1, 0x9e, 0x0c, 0xf0, 0x67, 0x83,
    0x3c, 0x19, 0xe0, 0xcf, 0x06, 0x78, 0x33, 0xc1, 0x9e, 0x0c, 0xf0, 0x67, 0x83, 0x3c, 0x19, 0xe0,
    0xcf, 0x06, 0x78, 0x33, 0xc1, 0x9e, 0x0c, 0xf0, 0x67, 0x83, 0x3c, 0x19, 0xe0, 0xcf, 0x06, 0x78,
    0x33, 0xc1, 0x9e, 0x0c, 0xf0, 0x67, 0x83, 0x3c, 0x19, 0xe0, 0xcf, 0x06, 0x78, 0x33, 0xc1, 0x9e,
    0x0c, 0xf0, 0x67, 0x83, 0x3c, 0x19, 0xe0, 0xcf, 0x06, 0x78, 0x33, 0xc1, 0x9e, 0x0c, 0xf0, 0x67,
    0x83, 0x3c, 0x19, 0xe0, 0xcf, 0x06, 0x78, 0x33, 0xc1, 0x9e, 0x0c, 0xf0, 0x67, 0x83, 0x3c, 0x19,
    0xe0, 0xcf, 0x06, 0x78, 0x33, 0xc1, 0x9e, 0x0c, 0xf0, 0x67, 0x83, 0x3c, 0x19, 0xe0, 0xcf, 0x06,
    0x78, 0x33, 0xc1, 0x9e, 0x0c, 0xf0, 0x67, 0x83, 0x3c, 0x19, 0xe0, 0xcf, 0x06, 0x78, 0x33, 0xc1,
    0x9e, 0x0c, 0xf0, 0x67, 0x83, 0x3c, 0x19, 0xe0, 0xcf, 0x06, 0x78, 0x33, 0xc1, 0x9e, 0x0c, 0xf0,
    0x67, 0x83, 0x3c, 0x19, 0xe0, 0xcf, 0x06, 0x78, 0x33, 0xc1, 0x89, 0x02, 0xa8, 0x03, 0x62, 0x89,
    0x2f, 0x06, 0xf8, 0x37, 0xc1, 0xbe, 0x0d, 0xf0, 0x6f, 0x83, 0x7c, 0x1b, 0xe0, 0xde, 0x52, 0xf8,
    0x33, 0xc1, 0x9e, 0x0c, 0xf0, 0x67, 0x83, 0x3c, 0x19, 0xe0, 0xcf, 0x06, 0x78, 0x33, 0xc1, 0x9e,
    0x0c, 0xf0, 0x67, 0x83, 0x3c, 0x19, 0xe0, 0xcf, 0x06, 0x78, 0x33, 0xc1, 0x9e, 0x0c, 0xf0, 0x67,
    0x83, 0x3c, 0x19, 0xe0, 0xcf, 0x06, 0x78, 0x33, 0xc1, 0x9e, 0x0c, 0xf0, 0x67, 0x83, 0x3c, 0x19,
    0xb0, 0x2a, 0x80, 0x36, 0x28, 0x92, 0xf0, 0x6f, 0x83, 0x7c, 0x1b, 0x45, 0x1f, 0x06, 0x78, 0x33,
    0xc1, 0x9e, 0x0c, 0xf0, 0x67, 0x83, 0x3c, 0x19, 0xe0, 0xcf, 0x06, 0x78, 0x33, 0xc1, 0x9e, 0x0c,
    0xf0, 0x67, 0x83, 0x3c, 0x19, 0xe0, 0xcf, 0x06, 0x78, 0x33, 0xc1, 0x9e, 0x0c, 0xf0, 0x67, 0x80,
    0x1e, 0x03, 0x00, 0xb6, 0x6a, 0xc3, 0x5e, 0x0c, 0xf0, 0x67, 0x83, 0x3c, 0x19, 0xe0, 0xcf, 0x06,
    0x78, 0x33, 0xc1, 0x9e, 0x0c, 0xf0, 0x67, 0x83, 0x3c, 0x19, 0xe0, 0xcf, 0x06, 0x78, 0x33, 0xc1,
    0x9e, 0x0c, 0xf0, 0x67, 0x83, 0x22, 0x05, 0x50, 0x06, 0xc5, 0x12, 0x5e, 0x0d, 0xe1, 0xaf, 0x83,
    0x3c, 0x19, 0xe0, 0xcf, 0x06, 0x78, 0x33, 0xc1, 0x9e, 0x0c, 0xf0, 0x67, 0x83, 0x3c, 0x19, 0xe0,
    0xcf, 0x06, 0x78, 0x33, 0xc1, 0x9e, 0x0c, 0xf0, 0x67, 0x83, 0x3c, 0x19, 0xe0, 0xcf, 0x06, 0x78,
    0x33, 0xc1, 0x9e, 0x0c, 0xf0, 0x67, 0x83, 0x3c, 0x19, 0xe0, 0xcf, 0x06, 0x78, 0x33, 0xc1, 0x9e,
    0x0c, 0xf0, 0x67, 0x83, 0x3c, 0x19, 0xe0, 0xcf, 0x06, 0x78, 0x33, 0xc1, 0x9e, 0x0c, 0xf0, 0x64,
    0xc0, 0xaa, 0x00, 0xd8, 0xa2, 0x4b, 0xc4, 0xfe, 0x0c, 0xf0, 0x67, 0x83, 0x3c, 0x19, 0xe0, 0xcf,
    0x06, 0x78, 0x33, 0xc1, 0x9e, 0x0c, 0xf0, 0x67, 0x83, 0x3c, 0x19, 0xe0, 0xcf, 0x06, 0x78, 0x33,
    0xc1, 0x9e, 0x0c, 0xf0, 0x67, 0x83, 0x3c, 0x19, 0xe0, 0xcf, 0x06, 0x78, 0x01, 0x60, 0x30, 0x0b,
    0x66, 0xac, 0x35, 0xe0, 0xcf, 0x06, 0x78, 0x33, 0xc1, 0x9e, 0x0c, 0xf0, 0x67, 0x83, 0x3c, 0x19,
    0xe0, 0xcf, 0x06, 0x78, 0x33, 0xc1, 0x9e, 0x0c, 0xf0, 0x67, 0x83, 0x3c, 0x19, 0xe0, 0xcf, 0x06,
    0x78, 0x33, 0xc1, 0x9e, 0x0c, 0xf0, 0x67, 0x83, 0x3c, 0x19, 0xe0, 0xcf, 0x06, 0x78, 0x33, 0xc1,
    0x9e, 0x0c, 0xf0, 0x67, 0x83, 0x3c, 0x19, 0xe0, 0xcf, 0x06, 0x78, 0x33, 0xc1, 0x9e, 0x0c, 0xf0,
    0x67, 0x83, 0x36, 0x05, 0x70, 0x06, 0xc7, 0x1b, 0x08, 0x27, 0xf0, 0x67, 0x83, 0x3c, 0x19, 0xe0,
    0xcf, 0x06, 0x78, 0x33, 0xc1, 0x9e, 0x0c, 0xf0, 0x67, 0x83, 0x3c, 0x19, 0xe0, 0xcf, 0x06, 0x78,
    0x33, 0xc1, 0x9e, 0x0c, 0xf0, 0x67, 0x83, 0x3c, 0x19, 0xe0, 0xcf, 0x06, 0x78, 0x33, 0xc1, 0x9e,
    0x0c, 0xf0, 0x67, 0x83, 0x3c, 0x19, 0xe0, 0xcf, 0x06, 0x78, 0x33, 0xc1, 0x9e, 0x0c, 0xf0, 0x67,
    0x83, 0x3c, 0x19, 0xe0, 0xcf, 0x06, 0x78, 0x33, 0xc1, 0x9e, 0x0c, 0xf0, 0x67, 0x83, 0x3c, 0x19,
    0xe0, 0xcf, 0x00, 0x24, 0x06, 0x01, 0x6c, 0xd5, 0x86, 0xbc, 0x19, 0xe0, 0xcf, 0x06, 0x78, 0x33,
    0xc1, 0x9e, 0x0c, 0xf0, 0x67, 0x83, 0x3c, 0x19, 0xe0, 0xc9, 0x81, 0x5c, 0x01, 0xb1, 0xc6, 0xc2,
    0x09, 0xfc, 0x19, 0xe0, 0xcf, 0x06, 0x78, 0x33, 0xc1, 0x9e, 0x0c, 0xf0, 0x67, 0x83, 0x3d, 0x39,
    0xe2, 0x7f, 0x06, 0x78, 0x33, 0xc1, 0x9e, 0x0c, 0xf0, 0x67, 0x83, 0x3c, 0x19, 0xe0, 0xcf, 0x06,
    0x78, 0x33, 0xc1, 0x9e, 0x0c, 0xf0, 0x67, 0x83, 0x3c, 0x19, 0xe0, 0xcf, 0x06, 0x78, 0x33, 0xc1,
    0x9e, 0x0c, 0x28, 0x15, 0xc0, 0x1b, 0x1c, 0x6c, 0x20, 0x6b, 0xc3, 0x5e, 0x42, 0xf0, 0x67, 0x83,
    0x3c, 0x19, 0xe0, 0xcf, 0x06, 0x78, 0x33, 0xc1, 0x9e, 0x0c, 0xf0, 0x67, 0x83, 0x3c, 0x19, 0xe0,
    0xcf, 0x06, 0x78, 0x33, 0xc1, 0x9e, 0x0c, 0xf0, 0x67, 0x83, 0x3c, 0x19, 0xe0, 0xcf, 0x06, 0x78,
    0x33, 0xc1, 0x9e, 0x0c, 0xf0, 0x67, 0x83, 0x3c, 0x19, 0xe0, 0xcf, 0x06, 0x78, 0x33, 0xc1, 0x9e,
    0x0c, 0xf0, 0x67, 0x83, 0x3c, 0x19, 0xe0, 0xcf, 0x06, 0x78, 0x33, 0xc1, 0x9e, 0x0c, 0xf0, 0x65,
    0xc0, 0x60, 0x16, 0xcd, 0x58, 0x6b, 0xc1, 0x9e, 0x0c, 0xf0, 0x67, 0x83, 0x3c, 0x19, 0xe0, 0xcf,
    0x06, 0x78, 0x33, 0xc1, 0x9e, 0x0c, 0xf0, 0x67, 0x83, 0x3c, 0x19, 0xe0, 0xcf, 0x06, 0x78, 0x33,
    0xc1, 0x9e, 0x0c, 0xf0, 0x67, 0x83, 0x3c, 0x19, 0xe0, 0xcf, 0x06, 0x78, 0x33, 0xc1, 0x9e, 0x0c,
    0xf0, 0x67, 0x83, 0x3c, 0x19, 0xe0, 0xcf, 0x06, 0x78, 0x33, 0xc1, 0x9e, 0x0c, 0xf0, 0x67, 0x83,
    0x3c, 0x19, 0xe0, 0xcf, 0x06, 0x78, 0x33, 0xc1, 0x9e, 0x0c, 0xf0, 0x67, 0x83, 0x3c, 0x19, 0xe0,
    0xcf, 0x06, 0x78, 0x33, 0xc1, 0x9e, 0x0c, 0xf0, 0x67, 0x83, 0x3c, 0x19, 0xe0, 0xcf, 0x06, 0x78,
    0x33, 0xc1, 0x9e, 0x0c, 0xf0, 0x67, 0x83, 0x3c, 0x19, 0x90, 0x2a, 0x80, 0x36, 0x28, 0x92, 0xf0,
    0x6f, 0x0d, 0x7c, 0x19, 0xe0, 0xcf, 0x06, 0x78, 0x33, 0xc1, 0x9e, 0x0c, 0xf0, 0x67, 0x83, 0x3c,
    0x19, 0xe0, 0xcf, 0x06, 0x78, 0x33, 0xc1, 0x2d, 0x09, 0x01, 0x95, 0x7b, 0x50, 0x1a, 0xf0, 0xd7,
    0x86, 0xbc, 0x19, 0xe0, 0xcf, 0x06, 0x79, 0x3b, 0xc3, 0x5e, 0x1a, 0xc1, 0x47, 0x94, 0x3c, 0x19,
    0xe0, 0xcf, 0x06, 0x78, 0x33, 0xc1, 0x9e, 0x0c, 0xf0, 0x67, 0x83, 0x3c, 0x19, 0xe0, 0xcf, 0x06,
    0x78, 0x33, 0xc1, 0x9e, 0x0c, 0xf0, 0x67, 0x83, 0x3c, 0x19, 0xe0, 0xcf, 0x06, 0x78, 0x33, 0xc1,
    0x9e, 0x0c, 0xf0, 0x67, 0x83, 0x3c, 0x19, 0xe0, 0xcf, 0x06, 0x78, 0x33, 0xc1, 0x9e, 0x0c, 0xf0,
    0x67, 0x83, 0x3c, 0x19, 0xe0, 0xcf, 0x06, 0x78, 0x33, 0xc1, 0x9e, 0x0c, 0xf0, 0x67, 0x83, 0x3c,
    0x19, 0xe0, 0xcf, 0x06, 0x78, 0x33, 0xc1, 0x9e, 0x0c, 0xf0, 0x67, 0x83, 0x3c, 0x19, 0xe0, 0xcf,
    0x06, 0x78, 0x33, 0xc1, 0x9e, 0x0c, 0xf0, 0x67, 0x83, 0x3c, 0x19, 0xe0, 0xcf, 0x06, 0x78, 0x33,
    0xc1, 0x9e, 0x0c, 0xf0, 0x67, 0x83, 0x3c, 0x19, 0xe0, 0xcf, 0x06, 0x78, 0x33, 0xc1, 0x9e, 0x0c,
    0xf0, 0x67, 0x83, 0x3c, 0x19, 0xe0, 0xcf, 0x06, 0x78, 0x33, 0xc1, 0x9e, 0x0c, 0xf0, 0x67, 0x83,
    0x3c, 0x19, 0xe0, 0xcf, 0x06, 0x78, 0x33, 0xc1, 0x9e, 0x0c, 0xf0, 0x67, 0x83, 0x3c, 0x19, 0xe0,
    0xcf, 0x06, 0x78, 0x33, 0xc1, 0x9e, 0x0c, 0xf0, 0x67, 0x83, 0x3c, 0x19, 0xe0, 0xcf, 0x06, 0x78,
    0x33, 0xc1, 0x9e, 0x0c, 0xf0, 0x67, 0x83, 0x3c, 0x19, 0xe0, 0xcf, 0x06, 0x78, 0x33, 0xc1, 0x9e,
    0x0c, 0xf0, 0x67, 0x83, 0x3c, 0x19, 0xe0, 0xcf, 0x06, 0x78, 0x33, 0xc1, 0x9e, 0x0c, 0xf0, 0x67,
    0x83, 0x3c, 0x19, 0xe0, 0xcf, 0x06, 0x78, 0x33, 0xc1, 0x9e, 0x0c, 0xf0, 0x67, 0x83, 0x3c, 0x19,
    0xe0, 0xcf, 0x06, 0x78, 0x33, 0xc1, 0x9e, 0x0c, 0xf0, 0x67, 0x83, 0x3c, 0x19, 0xe0, 0xcf, 0x06,
    0x78, 0x33, 0xc1, 0x9e, 0x0c, 0xf0, 0x67, 0x83, 0x3c, 0x19, 0xe0, 0xcf, 0x06, 0x78, 0x33, 0xc1,
    0x9e, 0x0c, 0xf0, 0x67, 0x83, 0x3c, 0x19, 0xe0, 0xcf, 0x06, 0x78, 0x33, 0xc1, 0x9e, 0x0c, 0xf0,
    0x67, 0x83, 0x3c, 0x19, 0xe0, 0xcf, 0x06, 0x78, 0x33, 0xc1, 0x9e, 0x0c, 0xf0, 0x67, 0x83, 0x3c,
    0x19, 0xe0, 0xcf, 0x06, 0x78, 0x33, 0xc1, 0x8b, 0x90, 0xa0, 0xce, 0x32, 0x14, 0x08, 0x94, 0x22,
    0x05, 0x41, 0x80, 0x52, 0x24, 0x10, 0x98, 0x24, 0x06, 0x21, 0x4c, 0x91, 0x42, 0x70, 0x1e, 0x5a,
    0x48, 0x5c, 0x60, 0x9c, 0x01, 0x2b, 0xd0, 0xbe, 0x20, 0xd1, 0xa7, 0x4a, 0x61, 0x3c, 0x4b, 0x0c,
    0xe3, 0x19, 0x27, 0x88, 0xe1, 0x3c, 0x53, 0x0c, 0xe5, 0x1a, 0x25, 0x88, 0xa1, 0x54, 0x61, 0x13,
    0x0d, 0x78, 0x58, 0x60, 0xb4, 0x01, 0x23, 0xc4, 0xbd, 0xe0, 0xd1, 0xcc, 0x51, 0x40, 0x43, 0x44,
    0x89, 0xc2, 0x30, 0x56, 0x12, 0x21, 0xe1, 0x28, 0x32, 0x0c, 0x04, 0x92, 0x21, 0x00, 0x87, 0xf2,
    0xcd, 0xfd, 0x84, 0x92, 0xc4, 0x30, 0x9a, 0x28, 0x86, 0x52, 0x84, 0x43, 0x4a, 0x54, 0x4f, 0x11,
    0xc2, 0xb8, 0xc6, 0x24, 0xd2, 0x51, 0x1f, 0x1e, 0xf4, 0x1b, 0xac, 0x9f, 0x06, 0x78, 0x33, 0xc1,
    0x9e, 0x0c, 0xf0, 0x67, 0x83, 0x3c, 0x19, 0xe0, 0xcf, 0x06, 0x78, 0x33, 0xc1, 0x9e, 0x0c, 0xf0,
    0x67, 0x83, 0x3c, 0x18, 0xd8, 0x49, 0x2c, 0x43, 0x09, 0xa2, 0x88, 0x65, 0x28, 0x51, 0x2c, 0x45,
    0x0a, 0xa3, 0x08, 0xa5, 0x44, 0xf1, 0x1c, 0x2b, 0x8c, 0x62, 0x4d, 0x25, 0x11, 0xf6, 0x62, 0x89,
    0x13, 0x84, 0x60, 0xac, 0x31, 0x0a, 0x64, 0x8a, 0x13, 0x84, 0xa0, 0xcc, 0x31, 0x12, 0x48, 0x84,
    0x13, 0x05, 0x00, 0xf0, 0x7f, 0x84, 0x7d, 0x4e, 0x91, 0xc2, 0x78, 0x96, 0x19, 0xc6, 0x32, 0x4f,
    0x11, 0xc2, 0x78, 0xa6, 0x19, 0xca, 0x31, 0x35, 0x37, 0x12, 0x71, 0x1f, 0x64, 0x28, 0x11, 0x28,
    0x44, 0x0a, 0x83, 0x00, 0xa4, 0x48, 0x21, 0x30, 0x48, 0x0c, 0x83, 0x00, 0x4d, 0x4f, 0x84, 0x53,
    0xfe, 0x00, 0xbe, 0x16, 0x00, 0x5a, 0xb8, 0x8c, 0x45, 0x78, 0x0a, 0x41, 0x13
};

// BITSTREAM2: 10781 bytes compressed, 98762 bytes original from /tmp/bs2.hs

static const uint8_t bitstream3_data[] = {
    0xff, 0xc0, 0x2a, 0x16, 0x1b, 0x95, 0xd2, 0x75, 0x20, 0xa6, 0x51, 0xa8, 0xb3, 0x5a, 0xac, 0xb6,
    0x65, 0x35, 0xa3, 0x4b, 0x66, 0xd4, 0x3a, 0x0d, 0x0a, 0x8f, 0x41, 0x04, 0x8c, 0xd8, 0x36, 0x20,
    0x01, 0xde, 0xec, 0xc0, 0x85, 0xff, 0x9d, 0x8a, 0x0b, 0xc4, 0x03, 0x2a, 0x0c, 0x46, 0x21, 0x43,
    0x91, 0x01, 0xca, 0x81, 0x10, 0x80, 0x4e, 0x28, 0xc0, 0x72, 0x81, 0x00, 0xcb, 0xf7, 0xfc, 0xfe,
    0xff, 0xbf, 0xf4, 0x1a, 0x45, 0x53, 0x71, 0x91, 0x8e, 0xe2, 0x8a, 0xd5, 0x4a, 0x2c, 0x08, 0x02,
    0x39, 0x9e, 0x80, 0x67, 0x83, 0x3c, 0x19, 0xe0, 0xcf, 0x06, 0x78, 0x33, 0xc1, 0x9e, 0x0c, 0xf0,
    0x67, 0x83, 0x3c, 0x19, 0xe0, 0xcf, 0x06, 0x78, 0x33, 0xc1, 0x9e, 0x0c, 0xf0, 0x67, 0x83, 0x3c,
    0x19, 0xe0, 0xcf, 0x06, 0x78, 0x33, 0xc1, 0x9e, 0x0c, 0xf0, 0x67, 0x83, 0x3c, 0x19, 0xe0, 0xcf,
    0x06, 0x78, 0x33, 0xc1, 0x9e, 0x0c, 0xf0, 0x67, 0x83, 0x3c, 0x19, 0xf0, 0x08, 0x14, 0xc0, 0x1d,
    0x18, 0x30, 0xd7, 0x86, 0xbc, 0x85, 0xe0, 0xcf, 0x06, 0x78, 0x33, 0xc1, 0x9e, 0x0c, 0xf0, 0x67,
    0x83, 0x3c, 0x19, 0xe0, 0xcf, 0x06, 0x78, 0x33, 0xc1, 0x9e, 0x0c, 0xf0, 0x67, 0x83, 0x3c, 0x19,
    0xe0, 0xcf, 0x06, 0x78, 0x33, 0xc1, 0x9e, 0x0c, 0xf0, 0x67, 0x83, 0x16, 0x05, 0x50, 0x06, 0xbf,
    0x53, 0x0c, 0x0d, 0x28, 0x80, 0x35, 0xe9, 0x98, 0x01, 0xaf, 0x8d, 0x7c, 0x6b, 0x21, 0xad, 0x21,
    0x79, 0x0b, 0xc1, 0x9e, 0x0c, 0x28, 0x15, 0xc0, 0x1b, 0x1c, 0x6c, 0x20, 0x9f, 0xc1, 0x9e, 0x0c,
    0xf0, 0x67, 0x83, 0x3c, 0x19, 0xe0, 0xcf, 0x06, 0x78, 0x33, 0xc1, 0x9e, 0x0c, 0xf0, 0x67, 0x83,
    0x3c, 0x19, 0xe0, 0xcf, 0x06, 0x78, 0x33, 0xc1, 0x9e, 0x0c, 0xf0, 0x67, 0x83, 0x3c, 0x19, 0xe0,
    0xcd, 0x82, 0x4c, 0x81, 0xd1, 0xbc, 0xd5, 0x83, 0x8a, 0x60, 0x0e, 0x8f, 0xe6, 0x00, 0x3b, 0xe0,
    0xe1, 0x90, 0x03, 0x5e, 0x4d, 0xfd, 0x06, 0xf8, 0x37, 0xc1, 0xbe, 0x0d, 0xf0, 0x6c, 0x4a, 0x78,
    0x00, 0xe7, 0x9a, 0xd9, 0x83, 0x9e, 0x0d, 0xf0, 0x6f, 0x83, 0x7c, 0x1b, 0xe0, 0xd5, 0x7e, 0xf8,
    0x33, 0xc1, 0x9e, 0x0c, 0xf0, 0x67, 0x83, 0x3c, 0x19, 0xe0, 0xcf, 0x06, 0x78, 0x33, 0xc1, 0x9e,
    0x0c, 0xf0, 0x67, 0x83, 0x3c, 0x19, 0xe0, 0xcf, 0x06, 0x78, 0x33, 0xc1, 0x9e, 0x0c, 0xf0, 0x67,
    0x83, 0x3a, 0x09, 0x14, 0x07, 0x47, 0xfa, 0xfa, 0x1b, 0xf0, 0xdf, 0x91, 0x3c, 0x19, 0xe0, 0xcf,
    0x06, 0x78, 0x33, 0xc1, 0x9e, 0x0c, 0xf0, 0x67, 0x83, 0x3c, 0x19, 0xe0, 0xcf, 0x06, 0x78, 0x33,
    0xc1, 0x9e, 0x0c, 0xf0, 0x67, 0x83, 0x3c, 0x19, 0xe0, 0xcf, 0x06, 0x78, 0x33, 0xc1, 0x9e, 0x0c,
    0xf0, 0x67, 0x83, 0x3c, 0x19, 0xe0, 0xcf, 0x06, 0x78, 0x33, 0xc1, 0x9e, 0x0c, 0xf0, 0x67, 0x83,
    0x3c, 0x19, 0xe0, 0xcf, 0x06, 0x78, 0x33, 0xc1, 0x9e, 0x0c, 0xf0, 0x67, 0x83, 0x3c, 0x19, 0xe0,
    0xcf, 0x06, 0x78, 0x33, 0xc1, 0x9e, 0x0c, 0xf0, 0x67, 0x83, 0x3c, 0x19, 0xe0, 0xcf, 0x06, 0x78,
    0x33, 0xc1, 0x9e, 0x0c, 0xf0, 0x67, 0x83, 0x3c, 0x19, 0xe0, 0xcf, 0x06, 0x78, 0x33, 0xc1, 0x9e,
    0x0c, 0xf0, 0x67, 0x83, 0x3c, 0x19, 0xe0, 0xcf, 0x06, 0x78, 0x33, 0xc1, 0x9e, 0x0c, 0xf0, 0x67,
    0x83, 0x3c, 0x19, 0xe0, 0xcf, 0x06, 0x78, 0x33, 0xc1, 0x9e, 0x0c, 0xf0, 0x67, 0x83, 0x3c, 0x19,
    0xe0, 0xcf, 0x06, 0x78, 0x33, 0xc1, 0x9e, 0x0c, 0xf0, 0x67, 0x83, 0x3c, 0x19, 0xe0, 0xcf, 0x06,
    0x78, 0x33, 0xc1, 0x9e, 0x0c, 0xf0, 0x67, 0x83, 0x3c, 0x19, 0xe0, 0xcf, 0x06, 0x78, 0x32, 0x20,
    0x55, 0x00, 0x6c, 0x51, 0x25, 0xe0, 0xde, 0x1a, 0xf8, 0x33, 0xc1, 0x9e, 0x0c, 0xf0, 0x67, 0x83,
    0x3c, 0x19, 0xe0, 0xcf, 0x06, 0x78, 0x33, 0xc1, 0x9e, 0x0c, 0xf0, 0x67, 0x83, 0x3c, 0x19, 0xe0,
    0xcf, 0x06, 0x78, 0x33, 0xc1, 0x9e, 0x0c, 0xf0, 0x67, 0x83, 0x3c, 0x19, 0xe0, 0xcf, 0x06, 0x78,
    0x33, 0xc1, 0x9e, 0x0c, 0xf0, 0x67, 0x83, 0x3c, 0x19, 0xe0, 0xcf, 0x06, 0x78, 0x33, 0xc1, 0x9e,
    0x0c, 0xf0, 0x67, 0x83, 0x3c, 0x19, 0xe0, 0xcf, 0x06, 0x78, 0x33, 0xc1, 0x9e, 0x0c, 0xf0, 0x67,
    0x83, 0x3c, 0x19, 0xe0, 0xcf, 0x06, 0x78, 0x33, 0xc1, 0x9e, 0x0c, 0xf0, 0x67, 0x83, 0x3c, 0x19,
    0xe0, 0xcf, 0x06, 0x78, 0x33, 0xc1, 0x9e, 0x0c, 0xf0, 0x67, 0x83, 0x3c, 0x19, 0xe0, 0xcf, 0x06,
    0x78, 0x33, 0xc1, 0x9e, 0x0c, 0xf0, 0x67, 0x83, 0x3c, 0x19, 0xe0, 0xcf, 0x06, 0x78, 0x33, 0xc1,
    0x9e, 0x0c, 0xf0, 0x67, 0x83, 0x3c, 0x19, 0xe0, 0xcf, 0x06, 0x78, 0x33, 0xc1, 0x9e, 0x0c, 0xf0,
    0x67, 0x83, 0x3c, 0x19, 0xe0, 0xcf, 0x06, 0x78, 0x33, 0xc1, 0x9e, 0x0c, 0xf0, 0x67, 0x83, 0x3c,
    0x19, 0xe0, 0xcf, 0x06, 0x78, 0x33, 0xc1, 0x9e, 0x0c, 0xf0, 0x67, 0x83, 0x3c, 0x19, 0xe0, 0xcf,
    0x06, 0x78, 0x33, 0xc1, 0x9e, 0x0c, 0xf0, 0x64, 0xc0, 0x60, 0x16, 0xcd, 0x58, 0x6b, 0xc1, 0x9e,
    0x0c, 0xf0, 0x67, 0x83, 0x3c, 0x19, 0xe0, 0xcf, 0x06, 0x78, 0x33, 0xc1, 0x9e, 0x0c, 0xf0, 0x67,
    0x83, 0x3c, 0x19, 0xe0, 0xcf, 0x06, 0x78, 0x33, 0xc1, 0x9e, 0x0c, 0xf0, 0x67, 0x83, 0x3c, 0x19,
    0xe0, 0xcf, 0x06, 0x78, 0x33, 0xc1, 0x9e, 0x0c, 0xf0, 0x67, 0x83, 0x3c, 0x19, 0xe0, 0xcf, 0x06,
    0x78, 0x33, 0xc1, 0x9e, 0x0c, 0xf0, 0x67, 0x83, 0x3c, 0x19, 0xe0, 0xcf, 0x06, 0x78, 0x33, 0xc1,
    0x9e, 0x0c, 0xf0, 0x67, 0x83, 0x3c, 0x19, 0xe0, 0xcf, 0x06, 0x78, 0x33, 0xc1, 0x9e, 0x0c, 0xf0,
    0x67, 0x83, 0x3c, 0x19, 0xe0, 0xcf, 0x06, 0x78, 0x33, 0xc1, 0x9e, 0x0c, 0xf0, 0x67, 0x83, 0x3c,
    0x19, 0xe0, 0xcf, 0x06, 0x78, 0x33, 0xc1, 0x9e, 0x0c, 0xf0, 0x67, 0x83, 0x3c, 0x19, 0xe0, 0xcf,
    0x06, 0x78, 0x33, 0xc1, 0x9e, 0x0c, 0xf0, 0x67, 0x83, 0x3c, 0x19, 0xe0, 0xcf, 0x06, 0x78, 0x33,
    0xc1, 0x9e, 0x0c, 0xf0, 0x67, 0x83, 0x3c, 0x19, 0xd0, 0x18, 0x05, 0xb3, 0x56, 0x1a, 0xf0, 0x67,
    0x83, 0x3c, 0x19, 0xe0, 0xcf, 0x06, 0x78, 0x33, 0xc1, 0x9e, 0x0c, 0xf0, 0x67, 0x83, 0x3c, 0x19,
    0xe0, 0xcf, 0x06, 0x78, 0x33, 0xc1, 0x9e, 0x0c, 0xf0, 0x67, 0x83, 0x3c, 0x19, 0xe0, 0xcf, 0x06,
    0x78, 0x33, 0xc1, 0x9e, 0x0c, 0xf0, 0x67, 0x83, 0x3c, 0x19, 0xe0, 0xcf, 0x06, 0x78, 0x33, 0xc1,
    0x9e, 0x0c, 0xf0, 0x67, 0x83, 0x3c, 0x19, 0xe0, 0xcf, 0x06, 0x78, 0x33, 0xc1, 0x9e, 0x0c, 0xf0,
    0x67, 0x83, 0x3c, 0x19, 0xe0, 0xcf, 0x06, 0x78, 0x33, 0xc1, 0x9e, 0x0c, 0xf0, 0x67, 0x83, 0x3c,
    0x19, 0xe0, 0xcf, 0x06, 0x78, 0x33, 0xc1, 0x9e, 0x0c, 0xf0, 0x67, 0x83, 0x3c, 0x19, 0xe0, 0xcf,
    0x06, 0x78, 0x33, 0xc1, 0x9e, 0x0c, 0xf0, 0x67, 0x83, 0x3c, 0x19, 0xe0, 0xcf, 0x06, 0x78, 0x33,
    0xc1, 0x9e, 0x0c, 0xf0, 0x67, 0x83, 0x3c, 0x19, 0xe0, 0xcf, 0x06, 0x78, 0x33, 0xc1, 0x9e, 0x0c,
    0xf0, 0x67, 0x83, 0x3c, 0x19, 0xe0, 0xcf, 0x06, 0x74, 0x06, 0x01, 0x6c, 0xd5, 0x86, 0xbc, 0x19,
    0xe0, 0xcf, 0x06, 0x78, 0x33, 0xc1, 0x9e, 0x0c, 0xf0, 0x67, 0x83, 0x3c, 0x19, 0xe0, 0xcf, 0x06,
    0x78, 0x33, 0xc1, 0x9e, 0x0c, 0xf0, 0x67, 0x83, 0x3c, 0x19, 0xe0, 0xcf, 0x06, 0x78, 0x33, 0xc1,
    0x9e, 0x0c, 0xf0, 0x67, 0x83, 0x3c, 0x19, 0xe0, 0xcf, 0x06, 0x78, 0x33, 0xc1, 0x9e, 0x0c, 0xf0,
    0x67, 0x83, 0x3c, 0x19, 0xe0, 0xcf, 0x06, 0x78, 0x33, 0xc1, 0x9e, 0x0c, 0xf0, 0x67, 0x83, 0x3c,
    0x19, 0xe0, 0xcf, 0x06, 0x78, 0x33, 0xc1, 0x9e, 0x0c, 0xf0, 0x67, 0x83, 0x3c, 0x19, 0xe0, 0xcf,
    0x06, 0x78, 0x33, 0xc1, 0x9e, 0x0c, 0xf0, 0x67, 0x83, 0x3c, 0x19, 0xe0, 0xcf, 0x06, 0x78, 0x33,
    0xc1, 0x9e, 0x0c, 0xf0, 0x67, 0x83, 0x3c, 0x19, 0xe0, 0xcf, 0x06, 0x78, 0x33, 0xc1, 0x9e, 0x0c,
    0xf0, 0x67, 0x83, 0x3c, 0x19, 0xe0, 0xcf, 0x06, 0x78, 0x33, 0xc1, 0x9e, 0x0c, 0xf0, 0x67, 0x83,
    0x3c, 0x19, 0xe0, 0xcf, 0x06, 0x78, 0x33, 0xc1, 0x9d, 0x01, 0x80, 0x5b, 0x35, 0x61, 0xaf, 0x06,
    0x78, 0x33, 0xc1, 0x9e, 0x0c, 0xf0, 0x67, 0x83, 0x3c, 0x19, 0xe0, 0xcf, 0x06, 0x78, 0x33, 0xc1,
    0x9e, 0x0c, 0xf0, 0x67, 0x83, 0x3c, 0x19, 0xe0, 0xcf, 0x06, 0x78, 0x33, 0xc1, 0x9e, 0x0c, 0xf0,
    0x67, 0x83, 0x3c, 0x19, 0xe0, 0xcf, 0x06, 0x78, 0x33, 0xc1, 0x9e, 0x0c, 0xf0, 0x67, 0x83, 0x3c,
    0x19, 0xe0, 0xcf, 0x06, 0x78, 0x33, 0xc1, 0x9e, 0x0c, 0xf0, 0x67, 0x83, 0x3c, 0x19, 0xe0, 0xcf,
    0x06, 0x78, 0x33, 0xc1, 0x9e, 0x0c, 0xf0, 0x67, 0x83, 0x3c, 0x19, 0xe0, 0xcf, 0x06, 0x78, 0x33,
    0xc1, 0x9e, 0x0c, 0xf0, 0x67, 0x83, 0x3c, 0x19, 0xe0, 0xcf, 0x06, 0x78, 0x33, 0xc1, 0x9e, 0x0c,
    0xf0, 0x67, 0x83, 0x3c, 0x19, 0xe0, 0xcf, 0x06, 0x78, 0x33, 0xc1, 0x9e, 0x0c, 0xf0, 0x67, 0x83,
    0x3c, 0x19, 0xe0, 0xcf, 0x06, 0x78, 0x33, 0xc1, 0x9e, 0x0c, 0xf0, 0x67, 0x83, 0x3c, 0x19, 0xe0,
    0xcf, 0x06, 0x78, 0x33, 0xc1, 0x9e, 0x0c, 0xf0, 0x67, 0x83, 0x3c, 0x19, 0xe0, 0xcf, 0x06, 0x78,
    0x33, 0xc1, 0x9e, 0x0c, 0xf0, 0x67, 0x83, 0x3c, 0x19, 0xe0, 0xcf, 0x06, 0x78, 0x33, 0xc1, 0x9e,
    0x0c, 0xf0, 0x67, 0x83, 0x3c, 0x19, 0xe0, 0xcf, 0x06, 0x78, 0x33, 0xc1, 0x9e, 0x0c, 0xf0, 0x67,
    0x83, 0x3c, 0x19, 0xe0, 0xcf, 0x06, 0x78, 0x33, 0xc1, 0x9e, 0x0c, 0xf0, 0x67, 0x83, 0x3c, 0x19,
    0xe0, 0xcf, 0x06, 0x78, 0x33, 0xc1, 0x9e, 0x0c, 0xf0, 0x67, 0x83, 0x3c, 0x19, 0xe0, 0xcf, 0x06,
    0x78, 0x33, 0xc1, 0x9e, 0x0c, 0xf0, 0x67, 0x83, 0x3c, 0x19, 0xe0, 0xcf, 0x06, 0x78, 0x33, 0xc1,
    0x9e, 0x0c, 0xf0, 0x67, 0x83, 0x3c, 0x19, 0xe0, 0xcf, 0x06, 0x78, 0x33, 0xc1, 0x9e, 0x0c, 0xf0,
    0x67, 0x83, 0x3c, 0x19, 0xe0, 0xcf, 0x06, 0x78, 0x33, 0xc1, 0x9e, 0x0c, 0xf0, 0x67, 0x83, 0x3c,
    0x19, 0xe0, 0xcf, 0x06, 0x78, 0x33, 0xc1, 0x9e, 0x0c, 0xf0, 0x67, 0x83, 0x3c, 0x19, 0xe0, 0xcf,
    0x06, 0x78, 0x33, 0xc1, 0x9f, 0x00, 0x80, 0xc0, 0x2d, 0x9a, 0xb0, 0xd7, 0x83, 0x3c, 0x19, 0xe0,
    0xcf, 0x06, 0x78, 0x33, 0xc1, 0x9e, 0x0c, 0xf0, 0x67, 0x83, 0x3c, 0x19, 0xe0, 0xcf, 0x06, 0x78,
    0x33, 0xc1, 0x9e, 0x0c, 0xf0, 0x67, 0x83, 0x3c, 0x19, 0xe0, 0xcf, 0x06, 0x78, 0x33, 0xc1, 0x9e,
    0x0c, 0xf0, 0x67, 0x83, 0x3c, 0x19, 0xe0, 0xcf, 0x06, 0x78, 0x33, 0xc1, 0x9e, 0x0c, 0xf0, 0x67,
    0x83, 0x3c, 0x19, 0xe0, 0xcf, 0x06, 0x78, 0x33, 0xc1, 0x9e, 0x0c, 0xf0, 0x67, 0x83, 0x3c, 0x19,
    0xe0, 0xcf, 0x06, 0x78, 0x33, 0xc1, 0x9e, 0x0c, 0xf0, 0x67, 0x83, 0x3c, 0x19, 0xe0, 0xcf, 0x06,
    0x78, 0x33, 0xc1, 0x9e, 0x0c, 0xf0, 0x67, 0x83, 0x3c, 0x19, 0xe0, 0xcf, 0x06, 0x78, 0x33, 0xc1,
    0x9e, 0x0c, 0xf0, 0x67, 0x83, 0x3c, 0x19, 0xe0, 0xcf, 0x06, 0x78, 0x33, 0xc1, 0x9e, 0x0c, 0xf0,
    0x67, 0x83, 0x3c, 0x19, 0xe0, 0xcf, 0x06, 0x78, 0x33, 0xc1, 0x9e, 0x0c, 0xf0, 0x67, 0x83, 0x3c,
    0x19, 0xe0, 0xcf, 0x06, 0x78, 0x33, 0xa0, 0x30, 0x0b, 0x66, 0xac, 0x35, 0xe0, 0xcf, 0x06, 0x78,
    0x33, 0xc1, 0x9e, 0x0c, 0xf0, 0x67, 0x83, 0x3c, 0x19, 0xe0, 0xcf, 0x06, 0x78, 0x33, 0xc1, 0x9e,
    0x0c, 0xf0, 0x67, 0x83, 0x3c, 0x19, 0xe0, 0xcf, 0x06, 0x78, 0x33, 0xc1, 0x9e, 0x0c, 0xf0, 0x67,
    0x83, 0x3c, 0x19, 0xe0, 0xcf, 0x06, 0x78, 0x33, 0xc1, 0x9e, 0x0c, 0xf0, 0x67, 0x83, 0x3c, 0x19,
    0xe0, 0xcf, 0x06, 0x78, 0x33, 0xc1, 0x9e, 0x0c, 0xf0, 0x67, 0x83, 0x3c, 0x19, 0xe0, 0xcf, 0x06,
    0x78, 0x33, 0xc1, 0x9e, 0x0c, 0xf0, 0x67, 0x83, 0x3c, 0x19, 0xe0, 0xcf, 0x06, 0x78, 0x33, 0xc1,
    0x9e, 0x0c, 0xf0, 0x67, 0x83, 0x3c, 0x19, 0xe0, 0xcf, 0x06, 0x78, 0x33, 0xc1, 0x9e, 0x0c, 0xf0,
    0x67, 0x83, 0x3c, 0x19, 0xe0, 0xcf, 0x06, 0x78, 0x33, 0xc1, 0x9e, 0x0c, 0xf0, 0x67, 0x83, 0x3c,
    0x19, 0xe0, 0xcf, 0x06, 0x78, 0x33, 0xc1, 0x9e, 0x0c, 0xf0, 0x67, 0x83, 0x3c, 0x19, 0xe0, 0xcf,
    0x06, 0x78, 0x33, 0xc1, 0x9e, 0x0c, 0xe8, 0x0c, 0x02, 0xd9, 0xab, 0x0d, 0x78, 0x33, 0xc1, 0x9e,
    0x0c, 0xf0, 0x67, 0x83, 0x3c, 0x19, 0xe0, 0xcf, 0x06, 0x78, 0x33, 0xc1, 0x9e, 0x0c, 0xf0, 0x67,
    0x83, 0x3c, 0x19, 0xe0, 0xcf, 0x06, 0x78, 0x33, 0xc1, 0x9e, 0x0c, 0xf0, 0x67, 0x83, 0x3c, 0x19,
    0xe0, 0xcf, 0x06, 0x78, 0x33, 0xc1, 0x9e, 0x0c, 0xf0, 0x67, 0x83, 0x3c, 0x19, 0xe0, 0xcf, 0x06,
    0x78, 0x33, 0xc1, 0x9e, 0x0c, 0xf0, 0x67, 0x83, 0x3c, 0x19, 0xe0, 0xcf, 0x06, 0x78, 0x33, 0xc1,
    0x9e, 0x0c, 0xf0, 0x67, 0x83, 0x3c, 0x19, 0xe0, 0xcf, 0x06, 0x78, 0x33, 0xc1, 0x9e, 0x0c, 0xf0,
    0x67, 0x83, 0x3c, 0x19, 0xe0, 0xcf, 0x06, 0x78, 0x33, 0xc1, 0x9e, 0x0c, 0xf0, 0x67, 0x83, 0x3c,
    0x19, 0xe0, 0xcf, 0x06, 0x78, 0x33, 0xc1, 0x9e, 0x0c, 0xf0, 0x67, 0x83, 0x3c, 0x19, 0xe0, 0xcf,
    0x06, 0x78, 0x33, 0xc1, 0x9e, 0x0c, 0xf0, 0x67, 0x83, 0x3c, 0x19, 0xe0, 0xcf, 0x06, 0x78, 0x33,
    0xc1, 0x9e, 0x0c, 0xf0, 0x67, 0x83, 0x3a, 0x03, 0x00, 0xb6, 0x6a, 0xc3, 0x5e, 0x0c, 0xf0, 0x67,
    0x83, 0x3c, 0x19, 0xe0, 0xcf, 0x06, 0x78, 0x33, 0xc1, 0x9e, 0x0c, 0xf0, 0x67, 0x83, 0x3c, 0x19,
    0xe0, 0xcf, 0x06, 0x78, 0x33, 0xc1, 0x9e, 0x0c, 0xf0, 0x67, 0x83, 0x3c, 0x19, 0xe0, 0xcf, 0x06,
    0x78, 0x33, 0xc1, 0x9e, 0x0c, 0xf0, 0x67, 0x83, 0x3c, 0x19, 0xe0, 0xcf, 0x06, 0x78, 0x33, 0xc1,
    0x9e, 0x0c, 0xf0, 0x67, 0x83, 0x3c, 0x19, 0xe0, 0xcf, 0x06, 0x78, 0x33, 0xc1, 0x9e, 0x0c, 0xf0,
    0x67, 0x83, 0x3c, 0x19, 0xe0, 0xcf, 0x06, 0x78, 0x33, 0xc1, 0x9e, 0x0c, 0xf0, 0x67, 0x83, 0x3c,
    0x19, 0xe0, 0xcf, 0x06, 0x78, 0x33, 0xc1, 0x9e, 0x0c, 0xf0, 0x67, 0x83, 0x3c, 0x19, 0xe0, 0xcf,
    0x06, 0x78, 0x33, 0xc1, 0x9e, 0x0c, 0xf0, 0x67, 0x83, 0x3c, 0x19, 0xe0, 0xcf, 0x06, 0x78, 0x33,
    0xc1, 0x9e, 0x0c, 0xf0, 0x67, 0x83, 0x3c, 0x19, 0xe0, 0xcf, 0x06, 0x78, 0x33, 0xc1, 0x9e, 0x0c,
    0xf0, 0x67, 0x83, 0x3c, 0x19, 0xe0, 0xce, 0x80, 0xc0, 0x2d, 0x9a, 0xb0, 0xd7, 0x83, 0x3c, 0x19,
    0xe0, 0xcf, 0x06, 0x78, 0x33, 0xc1, 0x9e, 0x0c, 0xf0, 0x67, 0x83, 0x3c, 0x19, 0xe0, 0xcf, 0x06,
    0x78, 0x33, 0xc1, 0x9e, 0x0c, 0xf0, 0x67, 0x83, 0x3c, 0x19, 0xe0, 0xcf, 0x06, 0x78, 0x33, 0xc1,
    0x9e, 0x0c, 0xf0, 0x67, 0x83, 0x3c, 0x19, 0xe0, 0xcf, 0x06, 0x78, 0x33, 0xc1, 0x9e, 0x0c, 0xf0,
    0x67, 0x83, 0x3c, 0x19, 0xe0, 0xcf, 0x06, 0x78, 0x33, 0xc1, 0x9e, 0x0c, 0xf0, 0x67, 0x83, 0x3c,
    0x19, 0xe0, 0xcf, 0x06, 0x78, 0x33, 0xc1, 0x9e, 0x0c, 0xf0, 0x67, 0x83, 0x3c, 0x19, 0xe0, 0xcf,
    0x06, 0x78, 0x33, 0xc1, 0x9e, 0x0c, 0xf0, 0x67, 0x83, 0x3c, 0x19, 0xe0, 0xcf, 0x06, 0x78, 0x33,
    0xc1, 0x9e, 0x0c, 0xf0, 0x67, 0x83, 0x3c, 0x19, 0xe0, 0xcf, 0x06, 0x78, 0x33, 0xc1, 0x9e, 0x0c,
    0xf0, 0x67, 0x83, 0x3c, 0x19, 0xe0, 0xcf, 0x06, 0x78, 0x33, 0xc1, 0x9e, 0x0c, 0xf0, 0x67, 0x83,
    0x3c, 0x19, 0xe0, 0xcf, 0x06, 0x78, 0x33, 0xa0, 0x30, 0x0b, 0x66, 0xac, 0x35, 0xe0, 0xcf, 0x06,
    0x78, 0x33, 0xc1, 0x9e, 0x0c, 0xf0, 0x67, 0x83, 0x3c, 0x19, 0xe0, 0xcf, 0x06, 0x78, 0x33, 0xc1,
    0x9e, 0x0c, 0xf0, 0x67, 0x83, 0x3c, 0x19, 0xe0, 0xcf, 0x06, 0x78, 0x33, 0xc1, 0x9e, 0x0c, 0xf0,
    0x67, 0x83, 0x3c, 0x19, 0xe0, 0xcf, 0x06, 0x78, 0x33, 0xc1, 0x9e, 0x0c, 0xf0, 0x67, 0x83, 0x3c,
    0x19, 0xe0, 0xcf, 0x06, 0x78, 0x33, 0xc1, 0x9e, 0x0c, 0xf0, 0x67, 0x83, 0x3c, 0x19, 0xe0, 0xcf,
    0x06, 0x78, 0x33, 0xc1, 0x9e, 0x0c, 0xf0, 0x67, 0x83, 0x3c, 0x19, 0xe0, 0xcf, 0x06, 0x78, 0x33,
    0xc1, 0x9e, 0x0c, 0xf0, 0x67, 0x83, 0x3c, 0x19, 0xe0, 0xcf, 0x06, 0x78, 0x33, 0xc1, 0x9e, 0x0c,
    0xf0, 0x67, 0x83, 0x3c, 0x19, 0xe0, 0xcf, 0x06, 0x78, 0x33, 0xc1, 0x9e, 0x0c, 0xf0, 0x67, 0x83,
    0x3c, 0x19, 0xe0, 0xcf, 0x06, 0x78, 0x33, 0xc1, 0x9e, 0x0c, 0xf0, 0x67, 0x83, 0x3c, 0x19, 0xe0,
    0xcf, 0x06, 0x78, 0x33, 0xc1, 0x9e, 0x0c, 0xe8, 0x0c, 0x02, 0xd9, 0xab, 0x0d, 0x78, 0x33, 0xc1,
    0x9e, 0x0c, 0xf0, 0x67, 0x83, 0x3c, 0x19, 0xe0, 0xcf, 0x06, 0x78, 0x33, 0xc1, 0x9e, 0x0c, 0xf0,
    0x67, 0x83, 0x3c, 0x19, 0xe0, 0xcf, 0x06, 0x78, 0x33, 0xc1, 0x9e, 0x0c, 0xf0, 0x67, 0x83, 0x3c,
    0x19, 0xe0, 0xcf, 0x06, 0x78, 0x33, 0xc1, 0x9e, 0x0c, 0xf0, 0x67, 0x83, 0x3c, 0x19, 0xe0, 0xcf,
    0x06, 0x78, 0x33, 0xc1, 0x9e, 0x0c, 0xf0, 0x67, 0x83, 0x3c, 0x19, 0xe0, 0xcf, 0x06, 0x78, 0x33,
    0xc1, 0x9e, 0x0c, 0xf0, 0x67, 0x83, 0x3c, 0x19, 0xe0, 0xcf, 0x06, 0x78, 0x33, 0xc1, 0x9e, 0x0c,
    0xf0, 0x67, 0x83, 0x3c, 0x19, 0xe0, 0xcf, 0x06, 0x78, 0x33, 0xc1, 0x9e, 0x0c, 0xf0, 0x67, 0x83,
    0x3c, 0x19, 0xe0, 0xcf, 0x06, 0x78, 0x33, 0xc1, 0x9e, 0x0c, 0xf0, 0x67, 0x83, 0x3c, 0x19, 0xe0,
    0xcf, 0x06, 0x78, 0x33, 0xc1, 0x9e, 0x0c, 0xf0, 0x67, 0x83, 0x3c, 0x19, 0xe0, 0xcf, 0x06, 0x78,
    0x33, 0xc1, 0x9e, 0x0c, 0xf0, 0x67, 0x83, 0x3a, 0x03, 0x00, 0xb6, 0x6a, 0xc3, 0x5e, 0x0c, 0xf0,
    0x67, 0x83, 0x3c, 0x19, 0xe0, 0xcf, 0x06, 0x78, 0x33, 0xc1, 0x9e, 0x0c, 0xf0, 0x67, 0x83, 0x3c,
    0x19, 0xe0, 0xcf, 0x06, 0x78, 0x33, 0xc1, 0x9e, 0x0c, 0xf0, 0x67, 0x83, 0x3c, 0x19, 0xe0, 0xcf,
    0x06, 0x78, 0x33, 0xc1, 0x9e, 0x0c, 0xf0, 0x67, 0x83, 0x3c, 0x19, 0xe0, 0xcf, 0x06, 0x78, 0x33,
    0xc1, 0x9e, 0x0c, 0xf0, 0x67, 0x83, 0x3c, 0x19, 0xe0, 0xcf, 0x06, 0x78, 0x33, 0xc1, 0x9e, 0x0c,
    0xf0, 0x67, 0x83, 0x3c, 0x19, 0xe0, 0xcf, 0x06, 0x78, 0x33, 0xc1, 0x9e, 0x0c, 0xf0, 0x67, 0x83,
    0x3c, 0x19, 0xe0, 0xcf, 0x06, 0x78, 0x33, 0xc1, 0x9e, 0x0c, 0xf0, 0x67, 0x83, 0x3c, 0x19, 0xe0,
    0xcf, 0x06, 0x78, 0x33, 0xc1, 0x9e, 0x0c, 0xf0, 0x67, 0x83, 0x3c, 0x19, 0xe0, 0xcf, 0x06, 0x78,
    0x33, 0xc1, 0x9e, 0x0c, 0xf0, 0x67, 0x83, 0x3c, 0x19, 0xe0, 0xcf, 0x06, 0x78, 0x33, 0xc1, 0x9e,
    0x0c, 0xf0, 0x67, 0x83, 0x3c, 0x19, 0xe0, 0xcf, 0x06, 0x78, 0x33, 0xc1, 0x9e, 0x0c, 0xf0, 0x67,
    0x83, 0x3c, 0x19, 0xe0, 0xcf, 0x06, 0x78, 0x33, 0xc1, 0x9e, 0x0c, 0xf0, 0x67, 0x83, 0x3c, 0x19,
    0xe0, 0xcf, 0x06, 0x78, 0x33, 0xc1, 0x9e, 0x0c, 0xf0, 0x67, 0x83, 0x3c, 0x19, 0xe0, 0xcf, 0x06,
    0x78, 0x33, 0xc1, 0x9e, 0x0c, 0xf0, 0x67, 0x83, 0x3c, 0x19, 0xe0, 0xcf, 0x06, 0x78, 0x33, 0xc1,
    0x9e, 0x0c, 0xf0, 0x67, 0x83, 0x3c, 0x19, 0xe0, 0xcf, 0x06, 0x78, 0x33, 0xc1, 0x9e, 0x0c, 0xf0,
    0x67, 0x83, 0x3c, 0x19, 0xe0, 0xcf, 0x06, 0x78, 0x33, 0xc1, 0x9e, 0x0c, 0xf0, 0x67, 0x83, 0x3c,
    0x19, 0xe0, 0xcf, 0x06, 0x78, 0x33, 0xc1, 0x9e, 0x0c, 0xf0, 0x67, 0x83, 0x3c, 0x19, 0xe0, 0xcf,
    0x06, 0x78, 0x33, 0xc1, 0x9e, 0x0c, 0xf0, 0x67, 0x83, 0x3c, 0x19, 0xe0, 0xcf, 0x06, 0x78, 0x33,
    0xc1, 0x9e, 0x0c, 0xf0, 0x67, 0x83, 0x3c, 0x19, 0xe0, 0xcf, 0x06, 0x78, 0x33, 0xc1, 0x9e, 0x0c,
    0xf0, 0x67, 0x83, 0x3e, 0x01, 0x01, 0x80, 0x5b, 0x35, 0x61, 0xaf, 0x06, 0x78, 0x33, 0xc1, 0x9e,
    0x0c, 0xf0, 0x67, 0x83, 0x3c, 0x19, 0xe0, 0xcf, 0x06, 0x78, 0x33, 0xc1, 0x9e, 0x0c, 0xf0, 0x67,
    0x83, 0x3c, 0x19, 0xe0, 0xcf, 0x06, 0x78, 0x33, 0xc1, 0x9e, 0x0c, 0xf0, 0x67, 0x83, 0x3c, 0x19,
    0xe0, 0xcf, 0x06, 0x78, 0x33, 0x60, 0x55, 0x00, 0x6c, 0x51, 0x25, 0xe2, 0x7f, 0x06, 0x78, 0x33,
    0xc1, 0x9e, 0x0c, 0xf0, 0x67, 0x83, 0x3c, 0x19, 0xe0, 0xcf, 0x06, 0x78, 0x33, 0xc1, 0x9e, 0x0c,
    0xf0, 0x67, 0x83, 0x3c, 0x19, 0xe0, 0xcf, 0x06, 0x78, 0x33, 0xc1, 0x9e, 0x0c, 0xf0, 0x67, 0x83,
    0x3c, 0x19, 0xe0, 0xcf, 0x06, 0x78, 0x33, 0xc1, 0x9e, 0x0c, 0xf0, 0x67, 0x83, 0x3c, 0x19, 0xe0,
    0xcf, 0x06, 0x78, 0x30, 0xa0, 0x55, 0x00, 0x6c, 0x51, 0x25, 0xe1, 0xaf, 0x0d, 0x79, 0x0b, 0xc1,
    0x9e, 0x0c, 0xf0, 0x67, 0x96, 0xfc, 0xb7, 0xe1, 0xaf, 0x0d, 0x78, 0x33, 0xc1, 0x9e, 0x0c, 0xf0,
    0x67, 0x83, 0x3c, 0x19, 0xe0, 0xcf, 0x06, 0x78, 0x33, 0xc1, 0x9e, 0x0c, 0xf0, 0x67, 0x83, 0x3c,
    0x17, 0x10, 0x18, 0x05, 0xb3, 0x56, 0x1a, 0xf0, 0x67, 0x83, 0x3c, 0x19, 0xe0, 0xcf, 0x06, 0x78,
    0x33, 0xc1, 0x9e, 0x0c, 0xf0, 0x67, 0x83, 0x3c, 0x19, 0xe0, 0xcf, 0x06, 0x78, 0x33, 0xc1, 0x9e,
    0x0c, 0xf0, 0x67, 0x40, 0xaa, 0x00, 0xd8, 0xa2, 0x4b, 0xc3, 0x5e, 0x1a, 0xf2, 0x17, 0x83, 0x3c,
    0x19, 0xe0, 0xcf, 0x2d, 0xf9, 0x6f, 0xc3, 0x5e, 0x1a, 0xf0, 0x67, 0x83, 0x3c, 0x19, 0xe0, 0xcf,
    0x06, 0x78, 0x33, 0xc1, 0x9e, 0x0c, 0xf0, 0x67, 0x83, 0x3c, 0x19, 0xe0, 0xcf, 0x06, 0x78, 0x33,
    0xc1, 0x9e, 0x0c, 0xf0, 0x67, 0x83, 0x3c, 0x19, 0xe0, 0xcf, 0x06, 0x78, 0x33, 0xc1, 0x9e, 0x0c,
    0xf0, 0x67, 0x83, 0x3c, 0x19, 0xe0, 0xcf, 0x06, 0x78, 0x33, 0xc1, 0x9e, 0x0c, 0xf0, 0x67, 0x83,
    0x12, 0x05, 0x50, 0x06, 0xc5, 0x12, 0x5e, 0x1a, 0xf0, 0xd7, 0x90, 0xbc, 0x19, 0xe0, 0xcf, 0x06,
    0x79, 0x6f, 0xcb, 0x7e, 0x1a, 0xf0, 0xd7, 0x83, 0x3c, 0x19, 0xe0, 0xcf, 0x06, 0x78, 0x33, 0xc1,
    0x9e, 0x0c, 0xf0, 0x67, 0x83, 0x3c, 0x19, 0xe0, 0xcf, 0x06, 0x78, 0x33, 0xc1, 0x71, 0x01, 0x80,
    0x5b, 0x35, 0x61, 0xaf, 0x06, 0x78, 0x33, 0xc1, 0x9e, 0x0c, 0xf0, 0x67, 0x83, 0x3c, 0x19, 0xe0,
    0xcf, 0x06, 0x78, 0x33, 0xc1, 0x9e, 0x0c, 0xf0, 0x67, 0x83, 0x3c, 0x19, 0xe0, 0xcf, 0x06, 0x74,
    0x0a, 0xa0, 0x0d, 0x8a, 0x24, 0xbc, 0x35, 0xe1, 0xaf, 0x21, 0x78, 0x33, 0xc1, 0x9e, 0x0c, 0xf2,
    0xdf, 0x96, 0xfc, 0x35, 0xe1, 0xaf, 0x06, 0x78, 0x33, 0xc1, 0x9e, 0x0c, 0xf0, 0x67, 0x83, 0x3c,
    0x19, 0xe0, 0xcf, 0x06, 0x78, 0x33, 0xc1, 0x9e, 0x0c, 0xf0, 0x67, 0x83, 0x3c, 0x19, 0xe0, 0xcf,
    0x06, 0x78, 0x33, 0xc1, 0x9e, 0x0c, 0xf0, 0x67, 0x83, 0x3c, 0x19, 0xe0, 0xcf, 0x06, 0x78, 0x33,
    0xc1, 0x9e, 0x0c, 0xf0, 0x67, 0x83, 0x3c, 0x19, 0xe0, 0xcf, 0x06, 0x78, 0x31, 0x20, 0x55, 0x00,
    0x6c, 0x51, 0x25, 0xe1, 0xaf, 0x0d, 0x79, 0x0b, 0xc1, 0x9e, 0x0c, 0xf0, 0x67, 0x96, 0xfc, 0xb7,
    0xe1, 0xaf, 0x0d, 0x78, 0x33, 0xc1, 0x9e, 0x0c, 0xf0, 0x67, 0x83, 0x3c, 0x19, 0xe0, 0xcf, 0x06,
    0x78, 0x33, 0xc1, 0x9e, 0x0c, 0xf0, 0x67, 0x83, 0x3c, 0x17, 0x10, 0x18, 0x05, 0xb3, 0x56, 0x1a,
    0xf0, 0x67, 0x83, 0x3c, 0x19, 0xe0, 0xcf, 0x06, 0x78, 0x33, 0xc1, 0x9e, 0x0c, 0xf0, 0x67, 0x83,
    0x3c, 0x19, 0xe0, 0xcf, 0x06, 0x78, 0x33, 0xc1, 0x9e, 0x0c, 0xf0, 0x67, 0x40, 0xaa, 0x00, 0xd8,
    0xa2, 0x4b, 0xc3, 0x5e, 0x1a, 0xf2, 0x17, 0x83, 0x3c, 0x19, 0xe0, 0xcf, 0x2d, 0xf9, 0x6f, 0xc3,
    0x5e, 0x1a, 0xf0, 0x67, 0x83, 0x3c, 0x19, 0xe0, 0xcf, 0x06, 0x78, 0x33, 0xc1, 0x9e, 0x0c, 0xf0,
    0x67, 0x83, 0x3c, 0x19, 0xe0, 0xcf, 0x06, 0x78, 0x33, 0xc1, 0x9e, 0x0c, 0xf0, 0x67, 0x83, 0x3c,
    0x19, 0xe0, 0xcf, 0x06, 0x78, 0x33, 0xc1, 0x9e, 0x0c, 0xf0, 0x67, 0x83, 0x3c, 0x19, 0xe0, 0xcf,
    0x06, 0x78, 0x33, 0xc1, 0x9e, 0x0c, 0xf0, 0x67, 0x83, 0x12, 0x05, 0x50, 0x06, 0xc5, 0x12, 0x5e,
    0x1a, 0xf0, 0xd7, 0x90, 0xbc, 0x19, 0xe0, 0xcf, 0x06, 0x79, 0x6f, 0xcb, 0x7e, 0x1a, 0xf0, 0xd7,
    0x83, 0x3c, 0x19, 0xe0, 0xcf, 0x06, 0x78, 0x33, 0xc1, 0x9e, 0x0c, 0xf0, 0x67, 0x83, 0x3c, 0x19,
    0xe0, 0xcf, 0x06, 0x78, 0x33, 0xc1, 0x71, 0x01, 0x80, 0x5b, 0x35, 0x61, 0xaf, 0x06, 0x78, 0x33,
    0xc1, 0x9e, 0x0c, 0xf0, 0x67, 0x83, 0x3c, 0x19, 0xe0, 0xcf, 0x06, 0x78, 0x33, 0xc1, 0x9e, 0x0c,
    0xf0, 0x67, 0x83, 0x3c, 0x19, 0xe0, 0xcf, 0x06, 0x74, 0x0a, 0xa0, 0x0d, 0x8a, 0x24, 0xbc, 0x35,
    0xe1, 0xaf, 0x21, 0x78, 0x33, 0xc1, 0x9e, 0x0c, 0xf2, 0xdf, 0x96, 0xfc, 0x35, 0xe1, 0xaf, 0x06,
    0x78, 0x33, 0xc1, 0x9e, 0x0c, 0xf0, 0x67, 0x83, 0x3c, 0x19, 0xe0, 0xcf, 0x06, 0x78, 0x33, 0xc1,
    0x9e, 0x0c, 0xf0, 0x67, 0x83, 0x3c, 0x19, 0xe0, 0xcf, 0x06, 0x78, 0x33, 0xc1, 0x9e, 0x0c, 0xf0,
    0x67, 0x83, 0x3c, 0x19, 0xe0, 0xcf, 0x06, 0x78, 0x33, 0xc1, 0x9e, 0x0c, 0xf0, 0x67, 0x83, 0x3c,
    0x19, 0xe0, 0xcf, 0x06, 0x78, 0x31, 0x20, 0x55, 0x00, 0x6c, 0x51, 0x25, 0xe1, 0xaf, 0x0d, 0x79,
    0x0b, 0xc1, 0x9e, 0x0c, 0xf0, 0x67, 0x96, 0xfc, 0xb7, 0xe1, 0xaf, 0x0d, 0x78, 0x33, 0xc1, 0x9e,
    0x0c, 0xf0, 0x67, 0x83, 0x3c, 0x19, 0xe0, 0xcf, 0x06, 0x78, 0x33, 0xc1, 0x9e, 0x0c, 0xf0, 0x67,
    0x83, 0x3c, 0x17, 0x10, 0x18, 0x05, 0xb3, 0x56, 0x1a, 0xf0, 0x67, 0x83, 0x3c, 0x19, 0xe0, 0xcf,
    0x06, 0x78, 0x33, 0xc1, 0x9e, 0x0c, 0xf0, 0x67, 0x83, 0x3c, 0x19, 0xe0, 0xcf, 0x06, 0x78, 0x33,
    0xc1, 0x9e, 0x0c, 0xf0, 0x67, 0x40, 0xaa, 0x00, 0xd8, 0xa2, 0x4b, 0xc1, 0xbe, 0x0d, 0xf0, 0x6d,
    0x14, 0x7c, 0x19, 0xe0, 0xcf, 0x35, 0xf9, 0x3f, 0xc1, 0xbe, 0x6b, 0xf2, 0x8f, 0x83, 0x3c, 0x19,
    0xe0, 0xcf, 0x06, 0x78, 0x33, 0xc1, 0x9e, 0x0c, 0xf0, 0x67, 0x83, 0x3c, 0x19, 0xe0, 0xcf, 0x06,
    0x78, 0x33, 0xc1, 0x9e, 0x0c, 0xf0, 0x67, 0x83, 0x3c, 0x19, 0xe0, 0xcf, 0x06, 0x78, 0x33, 0xc1,
    0x9e, 0x0c, 0xf0, 0x67, 0x83, 0x3c, 0x19, 0xe0, 0xcf, 0x06, 0x78, 0x33, 0xc1, 0x9e, 0x0c, 0xf0,
    0x67, 0x83, 0x36, 0x05, 0x50, 0x06, 0xc5, 0x12, 0x5e, 0x1a, 0xf0, 0xd7, 0x90, 0xbc, 0x19, 0xe0,
    0xcf, 0x27, 0x79, 0x3a, 0x8b, 0x9e, 0x28, 0xf0, 0xd7, 0x94, 0x3c, 0x19, 0xe0, 0xcf, 0x06, 0x78,
    0x33, 0xc1, 0x9e, 0x0c, 0xf0, 0x67, 0x83, 0x3c, 0x19, 0xe0, 0xcf, 0x06, 0x78, 0x33, 0xc1, 0x9d,
    0x01, 0x80, 0x5b, 0x35, 0x61, 0xaf, 0x06, 0x78, 0x33, 0xc1, 0x9e, 0x0c, 0xf0, 0x67, 0x83, 0x3c,
    0x19, 0xe0, 0xcf, 0x06, 0x78, 0x33, 0xc1, 0x9e, 0x0c, 0xf0, 0x67, 0x83, 0x3c, 0x19, 0xe0, 0xcf,
    0x06, 0x74, 0x0a, 0xa0, 0x0d, 0x8a, 0x24, 0xbc, 0x1b, 0xe0, 0xdf, 0x06, 0xd1, 0x47, 0xc1, 0x9e,
    0x0c, 0xf3, 0x5f, 0x93, 0xfc, 0x1b, 0xe6, 0xbf, 0x28, 0xf8, 0x33, 0xc1, 0x9e, 0x0c, 0xf0, 0x67,
    0x83, 0x3c, 0x19, 0xe0, 0xcf, 0x06, 0x78, 0x33, 0xc1, 0x9e, 0x0c, 0xf0, 0x67, 0x83, 0x3c, 0x19,
    0xe0, 0xcf, 0x06, 0x78, 0x33, 0xc1, 0x9e, 0x0c, 0xf0, 0x67, 0x83, 0x3c, 0x19, 0xe0, 0xcf, 0x06,
    0x78, 0x33, 0xc1, 0x9e, 0x0c, 0xf0, 0x67, 0x83, 0x3c, 0x19, 0xe0, 0xcf, 0x06, 0x78, 0x33, 0x60,
    0x55, 0x00, 0x6c, 0x51, 0x25, 0xe0, 0xdf, 0x06, 0xf8, 0x36, 0x8a, 0x3e, 0x0c, 0xf0, 0x67, 0x9a,
    0xfc, 0x9f, 0xe0, 0xdf, 0x35, 0xf9, 0x47, 0xc1, 0x9e, 0x0c, 0xf0, 0x67, 0x83, 0x3c, 0x19, 0xe0,
    0xcf, 0x06, 0x78, 0x33, 0xc1, 0x9e, 0x0c, 0xf0, 0x67, 0x83, 0x3c, 0x19, 0xe0, 0x01, 0x80, 0xc0,
    0x2d, 0x9a, 0xb0, 0xd7, 0x83, 0x3c, 0x19, 0xe0, 0xcf, 0x06, 0x78, 0x33, 0xc1, 0x9e, 0x0c, 0xf0,
    0x67, 0x83, 0x3c, 0x19, 0xe0, 0xcf, 0x06, 0x78, 0x33, 0xc1, 0x9e, 0x0c, 0xf0, 0x67, 0x83, 0x3a,
    0x05, 0x50, 0x06, 0xc5, 0x12, 0x5e, 0x0d, 0xf0, 0x6f, 0x83, 0x68, 0xa3, 0xe0, 0xcf, 0x06, 0x79,
    0xaf, 0xc9, 0xfe, 0x0d, 0xf3, 0x5f, 0x94, 0x7c, 0x19, 0xe0, 0xcf, 0x06, 0x78, 0x33, 0xc1, 0x9e,
    0x0c, 0xf0, 0x67, 0x83, 0x3c, 0x19, 0xe0, 0xcf, 0x06, 0x78, 0x33, 0xc1, 0x9e, 0x0c, 0xf0, 0x67,
    0x83, 0x3c, 0x19, 0xe0, 0xcf, 0x06, 0x78, 0x33, 0xc1, 0x9e, 0x0c, 0xf0, 0x67, 0x83, 0x3c, 0x19,
    0xe0, 0xcf, 0x06, 0x78, 0x33, 0xc1, 0x9e, 0x0c, 0xf0, 0x67, 0x83, 0x3c, 0x19, 0xb0, 0x2a, 0x80,
    0x36, 0x28, 0x92, 0xf0, 0xd7, 0x86, 0xac, 0x51, 0xe5, 0x0f, 0x06, 0x78, 0x33, 0xc9, 0xfe, 0x0d,
    0xf0, 0x6f, 0x9a, 0xfc, 0xa3, 0xe0, 0xcf, 0x06, 0x78, 0x33, 0xc1, 0x9e, 0x0c, 0xf0, 0x67, 0x83,
    0x3c, 0x19, 0xe0, 0xcf, 0x06, 0x78, 0x33, 0xc1, 0x9e, 0x0c, 0xf0, 0x67, 0x83, 0x3c, 0x19, 0xe0,
    0xcf, 0x06, 0x78, 0x33, 0xc1, 0x9e, 0x0c, 0xf0, 0x67, 0x83, 0x3c, 0x19, 0xe0, 0xcf, 0x06, 0x78,
    0x33, 0xc1, 0x9e, 0x0c, 0xf0, 0x67, 0x83, 0x3c, 0x18, 0x30, 0x2a, 0x80, 0x36, 0x28, 0x92, 0xf0,
    0x6f, 0x83, 0x7c, 0x1b, 0x45, 0x1f, 0x06, 0x78, 0x33, 0xcd, 0x7e, 0x4f, 0xf0, 0x6f, 0x9a, 0xfc,
    0xa3, 0xe0, 0xcf, 0x06, 0x78, 0x33, 0xc1, 0x9e, 0x0c, 0xf0, 0x67, 0x83, 0x3c, 0x19, 0xe0, 0xcf,
    0x06, 0x78, 0x33, 0xc1, 0x9e, 0x0c, 0xf0, 0x67, 0x83, 0x3c, 0x19, 0xe0, 0xcf, 0x06, 0x78, 0x33,
    0xc1, 0x9e, 0x0c, 0xf0, 0x67, 0x83, 0x3c, 0x19, 0xe0, 0xcf, 0x06, 0x78, 0x33, 0xc1, 0x9e, 0x0c,
    0xf0, 0x67, 0x83, 0x3c, 0x19, 0xe0, 0xcd, 0x81, 0x54, 0x01, 0xb1, 0x44, 0x97, 0x83, 0x7c, 0x1b,
    0xe0, 0xda, 0x28, 0xf8, 0x33, 0xc1, 0x9e, 0x6b, 0xf2, 0x7f, 0x83, 0x7c, 0xd7, 0xe5, 0x1f, 0x06,
    0x78, 0x33, 0xc1, 0x9e, 0x0c, 0xf0, 0x67, 0x83, 0x3c, 0x19, 0xe0, 0xcf, 0x06, 0x78, 0x33, 0xc1,
    0x9e, 0x0c, 0xf0, 0x67, 0x80, 0x06, 0x03, 0x00, 0xb6, 0x6a, 0xc3, 0x5e, 0x0c, 0xf0, 0x67, 0x83,
    0x3c, 0x19, 0xe0, 0xcf, 0x06, 0x78, 0x33, 0xc1, 0x9e, 0x0c, 0xf0, 0x67, 0x83, 0x3c, 0x19, 0xe0,
    0xcf, 0x06, 0x78, 0x33, 0xc1, 0x9e, 0x0c, 0xe8, 0x15, 0x40, 0x1b, 0x14, 0x49, 0x78, 0x37, 0xc1,
    0xbe, 0x0d, 0xa2, 0x8f, 0x83, 0x3c, 0x19, 0xe6, 0xbf, 0x27, 0xf8, 0x37, 0xcd, 0x7e, 0x51, 0xf0,
    0x67, 0x83, 0x3c, 0x19, 0xe0, 0xcf, 0x06, 0x78, 0x33, 0xc1, 0x9e, 0x0c, 0xf0, 0x67, 0x83, 0x3c,
    0x19, 0xe0, 0xcf, 0x06, 0x78, 0x33, 0xc1, 0x9e, 0x0c, 0xf0, 0x67, 0x83, 0x3c, 0x19, 0xe0, 0xcf,
    0x06, 0x78, 0x33, 0xc1, 0x9e, 0x0c, 0xf0, 0x67, 0x83, 0x3c, 0x19, 0xe0, 0xcf, 0x06, 0x78, 0x33,
    0xc1, 0x9e, 0x0c, 0xf0, 0x66, 0xc0, 0xaa, 0x00, 0xd8, 0xa2, 0x4b, 0xc1, 0xbe, 0x0d, 0xf0, 0x6d,
    0x14, 0x7c, 0x19, 0xe0, 0xcf, 0x35, 0xf9, 0x3f, 0xc1, 0xbe, 0x6b, 0xf2, 0x8f, 0x83, 0x3c, 0x19,
    0xe0, 0xcf, 0x06, 0x78, 0x33, 0xc1, 0x9e, 0x0c, 0xf0, 0x67, 0x83, 0x3c, 0x19, 0xe0, 0xcf, 0x06,
    0x78, 0x33, 0xc0, 0x03, 0x01, 0x80, 0x5b, 0x35, 0x61, 0xaf, 0x06, 0x78, 0x33, 0xc1, 0x9e, 0x0c,
    0xf0, 0x67, 0x83, 0x3c, 0x19, 0xe0, 0xcf, 0x06, 0x78, 0x33, 0xc1, 0x9e, 0x0c, 0xf0, 0x67, 0x83,
    0x3c, 0x19, 0xe0, 0xcf, 0x06, 0x74, 0x0a, 0xa0, 0x0d, 0x8a, 0x24, 0xbc, 0x1b, 0xe0, 0xdf, 0x06,
    0xd1, 0x47, 0xc1, 0x9e, 0x0c, 0xf3, 0x5f, 0x93, 0xfc, 0x1b, 0xe6, 0xbf, 0x28, 0xf8, 0x33, 0xc1,
    0x9e, 0x0c, 0xf0, 0x67, 0x83, 0x3c, 0x19, 0xe0, 0xcf, 0x06, 0x78, 0x33, 0xc1, 0x9e, 0x0c, 0xf0,
    0x67, 0x83, 0x3c, 0x19, 0xe0, 0xcf, 0x06, 0x78, 0x33, 0xc1, 0x9e, 0x0c, 0xf0, 0x67, 0x83, 0x3c,
    0x19, 0xe0, 0xcf, 0x06, 0x78, 0x33, 0xc1, 0x9e, 0x0c, 0xf0, 0x67, 0x83, 0x3c, 0x19, 0xe0, 0xcf,
    0x06, 0x78, 0x33, 0x60, 0x55, 0x00, 0x6c, 0x51, 0x25, 0xe0, 0xdf, 0x06, 0xf8, 0x36, 0x8a, 0x3e,
    0x0c, 0xf0, 0x67, 0x9a, 0xfc, 0x9f, 0xe0, 0xdf, 0x35, 0xf9, 0x47, 0xc1, 0x9e, 0x0c, 0xf0, 0x67,
    0x83, 0x3c, 0x19, 0xe0, 0xcf, 0x06, 0x78, 0x33, 0xc1, 0x9e, 0x0c, 0xf0, 0x67, 0x83, 0x3c, 0x19,
    0xe0, 0x01, 0x80, 0xc0, 0x2d, 0x9a, 0xb0, 0xd7, 0x83, 0x3c, 0x19, 0xe0, 0xcf, 0x06, 0x78, 0x33,
    0xc1, 0x9e, 0x0c, 0xf0, 0x67, 0x83, 0x3c, 0x19, 0xe0, 0xcf, 0x06, 0x78, 0x33, 0xc1, 0x9e, 0x0c,
    0xf0, 0x67, 0x83, 0x3a, 0x05, 0x50, 0x06, 0xc5, 0x12, 0x5e, 0x0d, 0xf0, 0x6f, 0x83, 0x68, 0xa3,
    0xe0, 0xcf, 0x06, 0x79, 0xaf, 0xc9, 0xfe, 0x0d, 0xf3, 0x5f, 0x94, 0x7c, 0x19, 0xe0, 0xcf, 0x06,
    0x78, 0x33, 0xc1, 0x9e, 0x0c, 0xf0, 0x67, 0x83, 0x3c, 0x19, 0xe0, 0xcf, 0x06, 0x78, 0x33, 0xc1,
    0x9e, 0x0c, 0xf0, 0x67, 0x83, 0x3c, 0x19, 0xe0, 0xcf, 0x06, 0x78, 0x33, 0xc1, 0x9e, 0x0c, 0xf0,
    0x67, 0x83, 0x3c, 0x19, 0xe0, 0xcf, 0x06, 0x78, 0x33, 0xc1, 0x9e, 0x0c, 0xf0, 0x67, 0x83, 0x3c,
    0x19, 0xb0, 0x2a, 0x80, 0x36, 0x28, 0x92, 0xf0, 0x6f, 0x83, 0x7c, 0x1b, 0x45, 0x1f, 0x06, 0x78,
    0x33, 0xcd, 0x7e, 0x4f, 0xf0, 0x6f, 0x9a, 0xfc, 0xa3, 0xe0, 0xcf, 0x06, 0x78, 0x33, 0xc1, 0x9e,
    0x0c, 0xf0, 0x67, 0x83, 0x3c, 0x19, 0xe0, 0xcf, 0x06, 0x78, 0x33, 0xc1, 0x9e, 0x0c, 0xf0, 0x00,
    0xc0, 0x60, 0x16, 0xcd, 0x58, 0x6b, 0xc1, 0x9e, 0x0c, 0xf0, 0x67, 0x83, 0x3c, 0x19, 0xe0, 0xcf,
    0x06, 0x78, 0x33, 0xc1, 0x9e, 0x0c, 0xf0, 0x67, 0x83, 0x3c, 0x19, 0xe0, 0xcf, 0x06, 0x78, 0x33,
    0xc1, 0x9e, 0x0c, 0xf0, 0x67, 0x83, 0x3c, 0x19, 0xe0, 0xcf, 0x06, 0x78, 0x33, 0xc1, 0x9e, 0x0c,
    0xf0, 0x67, 0x83, 0x3c, 0x19, 0xe0, 0xcf, 0x06, 0x78, 0x33, 0xc1, 0x9e, 0x0c, 0xf0, 0x67, 0x83,
    0x3c, 0x19, 0xe0, 0xcf, 0x06, 0x78, 0x33, 0xc1, 0x9e, 0x0c, 0xf0, 0x67, 0x83, 0x3c, 0x19, 0xe0,
    0xcf, 0x06, 0x78, 0x33, 0xc1, 0x9e, 0x0c, 0xf0, 0x67, 0x83, 0x3c, 0x19, 0xe0, 0xcf, 0x06, 0x78,
    0x33, 0xc1, 0x9e, 0x0c, 0xf0, 0x67, 0x83, 0x3c, 0x19, 0xe0, 0xcf, 0x06, 0x78, 0x33, 0xc1, 0x9e,
    0x0c, 0xf0, 0x67, 0x83, 0x3c, 0x19, 0xe0, 0xcf, 0x06, 0x78, 0x33, 0xc1, 0x9e, 0x0c, 0xf0, 0x67,
    0x83, 0x3c, 0x19, 0xe0, 0xcf, 0x06, 0x78, 0x33, 0xc1, 0x9e, 0x0c, 0xf0, 0x67, 0x83, 0x3c, 0x19,
    0xd0, 0x18, 0x05, 0xb3, 0x56, 0x1a, 0xf0, 0x67, 0x83, 0x3c, 0x19, 0xe0, 0xcf, 0x06, 0x78, 0x33,
    0xc1, 0x9e, 0x0c, 0xf0, 0x67, 0x83, 0x3c, 0x19, 0xe0, 0xcf, 0x06, 0x78, 0x33, 0xc1, 0x9e, 0x0c,
    0xf0, 0x67, 0x83, 0x3c, 0x19, 0xe0, 0xcf, 0x06, 0x78, 0x33, 0xc1, 0x9e, 0x0c, 0xf0, 0x67, 0x83,
    0x3c, 0x19, 0xe0, 0xcf, 0x06, 0x78, 0x33, 0xc1, 0x9e, 0x0c, 0xf0, 0x67, 0x83, 0x3c, 0x19, 0xe0,
    0xcf, 0x06, 0x78, 0x33, 0xc1, 0x9e, 0x0c, 0xf0, 0x67, 0x83, 0x3c, 0x19, 0xe0, 0xcf, 0x06, 0x78,
    0x33, 0xc1, 0x9e, 0x0c, 0xf0, 0x67, 0x83, 0x3c, 0x19, 0xe0, 0xcf, 0x06, 0x78, 0x33, 0xc1, 0x9e,
    0x0c, 0xf0, 0x67, 0x83, 0x3c, 0x19, 0xe0, 0xcf, 0x06, 0x78, 0x33, 0xc1, 0x9e, 0x0c, 0xf0, 0x67,
    0x83, 0x3c, 0x19, 0xe0, 0xcf, 0x06, 0x78, 0x33, 0xc1, 0x9e, 0x0c, 0xf0, 0x67, 0x83, 0x3c, 0x19,
    0xe0, 0xcf, 0x06, 0x78, 0x33, 0xc1, 0x9e, 0x0c, 0xf0, 0x67, 0x83, 0x3c, 0x19, 0xe0, 0xcf, 0x06,
    0x74, 0x06, 0x01, 0x6c, 0xd5, 0x86, 0xbc, 0x19, 0xe0, 0xcf, 0x06, 0x78, 0x33, 0xc1, 0x9e, 0x0c,
    0xf0, 0x67, 0x83, 0x3c, 0x19, 0xe0, 0xcf, 0x06, 0x78, 0x33, 0xc1, 0x9e, 0x0c, 0xf0, 0x67, 0x83,
    0x3c, 0x19, 0xe0, 0xcf, 0x06, 0x78, 0x33, 0xc1, 0x9e, 0x0c, 0xf0, 0x67, 0x83, 0x3c, 0x19, 0xe0,
    0xcf, 0x06, 0x78, 0x33, 0xc1, 0x9e, 0x0c, 0xf0, 0x67, 0x83, 0x3c, 0x19, 0xe0, 0xcf, 0x06, 0x78,
    0x33, 0xc1, 0x9e, 0x0c, 0xf0, 0x67, 0x83, 0x3c, 0x19, 0xe0, 0xcf, 0x06, 0x78, 0x33, 0xc1, 0x9e,
    0x0c, 0xf0, 0x67, 0x83, 0x3c, 0x19, 0xe0, 0xcf, 0x06, 0x78, 0x33, 0xc1, 0x9e, 0x0c, 0xf0, 0x67,
    0x83, 0x3c, 0x19, 0xe0, 0xcf, 0x06, 0x78, 0x33, 0xc1, 0x9e, 0x0c, 0xf0, 0x67, 0x83, 0x3c, 0x19,
    0xe0, 0xcf, 0x06, 0x78, 0x33, 0xc1, 0x9e, 0x0c, 0xf0, 0x67, 0x83, 0x3c, 0x19, 0xe0, 0xcf, 0x06,
    0x78, 0x33, 0xc1, 0x9e, 0x0c, 0xf0, 0x67, 0x83, 0x3c, 0x19, 0xe0, 0xcf, 0x06, 0x78, 0x33, 0xc1,
    0x9d, 0x01, 0x80, 0x5b, 0x35, 0x61, 0xaf, 0x06, 0x78, 0x33, 0xc1, 0x9e, 0x0c, 0xf0, 0x67, 0x83,
    0x3c, 0x19, 0xe0, 0xcf, 0x06, 0x78, 0x33, 0xc1, 0x9e, 0x0c, 0xf0, 0x67, 0x83, 0x3c, 0x19, 0xe0,
    0xcf, 0x06, 0x78, 0x33, 0xc1, 0x9e, 0x0c, 0xf0, 0x67, 0x83, 0x3c, 0x19, 0xe0, 0xcf, 0x06, 0x78,
    0x33, 0xc1, 0x9e, 0x0c, 0xf0, 0x67, 0x83, 0x3c, 0x19, 0xe0, 0xcf, 0x06, 0x78, 0x33, 0xc1, 0x9e,
    0x0c, 0xf0, 0x67, 0x83, 0x3c, 0x19, 0xe0, 0xcf, 0x06, 0x78, 0x33, 0xc1, 0x9e, 0x0c, 0xf0, 0x67,
    0x83, 0x3c, 0x19, 0xe0, 0xcf, 0x06, 0x78, 0x33, 0xc1, 0x9e, 0x0c, 0xf0, 0x67, 0x83, 0x3c, 0x19,
    0xe0, 0xcf, 0x06, 0x78, 0x33, 0xc1, 0x9e, 0x0c, 0xf0, 0x67, 0x83, 0x3c, 0x19, 0xe0, 0xcf, 0x06,
    0x78, 0x33, 0xc1, 0x9e, 0x0c, 0xf0, 0x67, 0x83, 0x3c, 0x19, 0xe0, 0xcf, 0x06, 0x78, 0x33, 0xc1,
    0x9e, 0x0c, 0xf0, 0x67, 0x83, 0x3c, 0x19, 0xe0, 0xcf, 0x06, 0x78, 0x33, 0xc1, 0x9e, 0x0c, 0xf0,
    0x67, 0x40, 0x60, 0x16, 0xcd, 0x58, 0x6b, 0xc1, 0x9e, 0x0c, 0xf0, 0x67, 0x83, 0x3c, 0x19, 0xe0,
    0xcf, 0x06, 0x78, 0x33, 0xc1, 0x9e, 0x0c, 0xf0, 0x67, 0x83, 0x3c, 0x19, 0xe0, 0xcf, 0x06, 0x78,
    0x33, 0xc1, 0x9e, 0x0c, 0xf0, 0x67, 0x83, 0x3c, 0x19, 0xe0, 0xcf, 0x06, 0x78, 0x33, 0xc1, 0x9e,
    0x0c, 0xf0, 0x67, 0x83, 0x3c, 0x19, 0xe0, 0xcf, 0x06, 0x78, 0x33, 0xc1, 0x9e, 0x0c, 0xf0, 0x67,
    0x83, 0x3c, 0x19, 0xe0, 0xcf, 0x06, 0x78, 0x33, 0xc1, 0x9e, 0x0c, 0xf0, 0x67, 0x83, 0x3c, 0x19,
    0xe0, 0xcf, 0x06, 0x78, 0x33, 0xc1, 0x9e, 0x0c, 0xf0, 0x67, 0x83, 0x3c, 0x19, 0xe0, 0xcf, 0x06,
    0x78, 0x33, 0xc1, 0x9e, 0x0c, 0xf0, 0x67, 0x83, 0x3c, 0x19, 0xe0, 0xcf, 0x06, 0x78, 0x33, 0xc1,
    0x9e, 0x0c, 0xf0, 0x67, 0x83, 0x3c, 0x19, 0xe0, 0xcf, 0x06, 0x78, 0x33, 0xc1, 0x9e, 0x0c, 0xf0,
    0x67, 0x83, 0x3c, 0x19, 0xe0, 0xcf, 0x06, 0x78, 0x33, 0xc1, 0x9e, 0x0c, 0xf0, 0x67, 0x83, 0x3c,
    0x19, 0xe0, 0xcf, 0x06, 0x78, 0x33, 0xc1, 0x9e, 0x0c, 0xf0, 0x67, 0x83, 0x3c, 0x19, 0xe0, 0xcf,
    0x06, 0x78, 0x33, 0xc1, 0x9e, 0x0c, 0xf0, 0x67, 0x83, 0x3c, 0x19, 0xe0, 0xcf, 0x06, 0x78, 0x33,
    0xc1, 0x9e, 0x0c, 0xf0, 0x67, 0x83, 0x3c, 0x19, 0xe0, 0xcf, 0x06, 0x78, 0x33, 0xc1, 0x9e, 0x0c,
    0xf0, 0x67, 0x83, 0x3c, 0x19, 0xe0, 0xcf, 0x06, 0x78, 0x33, 0xc1, 0x9e, 0x0c, 0xf0, 0x67, 0x83,
    0x3c, 0x19, 0xe0, 0xcf, 0x06, 0x78, 0x33, 0xc1, 0x9e, 0x0c, 0xf0, 0x67, 0x83, 0x3c, 0x19, 0xe0,
    0xcf, 0x06, 0x78, 0x33, 0xc1, 0x9e, 0x0c, 0xf0, 0x67, 0x83, 0x3c, 0x19, 0xe0, 0xcf, 0x06, 0x78,
    0x33, 0xc1, 0x9e, 0x0c, 0xf0, 0x67, 0x83, 0x3c, 0x19, 0xe0, 0xcf, 0x06, 0x78, 0x33, 0xc1, 0x9e,
    0x0c, 0xf0, 0x67, 0x83, 0x3c, 0x19, 0xe0, 0xcf, 0x06, 0x78, 0x33, 0xc1, 0x9e, 0x0c, 0xf0, 0x67,
    0x83, 0x3c, 0x19, 0xe0, 0xcf, 0x06, 0x78, 0x33, 0xc1, 0x9e, 0x0c, 0xf0, 0x67, 0xc0, 0x20, 0x30,
    0x0b, 0x66, 0xac, 0x35, 0xe0, 0xcf, 0x06, 0x78, 0x33, 0xc1, 0x9e, 0x0c, 0xf0, 0x67, 0x83, 0x3c,
    0x19, 0xe0, 0xcf, 0x06, 0x78, 0x33, 0xc1, 0x9e, 0x0c, 0xf0, 0x67, 0x83, 0x3c, 0x19, 0xe0, 0xcf,
    0x06, 0x78, 0x33, 0xc1, 0x9e, 0x0c, 0xf0, 0x67, 0x83, 0x3c, 0x19, 0xe0, 0xcf, 0x06, 0x78, 0x33,
    0xc1, 0x9e, 0x0c, 0xf0, 0x67, 0x83, 0x3c, 0x19, 0xe0, 0xcf, 0x06, 0x78, 0x33, 0xc1, 0x9e, 0x0c,
    0xf0, 0x67, 0x83, 0x3c, 0x19, 0xe0, 0xcf, 0x06, 0x78, 0x33, 0xc1, 0x9e, 0x0c, 0xf0, 0x67, 0x83,
    0x3c, 0x19, 0xe0, 0xcf, 0x06, 0x78, 0x33, 0xc1, 0x9e, 0x0c, 0xf0, 0x67, 0x83, 0x3c, 0x19, 0xe0,
    0xcf, 0x06, 0x78, 0x33, 0xc1, 0x9e, 0x0c, 0xf0, 0x67, 0x83, 0x3c, 0x19, 0xe0, 0xcf, 0x06, 0x78,
    0x33, 0xc1, 0x9e, 0x0c, 0xf0, 0x67, 0x83, 0x3c, 0x19, 0xe0, 0xcf, 0x06, 0x78, 0x33, 0xc1, 0x9e,
    0x0c, 0xf0, 0x67, 0x83, 0x3c, 0x19, 0xe0, 0xcf, 0x06, 0x78, 0x33, 0xc1, 0x9e, 0x0c, 0xe8, 0x0c,
    0x02, 0xd9, 0xab, 0x0d, 0x78, 0x33, 0xc1, 0x9e, 0x0c, 0xf0, 0x67, 0x83, 0x3c, 0x19, 0xe0, 0xcf,
    0x06, 0x78, 0x33, 0xc1, 0x9e, 0x0c, 0xf0, 0x67, 0x83, 0x3c, 0x19, 0xe0, 0xcf, 0x06, 0x78, 0x33,
    0xc1, 0x9e, 0x0c, 0xf0, 0x67, 0x83, 0x3c, 0x19, 0xe0, 0xcf, 0x06, 0x78, 0x33, 0xc1, 0x9e, 0x0c,
    0xf0, 0x67, 0x83, 0x3c, 0x19, 0xe0, 0xcf, 0x06, 0x78, 0x33, 0xc1, 0x9e, 0x0c, 0xf0, 0x67, 0x83,
    0x3c, 0x19, 0xe0, 0xcf, 0x06, 0x78, 0x33, 0xc1, 0x9e, 0x0c, 0xf0, 0x67, 0x83, 0x3c, 0x19, 0xe0,
    0xcf, 0x06, 0x78, 0x33, 0xc1, 0x9e, 0x0c, 0xf0, 0x67, 0x83, 0x3c, 0x19, 0xe0, 0xcf, 0x06, 0x78,
    0x33, 0xc1, 0x9e, 0x0c, 0xf0, 0x67, 0x83, 0x3c, 0x19, 0xe0, 0xcf, 0x06, 0x78, 0x33, 0xc1, 0x9e,
    0x0c, 0xf0, 0x67, 0x83, 0x3c, 0x19, 0xe0, 0xcf, 0x06, 0x78, 0x33, 0xc1, 0x9e, 0x0c, 0xf0, 0x67,
    0x83, 0x3c, 0x19, 0xe0, 0xcf, 0x06, 0x78, 0x33, 0xc1, 0x9e, 0x0c, 0xf0, 0x67, 0x83, 0x3a, 0x03,
    0x00, 0xb6, 0x6a, 0xc3, 0x5e, 0x0c, 0xf0, 0x67, 0x83, 0x3c, 0x19, 0xe0, 0xcf, 0x06, 0x78, 0x33,
    0xc1, 0x9e, 0x0c, 0xf0, 0x67, 0x83, 0x3c, 0x19, 0xe0, 0xcf, 0x06, 0x78, 0x33, 0xc1, 0x9e, 0x0c,
    0xf0, 0x67, 0x83, 0x3c, 0x19, 0xe0, 0xcf, 0x06, 0x78, 0x33, 0xc1, 0x9e, 0x0c, 0xf0, 0x67, 0x83,
    0x3c, 0x19, 0xe0, 0xcf, 0x06, 0x78, 0x33, 0xc1, 0x9e, 0x0c, 0xf0, 0x67, 0x83, 0x3c, 0x19, 0xe0,
    0xcf, 0x06, 0x78, 0x33, 0xc1, 0x9e, 0x0c, 0xf0, 0x67, 0x83, 0x3c, 0x19, 0xe0, 0xcf, 0x06, 0x78,
    0x33, 0xc1, 0x9e, 0x0c, 0xf0, 0x67, 0x83, 0x3c, 0x19, 0xe0, 0xcf, 0x06, 0x78, 0x33, 0xc1, 0x9e,
    0x0c, 0xf0, 0x67, 0x83, 0x3c, 0x19, 0xe0, 0xcf, 0x06, 0x78, 0x33, 0xc1, 0x9e, 0x0c, 0xf0, 0x67,
    0x83, 0x3c, 0x19, 0xe0, 0xcf, 0x06, 0x78, 0x33, 0xc1, 0x9e, 0x0c, 0xf0, 0x67, 0x83, 0x3c, 0x19,
    0xe0, 0xcf, 0x06, 0x78, 0x33, 0xc1, 0x9e, 0x0c, 0xf0, 0x67, 0x83, 0x3c, 0x19, 0xe0, 0xce, 0x80,
    0xc0, 0x2d, 0x9a, 0xb0, 0xd7, 0x83, 0x3c, 0x19, 0xe0, 0xcf, 0x06, 0x78, 0x33, 0xc1, 0x9e, 0x0c,
    0xf0, 0x67, 0x83, 0x3c, 0x19, 0xe0, 0xcf, 0x06, 0x78, 0x33, 0xc1, 0x9e, 0x0c, 0xf0, 0x67, 0x83,
    0x3c, 0x19, 0xe0, 0xcf, 0x06, 0x78, 0x33, 0xc1, 0x9e, 0x0c, 0xf0, 0x67, 0x83, 0x3c, 0x19, 0xe0,
    0xcf, 0x06, 0x78, 0x33, 0xc1, 0x9e, 0x0c, 0xf0, 0x67, 0x83, 0x3c, 0x19, 0xe0, 0xcf, 0x06, 0x78,
    0x33, 0xc1, 0x9e, 0x0c, 0xf0, 0x67, 0x83, 0x3c, 0x19, 0xe0, 0xcf, 0x06, 0x78, 0x33, 0xc1, 0x9e,
    0x0c, 0xf0, 0x67, 0x83, 0x3c, 0x19, 0xe0, 0xcf, 0x06, 0x78, 0x33, 0xc1, 0x9e, 0x0c, 0xf0, 0x67,
    0x83, 0x3c, 0x19, 0xe0, 0xcf, 0x06, 0x78, 0x33, 0xc1, 0x9e, 0x0c, 0xf0, 0x67, 0x83, 0x3c, 0x19,
    0xe0, 0xcf, 0x06, 0x78, 0x33, 0xc1, 0x9e, 0x0c, 0xf0, 0x67, 0x83, 0x3c, 0x19, 0xe0, 0xcf, 0x06,
    0x78, 0x33, 0xc1, 0x9e, 0x0c, 0xf0, 0x67, 0x83, 0x3c, 0x19, 0xe0, 0xcf, 0x06, 0x78, 0x33, 0xc1,
    0x9e, 0x0c, 0xf0, 0x67, 0x83, 0x3c, 0x19, 0xe0, 0xcf, 0x06, 0x78, 0x33, 0xc1, 0x9e, 0x0c, 0xf0,
    0x67, 0x83, 0x3c, 0x19, 0xe0, 0xcf, 0x06, 0x78, 0x33, 0xc1, 0x9e, 0x0c, 0xf0, 0x67, 0x83, 0x3c,
    0x19, 0xe0, 0xcf, 0x06, 0x78, 0x33, 0xc1, 0x9e, 0x0c, 0xf0, 0x67, 0x83, 0x3c, 0x19, 0xe0, 0xcf,
    0x06, 0x78, 0x33, 0xc1, 0x9e, 0x0c, 0xf0, 0x67, 0x83, 0x3c, 0x19, 0xe0, 0xcf, 0x06, 0x78, 0x33,
    0xc1, 0x9e, 0x0c, 0xf0, 0x67, 0x83, 0x3c, 0x19, 0xe0, 0xcf, 0x06, 0x78, 0x33, 0xc1, 0x9e, 0x0c,
    0xf0, 0x67, 0x83, 0x3c, 0x19, 0xe0, 0xcf, 0x06, 0x78, 0x33, 0xc1, 0x9e, 0x0c, 0xf0, 0x67, 0x83,
    0x3c, 0x19, 0xe0, 0xcf, 0x06, 0x78, 0x33, 0xc1, 0x9e, 0x0c, 0xf0, 0x67, 0x83, 0x3c, 0x19, 0xe0,
    0xcf, 0x06, 0x78, 0x33, 0xc1, 0x9e, 0x0c, 0xf0, 0x67, 0x83, 0x3c, 0x19, 0xe0, 0xcf, 0x06, 0x78,
    0x33, 0xc1, 0x9e, 0x0c, 0xf0, 0x67, 0x83, 0x3c, 0x19, 0xe0, 0xcf, 0x06, 0x78, 0x33, 0xc1, 0x9e,
    0x0c, 0xf0, 0x67, 0x83, 0x3c, 0x19, 0xe0, 0xcf, 0x06, 0x78, 0x33, 0xc1, 0x9e, 0x0c, 0xf0, 0x67,
    0x83, 0x3c, 0x19, 0xe0, 0xcf, 0x06, 0x78, 0x33, 0xc1, 0x9e, 0x0c, 0xf0, 0x67, 0x83, 0x3c, 0x19,
    0xe0, 0xcf, 0x06, 0x78, 0x33, 0xc1, 0x9e, 0x0c, 0xf0, 0x67, 0x83, 0x3c, 0x19, 0xe0, 0xcf, 0x06,
    0x78, 0x33, 0xc1, 0x9e, 0x0c, 0xf0, 0x67, 0x83, 0x3c, 0x19, 0xe0, 0xcf, 0x06, 0x78, 0x33, 0xc1,
    0x9e, 0x0c, 0xf0, 0x67, 0x83, 0x3c, 0x19, 0xe0, 0xcf, 0x06, 0x78, 0x33, 0xc1, 0x9e, 0x0c, 0xf0,
    0x67, 0x83, 0x3c, 0x19, 0xe0, 0xcf, 0x06, 0x78, 0x33, 0xc1, 0x9e, 0x0c, 0xf0, 0x67, 0x83, 0x3c,
    0x19, 0xe0, 0xcf, 0x06, 0x78, 0x33, 0xc1, 0x9e, 0x0c, 0xf0, 0x67, 0x83, 0x3c, 0x19, 0xe0, 0xcf,
    0x06, 0x78, 0x33, 0xc1, 0x9e, 0x0c, 0xf0, 0x67, 0x83, 0x3c, 0x19, 0xe0, 0xcf, 0x06, 0x78, 0x33,
    0xc1, 0x9e, 0x0c, 0xf0, 0x67, 0x83, 0x3c, 0x00, 0x50, 0x18, 0x05, 0xb3, 0x56, 0x1a, 0xf0, 0x67,
    0x83, 0x3c, 0x19, 0xe0, 0xcf, 0x06, 0x78, 0x33, 0xc1, 0x9e, 0x0c, 0xf0, 0x67, 0x83, 0x3c, 0x19,
    0xe0, 0xcf, 0x06, 0x78, 0x33, 0xc1, 0x9e, 0x0c, 0xf0, 0x67, 0x83, 0x3c, 0x19, 0xe0, 0xcf, 0x06,
    0x78, 0x33, 0xc1, 0x9e, 0x0c, 0xf0, 0x67, 0x83, 0x3c, 0x19, 0xe0, 0xcf, 0x06, 0x78, 0x33, 0xc1,
    0x9e, 0x0c, 0xf0, 0x67, 0x83, 0x3c, 0x19, 0xe0, 0xcf, 0x06, 0x78, 0x33, 0xc1, 0x9e, 0x0c, 0xf0,
    0x67, 0x83, 0x3c, 0x19, 0xe0, 0xcf, 0x06, 0x78, 0x33, 0xc1, 0x9e, 0x0c, 0xf0, 0x67, 0x83, 0x3c,
    0x19, 0xe0, 0xcf, 0x06, 0x78, 0x33, 0xc1, 0x9e, 0x0c, 0xf0, 0x67, 0x83, 0x3c, 0x19, 0xe0, 0xcf,
    0x06, 0x78, 0x33, 0xc1, 0x9e, 0x0c, 0xf0, 0x67, 0x83, 0x3c, 0x19, 0xe0, 0xcf, 0x06, 0x78, 0x33,
    0xc1, 0x9e, 0x0c, 0xf0, 0x67, 0x83, 0x3c, 0x19, 0xe0, 0xcf, 0x06, 0x78, 0x33, 0xc1, 0x9e, 0x0c,
    0xf0, 0x67, 0x83, 0x3c, 0x19, 0xe0, 0xcf, 0x06, 0x74, 0x06, 0x01, 0x6c, 0xd5, 0x86, 0xbc, 0x19,
    0xe0, 0xcf, 0x06, 0x78, 0x33, 0xc1, 0x9e, 0x0c, 0xf0, 0x67, 0x83, 0x3c, 0x19, 0xe0, 0xcf, 0x06,
    0x78, 0x33, 0xc1, 0x9e, 0x0c, 0xf0, 0x67, 0x83, 0x3c, 0x19, 0xe0, 0xcf, 0x06, 0x78, 0x33, 0xc1,
    0x9e, 0x0c, 0xf0, 0x67, 0x83, 0x3c, 0x19, 0xe0, 0xcf, 0x06, 0x78, 0x33, 0xc1, 0x9e, 0x0c, 0xf0,
    0x67, 0x83, 0x3c, 0x19, 0xe0, 0xcf, 0x06, 0x78, 0x33, 0xc1, 0x9e, 0x0c, 0xf0, 0x67, 0x83, 0x3c,
    0x19, 0xe0, 0xcf, 0x06, 0x78, 0x33, 0xc1, 0x9e, 0x0c, 0xf0, 0x67, 0x83, 0x3c, 0x19, 0xe0, 0xcf,
    0x06, 0x78, 0x33, 0xc1, 0x9e, 0x0c, 0xf0, 0x67, 0x83, 0x3c, 0x19, 0xe0, 0xcf, 0x06, 0x78, 0x33,
    0xc1, 0x9e, 0x0c, 0xf0, 0x67, 0x83, 0x3c, 0x19, 0xe0, 0xcf, 0x06, 0x78, 0x33, 0xc1, 0x9e, 0x0c,
    0xf0, 0x67, 0x83, 0x3c, 0x19, 0xe0, 0xcf, 0x06, 0x78, 0x33, 0xc1, 0x9e, 0x0c, 0xf0, 0x67, 0x83,
    0x3c, 0x19, 0xe0, 0xcf, 0x06, 0x78, 0x33, 0xc1, 0x9d, 0x01, 0x80, 0x5b, 0x35, 0x61, 0xaf, 0x06,
    0x78, 0x33, 0xc1, 0x9e, 0x0c, 0xf0, 0x67, 0x83, 0x3c, 0x19, 0xe0, 0xcf, 0x06, 0x78, 0x33, 0xc1,
    0x9e, 0x0c, 0xf0, 0x67, 0x83, 0x3c, 0x19, 0xe0, 0xcf, 0x06, 0x78, 0x33, 0xc1, 0x9e, 0x0c, 0xf0,
    0x67, 0x83, 0x3c, 0x19, 0xe0, 0xcf, 0x06, 0x78, 0x33, 0xc1, 0x9e, 0x0c, 0xf0, 0x67, 0x83, 0x3c,
    0x19, 0xe0, 0xcf, 0x06, 0x78, 0x33, 0xc1, 0x9e, 0x0c, 0xf0, 0x67, 0x83, 0x3c, 0x19, 0xe0, 0xcf,
    0x06, 0x78, 0x33, 0xc1, 0x9e, 0x0c, 0xf0, 0x67, 0x83, 0x3c, 0x19, 0xe0, 0xcf, 0x06, 0x78, 0x33,
    0xc1, 0x9e, 0x0c, 0xf0, 0x67, 0x83, 0x3c, 0x19, 0xe0, 0xcf, 0x06, 0x78, 0x33, 0xc1, 0x9e, 0x0c,
    0xf0, 0x67, 0x83, 0x3c, 0x19, 0xe0, 0xcf, 0x06, 0x78, 0x33, 0xc1, 0x9e, 0x0c, 0xf0, 0x67, 0x83,
    0x3c, 0x19, 0xe0, 0xcf, 0x06, 0x78, 0x33, 0xc1, 0x9e, 0x0c, 0xf0, 0x67, 0x83, 0x3c, 0x19, 0xe0,
    0xcf, 0x06, 0x78, 0x33, 0xc1, 0x9e, 0x0c, 0xf0, 0x67, 0x40, 0x60, 0x16, 0xcd, 0x58, 0x6b, 0xc1,
    0x9e, 0x0c, 0xf0, 0x67, 0x83, 0x3c, 0x19, 0xe0, 0xcf, 0x06, 0x78, 0x33, 0xc1, 0x9e, 0x0c, 0xf0,
    0x67, 0x83, 0x3c, 0x19, 0xe0, 0xcf, 0x06, 0x78, 0x33, 0xc1, 0x9e, 0x0c, 0xf0, 0x67, 0x83, 0x3c,
    0x19, 0xe0, 0xcf, 0x06, 0x78, 0x33, 0xc1, 0x9e, 0x0c, 0xf0, 0x67, 0x83, 0x3c, 0x19, 0xe0, 0xcf,
    0x06, 0x78, 0x33, 0xc1, 0x9e, 0x0c, 0xf0, 0x67, 0x83, 0x3c, 0x19, 0xe0, 0xcf, 0x06, 0x78, 0x33,
    0xc1, 0x9e, 0x0c, 0xf0, 0x67, 0x83, 0x3c, 0x19, 0xe0, 0xcf, 0x06, 0x78, 0x33, 0xc1, 0x9e, 0x0c,
    0xf0, 0x67, 0x83, 0x3c, 0x19, 0xe0, 0xcf, 0x06, 0x78, 0x33, 0xc1, 0x9e, 0x0c, 0xf0, 0x67, 0x83,
    0x3c, 0x19, 0xe0, 0xcf, 0x06, 0x78, 0x33, 0xc1, 0x9e, 0x0c, 0xf0, 0x67, 0x83, 0x3c, 0x19, 0xe0,
    0xcf, 0x06, 0x78, 0x33, 0xc1, 0x9e, 0x0c, 0xf0, 0x67, 0x83, 0x3c, 0x19, 0xe0, 0xcf, 0x06, 0x78,
    0x33, 0xc1, 0x9e, 0x0c, 0xf0, 0x67, 0x83, 0x3c, 0x19, 0xe0, 0xcf, 0x06, 0x78, 0x33, 0xc1, 0x9e,
    0x0c, 0xf0, 0x67, 0x83, 0x3c, 0x19, 0xe0, 0xcf, 0x06, 0x78, 0x33, 0xc1, 0x9e, 0x0c, 0xf0, 0x67,
    0x83, 0x3c, 0x19, 0xe0, 0xcf, 0x06, 0x78, 0x33, 0xc1, 0x9e, 0x0c, 0xf0, 0x67, 0x83, 0x3c, 0x19,
    0xe0, 0xcf, 0x06, 0x78, 0x33, 0xc1, 0x9e, 0x0c, 0xf0, 0x67, 0x83, 0x3c, 0x19, 0xe0, 0xcf, 0x06,
    0x78, 0x33, 0xc1, 0x9e, 0x0c, 0xf0, 0x67, 0x83, 0x3c, 0x19, 0xe0, 0xcf, 0x06, 0x78, 0x33, 0xc1,
    0x9e, 0x0c, 0xf0, 0x67, 0x83, 0x3c, 0x19, 0xe0, 0xcf, 0x06, 0x78, 0x33, 0xc1, 0x9e, 0x0c, 0xf0,
    0x67, 0x83, 0x3c, 0x19, 0xe0, 0xcf, 0x06, 0x78, 0x33, 0xc1, 0x9e, 0x0c, 0xf0, 0x67, 0x83, 0x3c,
    0x19, 0xe0, 0xcf, 0x06, 0x78, 0x33, 0xc1, 0x9e, 0x0c, 0xf0, 0x67, 0x83, 0x3c, 0x19, 0xe0, 0xcf,
    0x06, 0x78, 0x33, 0xc1, 0x9e, 0x0c, 0xf0, 0x67, 0x83, 0x3c, 0x19, 0xe0, 0xcf, 0x06, 0x78, 0x33,
    0xc1, 0x9e, 0x0c, 0xf0, 0x67, 0xc0, 0x20, 0x30, 0x0b, 0x66, 0xac, 0x35, 0xe0, 0xcf, 0x06, 0x78,
    0x33, 0xc1, 0x9e, 0x0c, 0xf0, 0x67, 0x83, 0x3c, 0x19, 0xe0, 0xcf, 0x06, 0x78, 0x33, 0xc1, 0x9e,
    0x0c, 0xf0, 0x67, 0x83, 0x3c, 0x19, 0xe0, 0xcf, 0x06, 0x78, 0x33, 0xc1, 0x9e, 0x0c, 0xf0, 0x67,
    0x83, 0x3c, 0x19, 0xe0, 0xcf, 0x06, 0x78, 0x33, 0xc1, 0x9e, 0x0c, 0xf0, 0x67, 0x83, 0x3c, 0x19,
    0xe0, 0xcf, 0x06, 0x78, 0x33, 0xc1, 0x9e, 0x0c, 0xf0, 0x67, 0x83, 0x3c, 0x19, 0xe0, 0xcf, 0x06,
    0x78, 0x33, 0xc1, 0x9e, 0x0c, 0xf0, 0x67, 0x83, 0x3c, 0x19, 0xe0, 0xcf, 0x06, 0x78, 0x33, 0xc1,
    0x9e, 0x0c, 0xf0, 0x67, 0x83, 0x3c, 0x19, 0xe0, 0xcf, 0x06, 0x78, 0x33, 0xc1, 0x9e, 0x0c, 0xf0,
    0x67, 0x83, 0x3c, 0x19, 0xe0, 0xcf, 0x06, 0x78, 0x33, 0xc1, 0x9e, 0x0c, 0xf0, 0x67, 0x83, 0x3c,
    0x19, 0xe0, 0xcf, 0x06, 0x78, 0x33, 0xc1, 0x9e, 0x0c, 0xf0, 0x67, 0x83, 0x3c, 0x19, 0xe0, 0xcf,
    0x06, 0x78, 0x33, 0xc1, 0x9e, 0x0c, 0xe8, 0x0c, 0x02, 0xd9, 0xab, 0x0d, 0x78, 0x33, 0xc1, 0x9e,
    0x0c, 0xf0, 0x67, 0x83, 0x3c, 0x19, 0xe0, 0xcf, 0x06, 0x78, 0x33, 0xc1, 0x9e, 0x0c, 0xf0, 0x67,
    0x83, 0x3c, 0x19, 0xe0, 0xcf, 0x06, 0x78, 0x33, 0xc1, 0x9e, 0x0c, 0xf0, 0x67, 0x83, 0x3c, 0x19,
    0xe0, 0xcf, 0x06, 0x78, 0x33, 0xc1, 0x9e, 0x0c, 0xf0, 0x67, 0x83, 0x3c, 0x19, 0xe0, 0xcf, 0x06,
    0x78, 0x33, 0xc1, 0x9e, 0x0c, 0xf0, 0x67, 0x83, 0x3c, 0x19, 0xe0, 0xcf, 0x06, 0x78, 0x33, 0xc1,
    0x9e, 0x0c, 0xf0, 0x67, 0x83, 0x3c, 0x19, 0xe0, 0xcf, 0x06, 0x78, 0x33, 0xc1, 0x9e, 0x0c, 0xf0,
    0x67, 0x83, 0x3c, 0x19, 0xe0, 0xcf, 0x06, 0x78, 0x33, 0xc1, 0x9e, 0x0c, 0xf0, 0x67, 0x83, 0x3c,
    0x19, 0xe0, 0xcf, 0x06, 0x78, 0x33, 0xc1, 0x9e, 0x0c, 0xf0, 0x67, 0x83, 0x3c, 0x19, 0xe0, 0xcf,
    0x06, 0x78, 0x33, 0xc1, 0x9e, 0x0c, 0xf0, 0x67, 0x83, 0x3c, 0x19, 0xe0, 0xcf, 0x06, 0x78, 0x33,
    0xc1, 0x9e, 0x0c, 0xf0, 0x67, 0x83, 0x3a, 0x03, 0x00, 0xb6, 0x6a, 0xc3, 0x5e, 0x0c, 0xf0, 0x67,
    0x83, 0x3c, 0x19, 0xe0, 0xcf, 0x06, 0x78, 0x33, 0xc1, 0x9e, 0x0c, 0xf0, 0x67, 0x83, 0x3c, 0x19,
    0xe0, 0xcf, 0x06, 0x78, 0x33, 0xc1, 0x9e, 0x0c, 0xf0, 0x67, 0x83, 0x3c, 0x19, 0xe0, 0xcf, 0x06,
    0x78, 0x33, 0xc1, 0x9e, 0x0c, 0xf0, 0x67, 0x83, 0x3c, 0x19, 0xe0, 0xcf, 0x06, 0x78, 0x33, 0xc1,
    0x9e, 0x0c, 0xf0, 0x67, 0x83, 0x3c, 0x19, 0xe0, 0xcf, 0x06, 0x78, 0x33, 0xc1, 0x9e, 0x0c, 0xf0,
    0x67, 0x83, 0x3c, 0x19, 0xe0, 0xcf, 0x06, 0x78, 0x33, 0xc1, 0x9e, 0x0c, 0xf0, 0x67, 0x83, 0x3c,
    0x19, 0xe0, 0xcf, 0x06, 0x78, 0x33, 0xc1, 0x9e, 0x0c, 0xf0, 0x67, 0x83, 0x3c, 0x19, 0xe0, 0xcf,
    0x06, 0x78, 0x33, 0xc1, 0x9e, 0x0c, 0xf0, 0x67, 0x83, 0x3c, 0x19, 0xe0, 0xcf, 0x06, 0x78, 0x33,
    0xc1, 0x9e, 0x0c, 0xf0, 0x67, 0x83, 0x3c, 0x19, 0xe0, 0xcf, 0x06, 0x78, 0x33, 0xc1, 0x9e, 0x0c,
    0xf0, 0x67, 0x83, 0x3c, 0x19, 0xe0, 0xce, 0x80, 0xc0, 0x2d, 0x9a, 0xb0, 0xd7, 0x83, 0x3c, 0x19,
    0xe0, 0xcf, 0x06, 0x78, 0x33, 0xc1, 0x9e, 0x0c, 0xf0, 0x67, 0x83, 0x3c, 0x19, 0xe0, 0xcf, 0x06,
    0x78, 0x33, 0xc1, 0x9e, 0x0c, 0xf0, 0x67, 0x83, 0x3c, 0x19, 0xe0, 0xcf, 0x06, 0x78, 0x33, 0xc1,
    0x9e, 0x0c, 0xf0, 0x67, 0x83, 0x3c, 0x19, 0xe0, 0xcf, 0x06, 0x78, 0x33, 0xc1, 0x9e, 0x0c, 0xf0,
    0x67, 0x83, 0x3c, 0x19, 0xe0, 0xcf, 0x06, 0x78, 0x33, 0xc1, 0x9e, 0x0c, 0xf0, 0x67, 0x83, 0x3c,
    0x19, 0xe0, 0xcf, 0x06, 0x78, 0x33, 0xc1, 0x9e, 0x0c, 0xf0, 0x67, 0x83, 0x3c, 0x19, 0xe0, 0xcf,
    0x06, 0x78, 0x33, 0xc1, 0x9e, 0x0c, 0xf0, 0x67, 0x83, 0x3c, 0x19, 0xe0, 0xcf, 0x06, 0x78, 0x33,
    0xc1, 0x9e, 0x0c, 0xf0, 0x67, 0x83, 0x3c, 0x19, 0xe0, 0xcf, 0x06, 0x78, 0x33, 0xc1, 0x9e, 0x0c,
    0xf0, 0x67, 0x83, 0x3c, 0x19, 0xe0, 0xcf, 0x06, 0x78, 0x33, 0xc1, 0x9e, 0x0c, 0xf0, 0x67, 0x83,
    0x3c, 0x19, 0xe0, 0xcf, 0x06, 0x78, 0x33, 0xa0, 0x30, 0x0b, 0x66, 0xac, 0x35, 0xe0, 0xcf, 0x06,
    0x78, 0x33, 0xc1, 0x9e, 0x0c, 0xf0, 0x67, 0x83, 0x3c, 0x19, 0xe0, 0xcf, 0x06, 0x78, 0x33, 0xc1,
    0x9e, 0x0c, 0xf0, 0x67, 0x83, 0x3c, 0x19, 0xe0, 0xcf, 0x06, 0x78, 0x33, 0xc1, 0x9e, 0x0c, 0xf0,
    0x67, 0x83, 0x3c, 0x19, 0xe0, 0xcf, 0x06, 0x78, 0x33, 0xc1, 0x9e, 0x0c, 0xf0, 0x67, 0x83, 0x3c,
    0x19, 0xe0, 0xcf, 0x06, 0x78, 0x33, 0xc1, 0x9e, 0x0c, 0xf0, 0x67, 0x83, 0x3c, 0x19, 0xe0, 0xcf,
    0x06, 0x78, 0x33, 0xc1, 0x9e, 0x0c, 0xf0, 0x67, 0x83, 0x3c, 0x19, 0xe0, 0xcf, 0x06, 0x78, 0x33,
    0xc1, 0x9e, 0x0c, 0xf0, 0x67, 0x83, 0x3c, 0x19, 0xe0, 0xcf, 0x06, 0x78, 0x33, 0xc1, 0x9e, 0x0c,
    0xf0, 0x67, 0x83, 0x3c, 0x19, 0xe0, 0xcf, 0x06, 0x78, 0x33, 0xc1, 0x9e, 0x0c, 0xf0, 0x67, 0x83,
    0x3c, 0x19, 0xe0, 0xcf, 0x06, 0x78, 0x33, 0xc1, 0x9e, 0x0c, 0xf0, 0x67, 0x83, 0x3c, 0x19, 0xe0,
    0xcf, 0x06, 0x78, 0x33, 0xc1, 0x9e, 0x0c, 0xe8, 0x0c, 0x02, 0xd9, 0xab, 0x0d, 0x78, 0x33, 0xc1,
    0x9e, 0x0c, 0xf0, 0x67, 0x83, 0x3c, 0x19, 0xe0, 0xcf, 0x06, 0x78, 0x33, 0xc1, 0x9e, 0x0c, 0xf0,
    0x67, 0x83, 0x3c, 0x19, 0xe0, 0xcf, 0x06, 0x78, 0x33, 0xc1, 0x9e, 0x0c, 0xf0, 0x67, 0x83, 0x3c,
    0x19, 0xe0, 0xcf, 0x06, 0x78, 0x33, 0xc1, 0x9e, 0x0c, 0xf0, 0x67, 0x83, 0x3c, 0x19, 0xe0, 0xcf,
    0x06, 0x78, 0x33, 0xc1, 0x9e, 0x0c, 0xf0, 0x67, 0x83, 0x3c, 0x19, 0xe0, 0xcf, 0x06, 0x78, 0x33,
    0xc1, 0x9e, 0x0c, 0xf0, 0x67, 0x83, 0x3c, 0x19, 0xe0, 0xcf, 0x06, 0x78, 0x33, 0xc1, 0x9e, 0x0c,
    0xf0, 0x67, 0x83, 0x3c, 0x19, 0xe0, 0xcf, 0x06, 0x78, 0x33, 0xc1, 0x9e, 0x0c, 0xf0, 0x67, 0x83,
    0x3c, 0x19, 0xe0, 0xcf, 0x06, 0x78, 0x33, 0xc1, 0x9e, 0x0c, 0xf0, 0x67, 0x83, 0x3c, 0x19, 0xe0,
    0xcf, 0x06, 0x78, 0x33, 0xc1, 0x9e, 0x0c, 0xf0, 0x67, 0x83, 0x3c, 0x19, 0xe0, 0xcf, 0x06, 0x78,
    0x33, 0xc1, 0x9e, 0x0c, 0xf0, 0x67, 0x83, 0x3a, 0x03, 0x00, 0xb6, 0x6a, 0xc3, 0x5e, 0x0c, 0xf0,
    0x67, 0x83, 0x3c, 0x19, 0xe0, 0xcf, 0x06, 0x78, 0x33, 0xc1, 0x9e, 0x0c, 0xf0, 0x67, 0x83, 0x3c,
    0x19, 0xe0, 0xcf, 0x06, 0x78, 0x33, 0xc1, 0x9e, 0x0c, 0xf0, 0x67, 0x83, 0x3c, 0x19, 0xe0, 0xcf,
    0x06, 0x78, 0x33, 0xc1, 0x9e, 0x0c, 0xf0, 0x67, 0x83, 0x3c, 0x19, 0xe0, 0xcf, 0x06, 0x78, 0x33,
    0xc1, 0x9e, 0x0c, 0xf0, 0x67, 0x83, 0x3c, 0x19, 0xe0, 0xcf, 0x06, 0x78, 0x33, 0xc1, 0x9e, 0x0c,
    0xf0, 0x67, 0x83, 0x3c, 0x19, 0xe0, 0xcf, 0x06, 0x78, 0x33, 0xc1, 0x9e, 0x0c, 0xf0, 0x67, 0x83,
    0x3c, 0x19, 0xe0, 0xcf, 0x06, 0x78, 0x33, 0xc1, 0x9e, 0x0c, 0xf0, 0x67, 0x83, 0x3c, 0x19, 0xe0,
    0xcf, 0x06, 0x78, 0x33, 0xc1, 0x9e, 0x0c, 0xf0, 0x67, 0x83, 0x3c, 0x19, 0xe0, 0xcf, 0x06, 0x78,
    0x33, 0xc1, 0x9e, 0x0c, 0xf0, 0x67, 0x83, 0x3c, 0x19, 0xe0, 0xcf, 0x06, 0x78, 0x33, 0xc1, 0x9e,
    0x0c, 0xf0, 0x67, 0x83, 0x3c, 0x19, 0xe0, 0xce, 0x80, 0xc0, 0x2d, 0x9a, 0xb0, 0xd7, 0x83, 0x3c,
    0x19, 0xe0, 0xcf, 0x06, 0x78, 0x33, 0xc1, 0x9e, 0x0c, 0xf0, 0x67, 0x83, 0x3c, 0x19, 0xe0, 0xcf,
    0x06, 0x78, 0x33, 0xc1, 0x9e, 0x0c, 0xf0, 0x67, 0x83, 0x3c, 0x19, 0xe0, 0xcf, 0x06, 0x78, 0x33,
    0xc1, 0x9e, 0x0c, 0xf0, 0x67, 0x83, 0x3c, 0x19, 0xe0, 0xcf, 0x06, 0x78, 0x33, 0xc1, 0x9e, 0x0c,
    0xf0, 0x67, 0x83, 0x3c, 0x19, 0xe0, 0xcf, 0x06, 0x78, 0x33, 0xc1, 0x9e, 0x0c, 0xf0, 0x67, 0x83,
    0x3c, 0x19, 0xe0, 0xcf, 0x06, 0x78, 0x33, 0xc1, 0x9e, 0x0c, 0xf0, 0x67, 0x83, 0x3c, 0x19, 0xe0,
    0xcf, 0x06, 0x78, 0x33, 0xc1, 0x9e, 0x0c, 0xf0, 0x67, 0x83, 0x3c, 0x19, 0xe0, 0xcf, 0x06, 0x78,
    0x33, 0xc1, 0x9e, 0x0c, 0xf0, 0x67, 0x83, 0x3c, 0x19, 0xe0, 0xcf, 0x06, 0x78, 0x33, 0xc1, 0x9e,
    0x0c, 0xf0, 0x67, 0x83, 0x3c, 0x19, 0xe0, 0xcf, 0x06, 0x78, 0x33, 0xc1, 0x9e, 0x0c, 0xf0, 0x67,
    0x83, 0x3c, 0x19, 0xe0, 0xcf, 0x06, 0x78, 0x33, 0xc1, 0x9e, 0x0c, 0xf0, 0x67, 0x83, 0x3c, 0x19,
    0xe0, 0xcf, 0x06, 0x78, 0x33, 0xc1, 0x9e, 0x0c, 0xf0, 0x67, 0x83, 0x3c, 0x19, 0xe0, 0xcf, 0x06,
    0x78, 0x33, 0xc1, 0x9e, 0x0c, 0xf0, 0x67, 0x83, 0x3c, 0x19, 0xe0, 0xcf, 0x06, 0x78, 0x33, 0xc1,
    0x9e, 0x0c, 0xf0, 0x67, 0x83, 0x3c, 0x19, 0xe0, 0xcf, 0x06, 0x78, 0x33, 0xc1, 0x9e, 0x0c, 0xf0,
    0x67, 0x83, 0x3c, 0x19, 0xe0, 0xcf, 0x06, 0x78, 0x33, 0xc1, 0x9e, 0x0c, 0xf0, 0x67, 0x83, 0x3c,
    0x19, 0xe0, 0xcf, 0x06, 0x78, 0x33, 0xc1, 0x9e, 0x0c, 0xf0, 0x67, 0x83, 0x3c, 0x19, 0xe0, 0xcf,
    0x06, 0x78, 0x33, 0xc1, 0x9e, 0x0c, 0xf0, 0x67, 0x83, 0x3c, 0x19, 0xe0, 0xcf, 0x06, 0x78, 0x33,
    0xc1, 0x9e, 0x0c, 0xf0, 0x67, 0x83, 0x3c, 0x19, 0xe0, 0xcf, 0x06, 0x78, 0x33, 0xc1, 0x9e, 0x0c,
    0xf0, 0x67, 0x83, 0x3c, 0x19, 0xe0, 0xcf, 0x06, 0x78, 0x33, 0xc1, 0x9e, 0x0c, 0xf0, 0x67, 0x83,
    0x3c, 0x19, 0xe0, 0xcf, 0x80, 0x40, 0x60, 0x16, 0xcd, 0x58, 0x6b, 0xc1, 0x9e, 0x0c, 0xf0, 0x67,
    0x83, 0x3c, 0x19, 0xe0, 0xcf, 0x06, 0x78, 0x33, 0xc1, 0x9e, 0x0c, 0xf0, 0x67, 0x83, 0x3c, 0x19,
    0xe0, 0xcf, 0x06, 0x78, 0x33, 0xc1, 0x9e, 0x0c, 0xf0, 0x67, 0x83, 0x3c, 0x19, 0xe0, 0xcf, 0x06,
    0x78, 0x33, 0xc1, 0x9e, 0x0c, 0xf0, 0x67, 0x83, 0x3c, 0x19, 0xe0, 0xcf, 0x06, 0x78, 0x33, 0xc1,
    0x9e, 0x0c, 0xf0, 0x67, 0x83, 0x3c, 0x19, 0xe0, 0xcf, 0x06, 0x78, 0x33, 0xc1, 0x9e, 0x0c, 0xf0,
    0x67, 0x83, 0x3c, 0x19, 0xe0, 0xcf, 0x06, 0x78, 0x33, 0xc1, 0x9e, 0x0c, 0xf0, 0x67, 0x83, 0x3c,
    0x19, 0xe0, 0xcf, 0x06, 0x78, 0x33, 0xc1, 0x9e, 0x0c, 0xf0, 0x67, 0x83, 0x3c, 0x19, 0xe0, 0xcf,
    0x06, 0x78, 0x33, 0xc1, 0x9e, 0x0c, 0xf0, 0x67, 0x83, 0x3c, 0x19, 0xe0, 0xcf, 0x06, 0x78, 0x33,
    0xc1, 0x9e, 0x0c, 0xf0, 0x67, 0x83, 0x3c, 0x19, 0xe0, 0xcf, 0x06, 0x78, 0x33, 0xc1, 0x9e, 0x0c,
    0xf0, 0x67, 0x83, 0x3c, 0x19, 0xd0, 0x18, 0x05, 0xb3, 0x56, 0x1a, 0xf0, 0x67, 0x83, 0x3c, 0x19,
    0xe0, 0xcf, 0x06, 0x78, 0x33, 0xc1, 0x9e, 0x0c, 0xf0, 0x67, 0x83, 0x3c, 0x19, 0xe0, 0xcf, 0x06,
    0x78, 0x33, 0xc1, 0x9e, 0x0c, 0xf0, 0x67, 0x83, 0x3c, 0x19, 0xe0, 0xcf, 0x06, 0x78, 0x33, 0xc1,
    0x9e, 0x0c, 0xf0, 0x67, 0x83, 0x3c, 0x19, 0xe0, 0xcf, 0x06, 0x78, 0x33, 0xc1, 0x9e, 0x0c, 0xf0,
    0x67, 0x83, 0x3c, 0x19, 0xe0, 0xcf, 0x06, 0x78, 0x33, 0xc1, 0x9e, 0x0c, 0xf0, 0x67, 0x83, 0x3c,
    0x19, 0xe0, 0xcf, 0x06, 0x78, 0x33, 0xc1, 0x9e, 0x0c, 0xf0, 0x67, 0x83, 0x3c, 0x19, 0xe0, 0xcf,
    0x06, 0x78, 0x33, 0xc1, 0x9e, 0x0c, 0xf0, 0x67, 0x83, 0x3c, 0x19, 0xe0, 0xcf, 0x06, 0x78, 0x33,
    0xc1, 0x9e, 0x0c, 0xf0, 0x67, 0x83, 0x3c, 0x19, 0xe0, 0xcf, 0x06, 0x78, 0x33, 0xc1, 0x9e, 0x0c,
    0xf0, 0x67, 0x83, 0x3c, 0x19, 0xe0, 0xcf, 0x06, 0x78, 0x33, 0xc1, 0x9e, 0x0c, 0xf0, 0x67, 0x83,
    0x3c, 0x19, 0xe0, 0xcf, 0x06, 0x74, 0x06, 0x01, 0x6c, 0xd5, 0x86, 0xbc, 0x19, 0xe0, 0xcf, 0x06,
    0x78, 0x33, 0xc1, 0x9e, 0x0c, 0xf0, 0x67, 0x83, 0x3c, 0x19, 0xe0, 0xcf, 0x06, 0x78, 0x33, 0xc1,
    0x9e, 0x0c, 0xf0, 0x67, 0x83, 0x3c, 0x19, 0xe0, 0xcf, 0x06, 0x78, 0x33, 0xc1, 0x9e, 0x0c, 0xf0,
    0x67, 0x83, 0x3c, 0x19, 0xe0, 0xcf, 0x06, 0x78, 0x33, 0xc1, 0x9e, 0x0c, 0xf0, 0x67, 0x83, 0x3c,
    0x19, 0xe0, 0xcf, 0x06, 0x78, 0x33, 0xc1, 0x9e, 0x0c, 0xf0, 0x67, 0x83, 0x3c, 0x19, 0xe0, 0xcf,
    0x06, 0x78, 0x33, 0xc1, 0x9e, 0x0c, 0xf0, 0x67, 0x83, 0x3c, 0x19, 0xe0, 0xcf, 0x06, 0x78, 0x33,
    0xc1, 0x9e, 0x0c, 0xf0, 0x67, 0x83, 0x3c, 0x19, 0xe0, 0xcf, 0x06, 0x78, 0x33, 0xc1, 0x9e, 0x0c,
    0xf0, 0x67, 0x83, 0x3c, 0x19, 0xe0, 0xcf, 0x06, 0x78, 0x33, 0xc1, 0x9e, 0x0c, 0xf0, 0x67, 0x83,
    0x3c, 0x19, 0xe0, 0xcf, 0x06, 0x78, 0x33, 0xc1, 0x9e, 0x0c, 0xf0, 0x67, 0x83, 0x3c, 0x19, 0xe0,
    0xcf, 0x06, 0x78, 0x33, 0xc1, 0x9d, 0x01, 0x80, 0x5b, 0x35, 0x61, 0xaf, 0x06, 0x78, 0x33, 0xc1,
    0x9e, 0x0c, 0xf0, 0x67, 0x83, 0x3c, 0x19, 0xe0, 0xcf, 0x06, 0x78, 0x33, 0xc1, 0x9e, 0x0c, 0xf0,
    0x67, 0x83, 0x3c, 0x19, 0xe0, 0xcf, 0x06, 0x78, 0x33, 0xc1, 0x9e, 0x0c, 0xf0, 0x67, 0x83, 0x3c,
    0x19, 0xe0, 0xcf, 0x06, 0x78, 0x33, 0xc1, 0x9e, 0x0c, 0xf0, 0x67, 0x83, 0x3c, 0x19, 0xe0, 0xcf,
    0x06, 0x78, 0x33, 0xc1, 0x9e, 0x0c, 0xf0, 0x67, 0x83, 0x3c, 0x19, 0xe0, 0xcf, 0x06, 0x78, 0x33,
    0xc1, 0x9e, 0x0c, 0xf0, 0x67, 0x83, 0x3c, 0x19, 0xe0, 0xcf, 0x06, 0x78, 0x33, 0xc1, 0x9e, 0x0c,
    0xf0, 0x67, 0x83, 0x3c, 0x19, 0xe0, 0xcf, 0x06, 0x78, 0x33, 0xc1, 0x9e, 0x0c, 0xf0, 0x67, 0x83,
    0x3c, 0x19, 0xe0, 0xcf, 0x06, 0x78, 0x33, 0xc1, 0x9e, 0x0c, 0xf0, 0x67, 0x83, 0x3c, 0x19, 0xe0,
    0xcf, 0x06, 0x78, 0x33, 0xc1, 0x9e, 0x0c, 0xf0, 0x67, 0x83, 0x3c, 0x19, 0xe0, 0xcf, 0x06, 0x78,
    0x33, 0xc1, 0x9e, 0x0c, 0xf0, 0x67, 0x40, 0x60, 0x16, 0xcd, 0x58, 0x6b, 0xc1, 0x9e, 0x0c, 0xf0,
    0x67, 0x83, 0x3c, 0x19, 0xe0, 0xcf, 0x06, 0x78, 0x33, 0xc1, 0x9e, 0x0c, 0xf0, 0x67, 0x83, 0x3c,
    0x19, 0xe0, 0xcf, 0x06, 0x78, 0x33, 0xc1, 0x9e, 0x0c, 0xf0, 0x67, 0x83, 0x3c, 0x19, 0xe0, 0xcf,
    0x06, 0x78, 0x33, 0xc1, 0x9e, 0x0c, 0xf0, 0x67, 0x83, 0x3c, 0x19, 0xe0, 0xcf, 0x06, 0x78, 0x33,
    0xc1, 0x9e, 0x0c, 0xf0, 0x67, 0x83, 0x3c, 0x19, 0xe0, 0xcf, 0x06, 0x78, 0x33, 0xc1, 0x9e, 0x0c,
    0xf0, 0x67, 0x83, 0x3c, 0x19, 0xe0, 0xcf, 0x06, 0x78, 0x33, 0xc1, 0x9e, 0x0c, 0xf0, 0x67, 0x83,
    0x3c, 0x19, 0xe0, 0xcf, 0x06, 0x78, 0x33, 0xc1, 0x9e, 0x0c, 0xf0, 0x67, 0x83, 0x3c, 0x19, 0xe0,
    0xcf, 0x06, 0x78, 0x33, 0xc1, 0x9e, 0x0c, 0xf0, 0x67, 0x83, 0x3c, 0x19, 0xe0, 0xcf, 0x06, 0x78,
    0x33, 0xc1, 0x9e, 0x0c, 0xf0, 0x67, 0x83, 0x3c, 0x19, 0xe0, 0xcf, 0x06, 0x78, 0x33, 0xc1, 0x9e,
    0x0c, 0xf0, 0x67, 0x83, 0x3c, 0x19, 0xd0, 0x18, 0x05, 0xb3, 0x56, 0x1a, 0xf0, 0x67, 0x83, 0x3c,
    0x19, 0xe0, 0xcf, 0x06, 0x78, 0x33, 0xc1, 0x9e, 0x0c, 0xf0, 0x67, 0x83, 0x3c, 0x19, 0xe0, 0xcf,
    0x06, 0x78, 0x33, 0xc1, 0x9e, 0x0c, 0xf0, 0x67, 0x83, 0x3c, 0x19, 0xe0, 0xcf, 0x06, 0x78, 0x33,
    0xc1, 0x9e, 0x0c, 0xf0, 0x67, 0x83, 0x3c, 0x19, 0xe0, 0xcf, 0x06, 0x78, 0x33, 0xc1, 0x9e, 0x0c,
    0xf0, 0x67, 0x83, 0x3c, 0x19, 0xe0, 0xcf, 0x06, 0x78, 0x33, 0xc1, 0x9e, 0x0c, 0xf0, 0x67, 0x83,
    0x3c, 0x19, 0xe0, 0xcf, 0x06, 0x78, 0x33, 0xc1, 0x9e, 0x0c, 0xf0, 0x67, 0x83, 0x3c, 0x19, 0xe0,
    0xcf, 0x06, 0x78, 0x33, 0xc1, 0x9e, 0x0c, 0xf0, 0x67, 0x83, 0x3c, 0x19, 0xe0, 0xcf, 0x06, 0x78,
    0x33, 0xc1, 0x9e, 0x0c, 0xf0, 0x67, 0x83, 0x3c, 0x19, 0xe0, 0xcf, 0x06, 0x78, 0x33, 0xc1, 0x9e,
    0x0c, 0xf0, 0x67, 0x83, 0x3c, 0x19, 0xe0, 0xcf, 0x06, 0x78, 0x33, 0xc1, 0x9e, 0x0c, 0xf0, 0x67,
    0x83, 0x3c, 0x19, 0xe0, 0xcf, 0x06, 0x74, 0x06, 0x01, 0x6c, 0xd5, 0x86, 0xbc, 0x19, 0xe0, 0xcf,
    0x06, 0x78, 0x33, 0xc1, 0x9e, 0x0c, 0xf0, 0x67, 0x83, 0x3c, 0x19, 0xe0, 0xcf, 0x06, 0x78, 0x33,
    0xc1, 0x9e, 0x0c, 0xf0, 0x67, 0x83, 0x3c, 0x19, 0xe0, 0xcf, 0x06, 0x78, 0x33, 0xc1, 0x9e, 0x0c,
    0xf0, 0x67, 0x83, 0x3c, 0x19, 0xe0, 0xcf, 0x06, 0x78, 0x33, 0xc1, 0x9e, 0x0c, 0xf0, 0x67, 0x83,
    0x3c, 0x19, 0xe0, 0xcf, 0x06, 0x78, 0x33, 0xc1, 0x9e, 0x0c, 0xf0, 0x67, 0x83, 0x3c, 0x19, 0xe0,
    0xcf, 0x06, 0x78, 0x33, 0xc1, 0x9e, 0x0c, 0xf0, 0x67, 0x83, 0x3c, 0x19, 0xe0, 0xcf, 0x06, 0x78,
    0x33, 0xc1, 0x9e, 0x0c, 0xf0, 0x67, 0x83, 0x3c, 0x19, 0xe0, 0xcf, 0x06, 0x78, 0x33, 0xc1, 0x9e,
    0x0c, 0xf0, 0x67, 0x83, 0x3c, 0x19, 0xe0, 0xcf, 0x06, 0x78, 0x33, 0xc1, 0x9e, 0x0c, 0xf0, 0x67,
    0x83, 0x3c, 0x19, 0xe0, 0xcf, 0x06, 0x78, 0x33, 0xc1, 0x9e, 0x0c, 0xf0, 0x67, 0x83, 0x3c, 0x19,
    0xe0, 0xcf, 0x06, 0x78, 0x33, 0xc1, 0x9d, 0x01, 0x80, 0x5b, 0x35, 0x61, 0xaf, 0x06, 0x78, 0x33,
    0xc1, 0x9e, 0x0c, 0xf0, 0x67, 0x83, 0x3c, 0x19, 0xe0, 0xcf, 0x06, 0x78, 0x33, 0xc1, 0x9e, 0x0c,
    0xf0, 0x67, 0x83, 0x3c, 0x19, 0xe0, 0xcf, 0x06, 0x78, 0x33, 0xc1, 0x9e, 0x0c, 0xf0, 0x67, 0x83,
    0x3c, 0x19, 0xe0, 0xcf, 0x06, 0x78, 0x33, 0xc1, 0x9e, 0x0c, 0xf0, 0x67, 0x83, 0x3c, 0x19, 0xe0,
    0xcf, 0x06, 0x78, 0x33, 0xc1, 0x9e, 0x0c, 0xf0, 0x67, 0x83, 0x3c, 0x19, 0xe0, 0xcf, 0x06, 0x78,
    0x33, 0xc1, 0x9e, 0x0c, 0xf0, 0x67, 0x83, 0x3c, 0x19, 0xe0, 0xcf, 0x06, 0x78, 0x33, 0xc1, 0x9e,
    0x0c, 0xf0, 0x67, 0x83, 0x3c, 0x19, 0xe0, 0xcf, 0x06, 0x78, 0x33, 0xc1, 0x9e, 0x0c, 0xf0, 0x67,
    0x83, 0x3c, 0x19, 0xe0, 0xcf, 0x06, 0x78, 0x33, 0xc1, 0x9e, 0x0c, 0xf0, 0x67, 0x83, 0x3c, 0x19,
    0xe0, 0xcf, 0x06, 0x78, 0x33, 0xc1, 0x9e, 0x0c, 0xf0, 0x67, 0x83, 0x3c, 0x19, 0xe0, 0xcf, 0x06,
    0x78, 0x33, 0xc1, 0x9e, 0x0c, 0xf0, 0x67, 0x83, 0x3c, 0x19, 0xe0, 0xcf, 0x06, 0x78, 0x33, 0xc1,
    0x9e, 0x0c, 0xf0, 0x67, 0x83, 0x3c, 0x19, 0xe0, 0xcf, 0x06, 0x78, 0x33, 0xc1, 0x9e, 0x0c, 0xf0,
    0x67, 0x83, 0x3c, 0x19, 0xe0, 0xcf, 0x06, 0x78, 0x33, 0xc1, 0x89, 0x02, 0xa8, 0x03, 0x62, 0x89,
    0x2f, 0x06, 0xf8, 0x37, 0xc1, 0xbe, 0x0d, 0xf0, 0x6f, 0x83, 0x7c, 0x1b, 0xe0, 0xde, 0x52, 0xf8,
    0x33, 0xc1, 0x9e, 0x0c, 0xf0, 0x67, 0x83, 0x3c, 0x19, 0xe0, 0xcf, 0x06, 0x78, 0x33, 0xc1, 0x9e,
    0x0c, 0xf0, 0x67, 0x83, 0x3c, 0x19, 0xe0, 0xcf, 0x06, 0x78, 0x33, 0xc1, 0x9e, 0x0c, 0xf0, 0x67,
    0x83, 0x3c, 0x19, 0xe0, 0xcf, 0x06, 0x78, 0x33, 0xc1, 0x9e, 0x0c, 0xf0, 0x67, 0x83, 0x3c, 0x19,
    0xb0, 0x2a, 0x80, 0x36, 0x28, 0x92, 0xf0, 0x6f, 0x83, 0x7c, 0x1b, 0x45, 0x1f, 0x06, 0x78, 0x33,
    0xc1, 0x9e, 0x0c, 0xf0, 0x67, 0x83, 0x3c, 0x19, 0xe0, 0xcf, 0x06, 0x78, 0x33, 0xc1, 0x9e, 0x0c,
    0xf0, 0x67, 0x83, 0x3c, 0x19, 0xe0, 0xcf, 0x06, 0x78, 0x33, 0xc1, 0x9e, 0x0c, 0xf0, 0x67, 0x80,
    0x1e, 0x03, 0x00, 0xb6, 0x6a, 0xc3, 0x5e, 0x0c, 0xf0, 0x67, 0x83, 0x3c, 0x19, 0xe0, 0xcf, 0x06,
    0x78, 0x33, 0xc1, 0x9e, 0x0c, 0xf0, 0x67, 0x83, 0x3c, 0x19, 0xe0, 0xcf, 0x06, 0x78, 0x33, 0xc1,
    0x9e, 0x0c, 0xf0, 0x67, 0x83, 0x22, 0x05, 0x50, 0x06, 0xc5, 0x12, 0x5e, 0x0d, 0xe1, 0xaf, 0x83,
    0x3c, 0x19, 0xe0, 0xcf, 0x06, 0x78, 0x33, 0xc1, 0x9e, 0x0c, 0xf0, 0x67, 0x83, 0x3c, 0x19, 0xe0,
    0xcf, 0x06, 0x78, 0x33, 0xc1, 0x9e, 0x0c, 0xf0, 0x67, 0x83, 0x3c, 0x19, 0xe0, 0xcf, 0x06, 0x78,
    0x33, 0xc1, 0x9e, 0x0c, 0xf0, 0x67, 0x83, 0x3c, 0x19, 0xe0, 0xcf, 0x06, 0x78, 0x33, 0xc1, 0x9e,
    0x0c, 0xf0, 0x67, 0x83, 0x3c, 0x19, 0xe0, 0xcf, 0x06, 0x78, 0x33, 0xc1, 0x9e, 0x0c, 0xf0, 0x64,
    0xc0, 0xaa, 0x00, 0xd8, 0xa2, 0x4b, 0xc4, 0xfe, 0x0c, 0xf0, 0x67, 0x83, 0x3c, 0x19, 0xe0, 0xcf,
    0x06, 0x78, 0x33, 0xc1, 0x9e, 0x0c, 0xf0, 0x67, 0x83, 0x3c, 0x19, 0xe0, 0xcf, 0x06, 0x78, 0x33,
    0xc1, 0x9e, 0x0c, 0xf0, 0x67, 0x83, 0x3c, 0x19, 0xe0, 0xcf, 0x06, 0x78, 0x01, 0x60, 0x30, 0x0b,
    0x66, 0xac, 0x35, 0xe0, 0xcf, 0x06, 0x78, 0x33, 0xc1, 0x9e, 0x0c, 0xf0, 0x67, 0x83, 0x3c, 0x19,
    0xe0, 0xcf, 0x06, 0x78, 0x33, 0xc1, 0x9e, 0x0c, 0xf0, 0x67, 0x83, 0x3c, 0x19, 0xe0, 0xcf, 0x06,
    0x78, 0x33, 0xc1, 0x9e, 0x0c, 0xf0, 0x67, 0x83, 0x3c, 0x19, 0xe0, 0xcf, 0x06, 0x78, 0x33, 0xc1,
    0x9e, 0x0c, 0xf0, 0x67, 0x83, 0x3c, 0x19, 0xe0, 0xcf, 0x06, 0x78, 0x33, 0xc1, 0x9e, 0x0c, 0xf0,
    0x67, 0x83, 0x36, 0x05, 0x70, 0x06, 0xc7, 0x1b, 0x08, 0x1a, 0xf0, 0xd7, 0x90, 0xbc, 0x19, 0xe0,
    0xcf, 0x06, 0x78, 0x33, 0xc1, 0x9e, 0x0c, 0xf0, 0x67, 0x83, 0x3c, 0x19, 0xe0, 0xcf, 0x06, 0x78,
    0x33, 0xc1, 0x9e, 0x0c, 0xf0, 0x67, 0x83, 0x3c, 0x19, 0xe0, 0xcf, 0x06, 0x78, 0x33, 0xc1, 0x9e,
    0x0c, 0xf0, 0x67, 0x83, 0x3c, 0x19, 0xe0, 0xcf, 0x06, 0x78, 0x33, 0xc1, 0x9e, 0x0c, 0xf0, 0x67,
    0x83, 0x3c, 0x19, 0xe0, 0xcf, 0x06, 0x78, 0x33, 0xc1, 0x9e, 0x0c, 0xf0, 0x67, 0x83, 0x3c, 0x19,
    0xe0, 0xcf, 0x00, 0x2c, 0x06, 0x01, 0x6c, 0xd5, 0x86, 0xbc, 0x19, 0xe0, 0xcf, 0x06, 0x78, 0x33,
    0xc1, 0x9e, 0x0c, 0xf0, 0x67, 0x83, 0x3c, 0x19, 0xe0, 0xc9, 0x81, 0x5c, 0x01, 0xb1, 0xc6, 0xc2,
    0x09, 0xfc, 0x19, 0xe0, 0xcf, 0x06, 0x78, 0x33, 0xc1, 0x9e, 0x0c, 0xf0, 0x67, 0x83, 0x3d, 0x39,
    0xe2, 0x7f, 0x06, 0x78, 0x33, 0xc1, 0x9e, 0x0c, 0xf0, 0x67, 0x83, 0x3c, 0x19, 0xe0, 0xcf, 0x06,
    0x78, 0x33, 0xc1, 0x9e, 0x0c, 0xf0, 0x67, 0x83, 0x3c, 0x19, 0xe0, 0xcf, 0x06, 0x78, 0x33, 0xc1,
    0x9e, 0x0c, 0x28, 0x15, 0xc0, 0x1b, 0x1c, 0x6c, 0x20, 0x6b, 0xc3, 0x5e, 0x42, 0xf0, 0x67, 0x83,
    0x3c, 0x19, 0xe0, 0xcf, 0x06, 0x78, 0x33, 0xc1, 0x9e, 0x0c, 0xf0, 0x67, 0x83, 0x3c, 0x19, 0xe0,
    0xcf, 0x06, 0x78, 0x33, 0xc1, 0x9e, 0x0c, 0xf0, 0x67, 0x83, 0x3c, 0x19, 0xe0, 0xcf, 0x06, 0x78,
    0x33, 0xc1, 0x9e, 0x0c, 0xf0, 0x67, 0x83, 0x3c, 0x19, 0xe0, 0xcf, 0x06, 0x78, 0x33, 0xc1, 0x9e,
    0x0c, 0xf0, 0x67, 0x83, 0x3c, 0x19, 0xe0, 0xcf, 0x06, 0x78, 0x33, 0xc1, 0x9e, 0x0c, 0xf0, 0x65,
    0xc0, 0x60, 0x16, 0xcd, 0x58, 0x6b, 0xc1, 0x9e, 0x0c, 0xf0, 0x67, 0x83, 0x3c, 0x19, 0xe0, 0xcf,
    0x06, 0x78, 0x33, 0xc1, 0x9e, 0x0c, 0xf0, 0x67, 0x83, 0x3c, 0x19, 0xe0, 0xcf, 0x06, 0x78, 0x33,
    0xc1, 0x9e, 0x0c, 0xf0, 0x67, 0x83, 0x3c, 0x19, 0xe0, 0xcf, 0x06, 0x78, 0x33, 0xc1, 0x9e, 0x0c,
    0xf0, 0x67, 0x83, 0x3c, 0x19, 0xe0, 0xcf, 0x06, 0x78, 0x33, 0xc1, 0x9e, 0x0c, 0xf0, 0x67, 0x83,
    0x3c, 0x19, 0xe0, 0xcf, 0x06, 0x78, 0x33, 0xc1, 0x9e, 0x0c, 0xf0, 0x67, 0x83, 0x3c, 0x19, 0xe0,
    0xcf, 0x06, 0x78, 0x33, 0xc1, 0x9e, 0x0c, 0xf0, 0x67, 0x83, 0x3c, 0x19, 0xe0, 0xcf, 0x06, 0x78,
    0x33, 0xc1, 0x9e, 0x0c, 0xf0, 0x67, 0x83, 0x3c, 0x19, 0x90, 0x2a, 0x80, 0x36, 0x28, 0x92, 0xf0,
    0x6f, 0x0d, 0x7c, 0x19, 0xe0, 0xcf, 0x06, 0x78, 0x33, 0xc1, 0x9e, 0x0c, 0xf0, 0x67, 0x83, 0x3c,
    0x19, 0xe0, 0xcf, 0x06, 0x78, 0x33, 0xc1, 0x2d, 0x09, 0x01, 0x95, 0x7b, 0x50, 0x1a, 0xf0, 0xd7,
    0x86, 0xbc, 0x19, 0xe0, 0xcf, 0x06, 0x79, 0x3b, 0xc3, 0x5e, 0x1a, 0xc1, 0x47, 0x94, 0x3c, 0x19,
    0xe0, 0xcf, 0x06, 0x78, 0x33, 0xc1, 0x9e, 0x0c, 0xf0, 0x67, 0x83, 0x3c, 0x19, 0xe0, 0xcf, 0x06,
    0x78, 0x33, 0xc1, 0x9e, 0x0c, 0xf0, 0x67, 0x83, 0x3c, 0x19, 0xe0, 0xcf, 0x06, 0x78, 0x33, 0xc1,
    0x9e, 0x0c, 0xf0, 0x67, 0x83, 0x3c, 0x19, 0xe0, 0xcf, 0x06, 0x78, 0x33, 0xc1, 0x9e, 0x0c, 0xf0,
    0x67, 0x83, 0x3c, 0x19, 0xe0, 0xcf, 0x06, 0x78, 0x33, 0xc1, 0x9e, 0x0c, 0xf0, 0x67, 0x83, 0x3c,
    0x19, 0xe0, 0xcf, 0x06, 0x78, 0x33, 0xc1, 0x9e, 0x0c, 0xf0, 0x67, 0x83, 0x3c, 0x19, 0xe0, 0xcf,
    0x06, 0x78, 0x33, 0xc1, 0x9e, 0x0c, 0xf0, 0x67, 0x83, 0x3c, 0x19, 0xe0, 0xcf, 0x06, 0x78, 0x33,
    0xc1, 0x9e, 0x0c, 0xf0, 0x67, 0x83, 0x3c, 0x19, 0xe0, 0xcf, 0x06, 0x78, 0x33, 0xc1, 0x9e, 0x0c,
    0xf0, 0x67, 0x83, 0x3c, 0x19, 0xe0, 0xcf, 0x06, 0x78, 0x33, 0xc1, 0x9e, 0x0c, 0xf0, 0x67, 0x83,
    0x3c, 0x19, 0xe0, 0xcf, 0x06, 0x78, 0x33, 0xc1, 0x9e, 0x0c, 0xf0, 0x67, 0x83, 0x3c, 0x19, 0xe0,
    0xcf, 0x06, 0x78, 0x33, 0xc1, 0x9e, 0x0c, 0xf0, 0x67, 0x83, 0x3c, 0x19, 0xe0, 0xcf, 0x06, 0x78,
    0x33, 0xc1, 0x9e, 0x0c, 0xf0, 0x67, 0x83, 0x3c, 0x19, 0xe0, 0xcf, 0x06, 0x78, 0x33, 0xc1, 0x9e,
    0x0c, 0xf0, 0x67, 0x83, 0x3c, 0x19, 0xe0, 0xcf, 0x06, 0x78, 0x33, 0xc1, 0x9e, 0x0c, 0xf0, 0x67,
    0x83, 0x3c, 0x19, 0xe0, 0xcf, 0x06, 0x78, 0x33, 0xc1, 0x9e, 0x0c, 0xf0, 0x67, 0x83, 0x3c, 0x19,
    0xe0, 0xcf, 0x06, 0x78, 0x33, 0xc1, 0x9e, 0x0c, 0xf0, 0x67, 0x83, 0x3c, 0x19, 0xe0, 0xcf, 0x06,
    0x78, 0x33, 0xc1, 0x9e, 0x0c, 0xf0, 0x67, 0x83, 0x3c, 0x19, 0xe0, 0xcf, 0x06, 0x78, 0x33, 0xc1,
    0x9e, 0x0c, 0xf0, 0x67, 0x83, 0x3c, 0x19, 0xe0, 0xcf, 0x06, 0x78, 0x33, 0xc1, 0x9e, 0x0c, 0xf0,
    0x67, 0x83, 0x3c, 0x19, 0xe0, 0xcf, 0x06, 0x78, 0x33, 0xc1, 0x9e, 0x0c, 0xf0, 0x67, 0x83, 0x3c,
    0x19, 0xe0, 0xcf, 0x06, 0x78, 0x33, 0xc1, 0x8b, 0x90, 0xa0, 0xce, 0x32, 0x14, 0x08, 0x94, 0x22,
    0x05, 0x41, 0x80, 0x52, 0x24, 0x10, 0x98, 0x24, 0x06, 0x21, 0x4c, 0x91, 0x42, 0x70, 0x1e, 0x5a,
    0x48, 0x5c, 0x60, 0x9c, 0x01, 0x2b, 0xd0, 0xbe, 0x20, 0xd1, 0xa7, 0x4a, 0x61, 0x3c, 0x4b, 0x0c,
    0xe3, 0x19, 0x27, 0x88, 0xe1, 0x3c, 0x53, 0x0c, 0xe5, 0x1a, 0x25, 0x88, 0xa1, 0x54, 0x61, 0x13,
    0x0d, 0x78, 0x58, 0x60, 0xb4, 0x01, 0x23, 0xc4, 0xbd, 0xe0, 0xd1, 0xcc, 0x51, 0x40, 0x43, 0x44,
    0x89, 0xc2, 0x30, 0x56, 0x12, 0x21, 0xe1, 0x28, 0x32, 0x0c, 0x04, 0x92, 0x21, 0x00, 0x87, 0xf2,
    0xcd, 0xfd, 0x84, 0x92, 0xc4, 0x30, 0x9a, 0x28, 0x86, 0x52, 0x84, 0x43, 0x4a, 0x54, 0x4f, 0x11,
    0xc2, 0xb8, 0xc6, 0x24, 0xd2, 0x51, 0x1f, 0x1e, 0xf4, 0x1b, 0xac, 0x9f, 0x06, 0x78, 0x33, 0xc1,
    0x9e, 0x0c, 0xf0, 0x67, 0x83, 0x3c, 0x19, 0xe0, 0xcf, 0x06, 0x78, 0x33, 0xc1, 0x9e, 0x0c, 0xf0,
    0x67, 0x83, 0x3c, 0x18, 0xd8, 0x49, 0x2c, 0x43, 0x09, 0xa2, 0x88, 0x65, 0x28, 0x51, 0x2c, 0x45,
    0x0a, 0xa3, 0x08, 0xa5, 0x44, 0xf1, 0x1c, 0x2b, 0x8c, 0x62, 0x4d, 0x25, 0x11, 0xf6, 0x62, 0x89,
    0x13, 0x84, 0x60, 0xac, 0x31, 0x0a, 0x64, 0x8a, 0x13, 0x84, 0xa0, 0xcc, 0x31, 0x12, 0x48, 0x84,
    0x13, 0x05, 0x00, 0xf0, 0x7f, 0x84, 0x7d, 0x4e, 0x91, 0xc2, 0x78, 0x96, 0x19, 0xc6, 0x32, 0x4f,
    0x11, 0xc2, 0x78, 0xa6, 0x19, 0xca, 0x31, 0x35, 0x37, 0x12, 0x71, 0x1f, 0x64, 0x28, 0x11, 0x28,
    0x44, 0x0a, 0x83, 0x00, 0xa4, 0x48, 0x21, 0x30, 0x48, 0x0c, 0x83, 0x00, 0x4d, 0x4f, 0x84, 0x53,
    0xfe, 0x00, 0xbe, 0x16, 0x00, 0x5a, 0xb8, 0x8c, 0x45, 0x78, 0x0a, 0x41, 0x13
};

// BITSTREAM3: 10781 bytes compressed, 98763 bytes original from /tmp/bs3.hs

static const uint8_t bitstream4_data[] = {
    0xff, 0xc0, 0x2a, 0x16, 0x1b, 0x95, 0xd2, 0x75, 0x20, 0xa6, 0x51, 0xa8, 0xb3, 0x5a, 0xac, 0xb6,
    0x65, 0x35, 0xa3, 0x4b, 0x66, 0xd4, 0x3a, 0x0d, 0x0a, 0x8f, 0x41, 0x04, 0x8c, 0xd8, 0x36, 0x20,
    0x01, 0xde, 0xec, 0xc0, 0x85, 0xff, 0x9d, 0x8a, 0x0b, 0xc4, 0x03, 0x2a, 0x0c, 0x46, 0x21, 0x43,
    0x91, 0x01, 0xca, 0x81, 0x10, 0x80, 0x4e, 0x28, 0xc0, 0x72, 0x81, 0x00, 0xcb, 0xf7, 0xfc, 0xfe,
    0xff, 0xbf, 0xf4, 0x1a, 0x45, 0x53, 0x71, 0x91, 0x8e, 0xe2, 0x8a, 0xd5, 0x4a, 0x2c, 0x08, 0x02,
    0x39, 0x9e, 0x80, 0x67, 0x83, 0x3c, 0x19, 0xe0, 0xcf, 0x06, 0x78, 0x33, 0xc1, 0x9e, 0x0c, 0xf0,
    0x67, 0x83, 0x3c, 0x19, 0xe0, 0xcf, 0x06, 0x78, 0x33, 0xc1, 0x9e, 0x0c, 0xf0, 0x67, 0x83, 0x3c,
    0x19, 0xe0, 0xcf, 0x06, 0x78, 0x33, 0xc1, 0x9e, 0x0c, 0xf0, 0x67, 0x83, 0x3c, 0x19, 0xe0, 0xcf,
    0x06, 0x78, 0x33, 0xc1, 0x9e, 0x0c, 0xf0, 0x67, 0x83, 0x3c, 0x19, 0xf0, 0x08, 0x14, 0xc0, 0x1d,
    0x18, 0x30, 0xd7, 0x86, 0xbc, 0x85, 0xe0, 0xcf, 0x06, 0x78, 0x33, 0xc1, 0x9e, 0x0c, 0xf0, 0x67,
    0x83, 0x3c, 0x19, 0xe0, 0xcf, 0x06, 0x78, 0x33, 0xc1, 0x9e, 0x0c, 0xf0, 0x67, 0x83, 0x3c, 0x19,
    0xe0, 0xcf, 0x06, 0x78, 0x33, 0xc1, 0x9e, 0x0c, 0xf0, 0x67, 0x83, 0x16, 0x05, 0x50, 0x06, 0xbf,
    0x53, 0x0c, 0x0d, 0x28, 0x80, 0x35, 0xe9, 0x98, 0x01, 0xaf, 0x8d, 0x7c, 0x6b, 0x21, 0xad, 0x21,
    0x79, 0x0b, 0xc1, 0x9e, 0x0c, 0x28, 0x15, 0xc0, 0x1b, 0x1c, 0x6c, 0x20, 0x9f, 0xc1, 0x9e, 0x0c,
    0xf0, 0x67, 0x83, 0x3c, 0x19, 0xe0, 0xcf, 0x06, 0x78, 0x33, 0xc1, 0x9e, 0x0c, 0xf0, 0x67, 0x83,
    0x3c, 0x19, 0xe0, 0xcf, 0x06, 0x78, 0x33, 0xc1, 0x9e, 0x0c, 0xf0, 0x67, 0x83, 0x3c, 0x19, 0xe0,
    0xcd, 0x82, 0x4c, 0x81, 0xd1, 0xbc, 0xd5, 0x83, 0x8a, 0x60, 0x0e, 0x8f, 0xe6, 0x00, 0x3b, 0xe0,
    0xe1, 0x90, 0x03, 0x5e, 0x4d, 0xfd, 0x06, 0xf8, 0x37, 0xc1, 0xbe, 0x0d, 0xf0, 0x6c, 0x4a, 0x78,
    0x00, 0xe7, 0x9a, 0xd9, 0x83, 0x9e, 0x0d, 0xf0, 0x6f, 0x83, 0x7c, 0x1b, 0xe0, 0xd5, 0x7e, 0xf8,
    0x33, 0xc1, 0x9e, 0x0c, 0xf0, 0x67, 0x83, 0x3c, 0x19, 0xe0, 0xcf, 0x06, 0x78, 0x33, 0xc1, 0x9e,
    0x0c, 0xf0, 0x67, 0x83, 0x3c, 0x19, 0xe0, 0xcf, 0x06, 0x78, 0x33, 0xc1, 0x9e, 0x0c, 0xf0, 0x67,
    0x83, 0x3a, 0x09, 0x14, 0x07, 0x47, 0xfa, 0xfa, 0x1b, 0xf0, 0xdf, 0x91, 0x3c, 0x19, 0xe0, 0xcf,
    0x06, 0x78, 0x33, 0xc1, 0x9e, 0x0c, 0xf0, 0x67, 0x83, 0x3c, 0x19, 0xe0, 0xcf, 0x06, 0x78, 0x33,
    0xc1, 0x9e, 0x0c, 0xf0, 0x67, 0x83, 0x3c, 0x19, 0xe0, 0xcf, 0x06, 0x78, 0x33, 0xc1, 0x9e, 0x0c,
    0xf0, 0x67, 0x83, 0x3c, 0x19, 0xe0, 0xcf, 0x06, 0x78, 0x33, 0xc1, 0x9e, 0x0c, 0xf0, 0x67, 0x83,
    0x3c, 0x19, 0xe0, 0xcf, 0x06, 0x78, 0x33, 0xc1, 0x9e, 0x0c, 0xf0, 0x67, 0x83, 0x3c, 0x19, 0xe0,
    0xcf, 0x06, 0x78, 0x33, 0xc1, 0x9e, 0x0c, 0xf0, 0x67, 0x83, 0x3c, 0x19, 0xe0, 0xcf, 0x06, 0x78,
    0x33, 0xc1, 0x9e, 0x0c, 0xf0, 0x67, 0x83, 0x3c, 0x19, 0xe0, 0xcf, 0x06, 0x78, 0x33, 0xc1, 0x9e,
    0x0c, 0xf0, 0x67, 0x83, 0x3c, 0x19, 0xe0, 0xcf, 0x06, 0x78, 0x33, 0xc1, 0x9e, 0x0c, 0xf0, 0x67,
    0x83, 0x3c, 0x19, 0xe0, 0xcf, 0x06, 0x78, 0x33, 0xc1, 0x9e, 0x0c, 0xf0, 0x67, 0x83, 0x3c, 0x19,
    0xe0, 0xcf, 0x06, 0x78, 0x33, 0xc1, 0x9e, 0x0c, 0xf0, 0x67, 0x83, 0x3c, 0x19, 0xe0, 0xcf, 0x06,
    0x78, 0x33, 0xc1, 0x9e, 0x0c, 0xf0, 0x67, 0x83, 0x3c, 0x19, 0xe0, 0xcf, 0x06, 0x78, 0x32, 0x20,
    0x55, 0x00, 0x6c, 0x51, 0x25, 0xe0, 0xde, 0x1a, 0xf8, 0x33, 0xc1, 0x9e, 0x0c, 0xf0, 0x67, 0x83,
    0x3c, 0x19, 0xe0, 0xcf, 0x06, 0x78, 0x33, 0xc1, 0x9e, 0x0c, 0xf0, 0x67, 0x83, 0x3c, 0x19, 0xe0,
    0xcf, 0x06, 0x78, 0x33, 0xc1, 0x9e, 0x0c, 0xf0, 0x67, 0x83, 0x3c, 0x19, 0xe0, 0xcf, 0x06, 0x78,
    0x33, 0xc1, 0x9e, 0x0c, 0xf0, 0x67, 0x83, 0x3c, 0x19, 0xe0, 0xcf, 0x06, 0x78, 0x33, 0xc1, 0x9e,
    0x0c, 0xf0, 0x67, 0x83, 0x3c, 0x19, 0xe0, 0xcf, 0x06, 0x78, 0x33, 0xc1, 0x9e, 0x0c, 0xf0, 0x67,
    0x83, 0x3c, 0x19, 0xe0, 0xcf, 0x06, 0x78, 0x33, 0xc1, 0x9e, 0x0c, 0xf0, 0x67, 0x83, 0x3c, 0x19,
    0xe0, 0xcf, 0x06, 0x78, 0x33, 0xc1, 0x9e, 0x0c, 0xf0, 0x67, 0x83, 0x3c, 0x19, 0xe0, 0xcf, 0x06,
    0x78, 0x33, 0xc1, 0x9e, 0x0c, 0xf0, 0x67, 0x83, 0x3c, 0x19, 0xe0, 0xcf, 0x06, 0x78, 0x33, 0xc1,
    0x9e, 0x0c, 0xf0, 0x67, 0x83, 0x3c, 0x19, 0xe0, 0xcf, 0x06, 0x78, 0x33, 0xc1, 0x9e, 0x0c, 0xf0,
    0x67, 0x83, 0x3c, 0x19, 0xe0, 0xcf, 0x06, 0x78, 0x33, 0xc1, 0x9e, 0x0c, 0xf0, 0x67, 0x83, 0x3c,
    0x19, 0xe0, 0xcf, 0x06, 0x78, 0x33, 0xc1, 0x9e, 0x0c, 0xf0, 0x67, 0x83, 0x3c, 0x19, 0xe0, 0xcf,
    0x06, 0x78, 0x33, 0xc1, 0x9e, 0x0c, 0xf0, 0x64, 0xc0, 0x60, 0x16, 0xcd, 0x58, 0x6b, 0xc1, 0x9e,
    0x0c, 0xf0, 0x67, 0x83, 0x3c, 0x19, 0xe0, 0xcf, 0x06, 0x78, 0x33, 0xc1, 0x9e, 0x0c, 0xf0, 0x67,
    0x83, 0x3c, 0x19, 0xe0, 0xcf, 0x06, 0x78, 0x33, 0xc1, 0x9e, 0x0c, 0xf0, 0x67, 0x83, 0x3c, 0x19,
    0xe0, 0xcf, 0x06, 0x78, 0x33, 0xc1, 0x9e, 0x0c, 0xf0, 0x67, 0x83, 0x3c, 0x19, 0xe0, 0xcf, 0x06,
    0x78, 0x33, 0xc1, 0x9e, 0x0c, 0xf0, 0x67, 0x83, 0x3c, 0x19, 0xe0, 0xcf, 0x06, 0x78, 0x33, 0xc1,
    0x9e, 0x0c, 0xf0, 0x67, 0x83, 0x3c, 0x19, 0xe0, 0xcf, 0x06, 0x78, 0x33, 0xc1, 0x9e, 0x0c, 0xf0,
    0x67, 0x83, 0x3c, 0x19, 0xe0, 0xcf, 0x06, 0x78, 0x33, 0xc1, 0x9e, 0x0c, 0xf0, 0x67, 0x83, 0x3c,
    0x19, 0xe0, 0xcf, 0x06, 0x78, 0x33, 0xc1, 0x9e, 0x0c, 0xf0, 0x67, 0x83, 0x3c, 0x19, 0xe0, 0xcf,
    0x06, 0x78, 0x33, 0xc1, 0x9e, 0x0c, 0xf0, 0x67, 0x83, 0x3c, 0x19, 0xe0, 0xcf, 0x06, 0x78, 0x33,
    0xc1, 0x9e, 0x0c, 0xf0, 0x67, 0x83, 0x3c, 0x19, 0xd0, 0x18, 0x05, 0xb3, 0x56, 0x1a, 0xf0, 0x67,
    0x83, 0x3c, 0x19, 0xe0, 0xcf, 0x06, 0x78, 0x33, 0xc1, 0x9e, 0x0c, 0xf0, 0x67, 0x83, 0x3c, 0x19,
    0xe0, 0xcf, 0x06, 0x78, 0x33, 0xc1, 0x9e, 0x0c, 0xf0, 0x67, 0x83, 0x3c, 0x19, 0xe0, 0xcf, 0x06,
    0x78, 0x33, 0xc1, 0x9e, 0x0c, 0xf0, 0x67, 0x83, 0x3c, 0x19, 0xe0, 0xcf, 0x06, 0x78, 0x33, 0xc1,
    0x9e, 0x0c, 0xf0, 0x67, 0x83, 0x3c, 0x19, 0xe0, 0xcf, 0x06, 0x78, 0x33, 0xc1, 0x9e, 0x0c, 0xf0,
    0x67, 0x83, 0x3c, 0x19, 0xe0, 0xcf, 0x06, 0x78, 0x33, 0xc1, 0x9e, 0x0c, 0xf0, 0x67, 0x83, 0x3c,
    0x19, 0xe0, 0xcf, 0x06, 0x78, 0x33, 0xc1, 0x9e, 0x0c, 0xf0, 0x67, 0x83, 0x3c, 0x19, 0xe0, 0xcf,
    0x06, 0x78, 0x33, 0xc1, 0x9e, 0x0c, 0xf0, 0x67, 0x83, 0x3c, 0x19, 0xe0, 0xcf, 0x06, 0x78, 0x33,
    0xc1, 0x9e, 0x0c, 0xf0, 0x67, 0x83, 0x3c, 0x19, 0xe0, 0xcf, 0x06, 0x78, 0x33, 0xc1, 0x9e, 0x0c,
    0xf0, 0x67, 0x83, 0x3c, 0x19, 0xe0, 0xcf, 0x06, 0x74, 0x06, 0x01, 0x6c, 0xd5, 0x86, 0xbc, 0x19,
    0xe0, 0xcf, 0x06, 0x78, 0x33, 0xc1, 0x9e, 0x0c, 0xf0, 0x67, 0x83, 0x3c, 0x19, 0xe0, 0xcf, 0x06,
    0x78, 0x33, 0xc1, 0x9e, 0x0c, 0xf0, 0x67, 0x83, 0x3c, 0x19, 0xe0, 0xcf, 0x06, 0x78, 0x33, 0xc1,
    0x9e, 0x0c, 0xf0, 0x67, 0x83, 0x3c, 0x19, 0xe0, 0xcf, 0x06, 0x78, 0x33, 0xc1, 0x9e, 0x0c, 0xf0,
    0x67, 0x83, 0x3c, 0x19, 0xe0, 0xcf, 0x06, 0x78, 0x33, 0xc1, 0x9e, 0x0c, 0xf0, 0x67, 0x83, 0x3c,
    0x19, 0xe0, 0xcf, 0x06, 0x78, 0x33, 0xc1, 0x9e, 0x0c, 0xf0, 0x67, 0x83, 0x3c, 0x19, 0xe0, 0xcf,
    0x06, 0x78, 0x33, 0xc1, 0x9e, 0x0c, 0xf0, 0x67, 0x83, 0x3c, 0x19, 0xe0, 0xcf, 0x06, 0x78, 0x33,
    0xc1, 0x9e, 0x0c, 0xf0, 0x67, 0x83, 0x3c, 0x19, 0xe0, 0xcf, 0x06, 0x78, 0x33, 0xc1, 0x9e, 0x0c,
    0xf0, 0x67, 0x83, 0x3c, 0x19, 0xe0, 0xcf, 0x06, 0x78, 0x33, 0xc1, 0x9e, 0x0c, 0xf0, 0x67, 0x83,
    0x3c, 0x19, 0xe0, 0xcf, 0x06, 0x78, 0x33, 0xc1, 0x9d, 0x01, 0x80, 0x5b, 0x35, 0x61, 0xaf, 0x06,
    0x78, 0x33, 0xc1, 0x9e, 0x0c, 0xf0, 0x67, 0x83, 0x3c, 0x19, 0xe0, 0xcf, 0x06, 0x78, 0x33, 0xc1,
    0x9e, 0x0c, 0xf0, 0x67, 0x83, 0x3c, 0x19, 0xe0, 0xcf, 0x06, 0x78, 0x33, 0xc1, 0x9e, 0x0c, 0xf0,
    0x67, 0x83, 0x3c, 0x19, 0xe0, 0xcf, 0x06, 0x78, 0x33, 0xc1, 0x9e, 0x0c, 0xf0, 0x67, 0x83, 0x3c,
    0x19, 0xe0, 0xcf, 0x06, 0x78, 0x33, 0xc1, 0x9e, 0x0c, 0xf0, 0x67, 0x83, 0x3c, 0x19, 0xe0, 0xcf,
    0x06, 0x78, 0x33, 0xc1, 0x9e, 0x0c, 0xf0, 0x67, 0x83, 0x3c, 0x19, 0xe0, 0xcf, 0x06, 0x78, 0x33,
    0xc1, 0x9e, 0x0c, 0xf0, 0x67, 0x83, 0x3c, 0x19, 0xe0, 0xcf, 0x06, 0x78, 0x33, 0xc1, 0x9e, 0x0c,
    0xf0, 0x67, 0x83, 0x3c, 0x19, 0xe0, 0xcf, 0x06, 0x78, 0x33, 0xc1, 0x9e, 0x0c, 0xf0, 0x67, 0x83,
    0x3c, 0x19, 0xe0, 0xcf, 0x06, 0x78, 0x33, 0xc1, 0x9e, 0x0c, 0xf0, 0x67, 0x83, 0x3c, 0x19, 0xe0,
    0xcf, 0x06, 0x78, 0x33, 0xc1, 0x9e, 0x0c, 0xf0, 0x67, 0x83, 0x3c, 0x19, 0xe0, 0xcf, 0x06, 0x78,
    0x33, 0xc1, 0x9e, 0x0c, 0xf0, 0x67, 0x83, 0x3c, 0x19, 0xe0, 0xcf, 0x06, 0x78, 0x33, 0xc1, 0x9e,
    0x0c, 0xf0, 0x67, 0x83, 0x3c, 0x19, 0xe0, 0xcf, 0x06, 0x78, 0x33, 0xc1, 0x9e, 0x0c, 0xf0, 0x67,
    0x83, 0x3c, 0x19, 0xe0, 0xcf, 0x06, 0x78, 0x33, 0xc1, 0x9e, 0x0c, 0xf0, 0x67, 0x83, 0x3c, 0x19,
    0xe0, 0xcf, 0x06, 0x78, 0x33, 0xc1, 0x9e, 0x0c, 0xf0, 0x67, 0x83, 0x3c, 0x19, 0xe0, 0xcf, 0x06,
    0x78, 0x33, 0xc1, 0x9e, 0x0c, 0xf0, 0x67, 0x83, 0x3c, 0x19, 0xe0, 0xcf, 0x06, 0x78, 0x33, 0xc1,
    0x9e, 0x0c, 0xf0, 0x67, 0x83, 0x3c, 0x19, 0xe0, 0xcf, 0x06, 0x78, 0x33, 0xc1, 0x9e, 0x0c, 0xf0,
    0x67, 0x83, 0x3c, 0x19, 0xe0, 0xcf, 0x06, 0x78, 0x33, 0xc1, 0x9e, 0x0c, 0xf0, 0x67, 0x83, 0x3c,
    0x19, 0xe0, 0xcf, 0x06, 0x78, 0x33, 0xc1, 0x9e, 0x0c, 0xf0, 0x67, 0x83, 0x3c, 0x19, 0xe0, 0xcf,
    0x06, 0x78, 0x33, 0xc1, 0x9f, 0x00, 0x80, 0xc0, 0x2d, 0x9a, 0xb0, 0xd7, 0x83, 0x3c, 0x19, 0xe0,
    0xcf, 0x06, 0x78, 0x33, 0xc1, 0x9e, 0x0c, 0xf0, 0x67, 0x83, 0x3c, 0x19, 0xe0, 0xcf, 0x06, 0x78,
    0x33, 0xc1, 0x9e, 0x0c, 0xf0, 0x67, 0x83, 0x3c, 0x19, 0xe0, 0xcf, 0x06, 0x78, 0x33, 0xc1, 0x9e,
    0x0c, 0xf0, 0x67, 0x83, 0x3c, 0x19, 0xe0, 0xcf, 0x06, 0x78, 0x33, 0xc1, 0x9e, 0x0c, 0xf0, 0x67,
    0x83, 0x3c, 0x19, 0xe0, 0xcf, 0x06, 0x78, 0x33, 0xc1, 0x9e, 0x0c, 0xf0, 0x67, 0x83, 0x3c, 0x19,
    0xe0, 0xcf, 0x06, 0x78, 0x33, 0xc1, 0x9e, 0x0c, 0xf0, 0x67, 0x83, 0x3c, 0x19, 0xe0, 0xcf, 0x06,
    0x78, 0x33, 0xc1, 0x9e, 0x0c, 0xf0, 0x67, 0x83, 0x3c, 0x19, 0xe0, 0xcf, 0x06, 0x78, 0x33, 0xc1,
    0x9e, 0x0c, 0xf0, 0x67, 0x83, 0x3c, 0x19, 0xe0, 0xcf, 0x06, 0x78, 0x33, 0xc1, 0x9e, 0x0c, 0xf0,
    0x67, 0x83, 0x3c, 0x19, 0xe0, 0xcf, 0x06, 0x78, 0x33, 0xc1, 0x9e, 0x0c, 0xf0, 0x67, 0x83, 0x3c,
    0x19, 0xe0, 0xcf, 0x06, 0x78, 0x33, 0xa0, 0x30, 0x0b, 0x66, 0xac, 0x35, 0xe0, 0xcf, 0x06, 0x78,
    0x33, 0xc1, 0x9e, 0x0c, 0xf0, 0x67, 0x83, 0x3c, 0x19, 0xe0, 0xcf, 0x06, 0x78, 0x33, 0xc1, 0x9e,
    0x0c, 0xf0, 0x67, 0x83, 0x3c, 0x19, 0xe0, 0xcf, 0x06, 0x78, 0x33, 0xc1, 0x9e, 0x0c, 0xf0, 0x67,
    0x83, 0x3c, 0x19, 0xe0, 0xcf, 0x06, 0x78, 0x33, 0xc1, 0x9e, 0x0c, 0xf0, 0x67, 0x83, 0x3c, 0x19,
    0xe0, 0xcf, 0x06, 0x78, 0x33, 0xc1, 0x9e, 0x0c, 0xf0, 0x67, 0x83, 0x3c, 0x19, 0xe0, 0xcf, 0x06,
    0x78, 0x33, 0xc1, 0x9e, 0x0c, 0xf0, 0x67, 0x83, 0x3c, 0x19, 0xe0, 0xcf, 0x06, 0x78, 0x33, 0xc1,
    0x9e, 0x0c, 0xf0, 0x67, 0x83, 0x3c, 0x19, 0xe0, 0xcf, 0x06, 0x78, 0x33, 0xc1, 0x9e, 0x0c, 0xf0,
    0x67, 0x83, 0x3c, 0x19, 0xe0, 0xcf, 0x06, 0x78, 0x33, 0xc1, 0x9e, 0x0c, 0xf0, 0x67, 0x83, 0x3c,
    0x19, 0xe0, 0xcf, 0x06, 0x78, 0x33, 0xc1, 0x9e, 0x0c, 0xf0, 0x67, 0x83, 0x3c, 0x19, 0xe0, 0xcf,
    0x06, 0x78, 0x33, 0xc1, 0x9e, 0x0c, 0xe8, 0x0c, 0x02, 0xd9, 0xab, 0x0d, 0x78, 0x33, 0xc1, 0x9e,
    0x0c, 0xf0, 0x67, 0x83, 0x3c, 0x19, 0xe0, 0xcf, 0x06, 0x78, 0x33, 0xc1, 0x9e, 0x0c, 0xf0, 0x67,
    0x83, 0x3c, 0x19, 0xe0, 0xcf, 0x06, 0x78, 0x33, 0xc1, 0x9e, 0x0c, 0xf0, 0x67, 0x83, 0x3c, 0x19,
    0xe0, 0xcf, 0x06, 0x78, 0x33, 0xc1, 0x9e, 0x0c, 0xf0, 0x67, 0x83, 0x3c, 0x19, 0xe0, 0xcf, 0x06,
    0x78, 0x33, 0xc1, 0x9e, 0x0c, 0xf0, 0x67, 0x83, 0x3c, 0x19, 0xe0, 0xcf, 0x06, 0x78, 0x33, 0xc1,
    0x9e, 0x0c, 0xf0, 0x67, 0x83, 0x3c, 0x19, 0xe0, 0xcf, 0x06, 0x78, 0x33, 0xc1, 0x9e, 0x0c, 0xf0,
    0x67, 0x83, 0x3c, 0x19, 0xe0, 0xcf, 0x06, 0x78, 0x33, 0xc1, 0x9e, 0x0c, 0xf0, 0x67, 0x83, 0x3c,
    0x19, 0xe0, 0xcf, 0x06, 0x78, 0x33, 0xc1, 0x9e, 0x0c, 0xf0, 0x67, 0x83, 0x3c, 0x19, 0xe0, 0xcf,
    0x06, 0x78, 0x33, 0xc1, 0x9e, 0x0c, 0xf0, 0x67, 0x83, 0x3c, 0x19, 0xe0, 0xcf, 0x06, 0x78, 0x33,
    0xc1, 0x9e, 0x0c, 0xf0, 0x67, 0x83, 0x3a, 0x03, 0x00, 0xb6, 0x6a, 0xc3, 0x5e, 0x0c, 0xf0, 0x67,
    0x83, 0x3c, 0x19, 0xe0, 0xcf, 0x06, 0x78, 0x33, 0xc1, 0x9e, 0x0c, 0xf0, 0x67, 0x83, 0x3c, 0x19,
    0xe0, 0xcf, 0x06, 0x78, 0x33, 0xc1, 0x9e, 0x0c, 0xf0, 0x67, 0x83, 0x3c, 0x19, 0xe0, 0xcf, 0x06,
    0x78, 0x33, 0xc1, 0x9e, 0x0c, 0xf0, 0x67, 0x83, 0x3c, 0x19, 0xe0, 0xcf, 0x06, 0x78, 0x33, 0xc1,
    0x9e, 0x0c, 0xf0, 0x67, 0x83, 0x3c, 0x19, 0xe0, 0xcf, 0x06, 0x78, 0x33, 0xc1, 0x9e, 0x0c, 0xf0,
    0x67, 0x83, 0x3c, 0x19, 0xe0, 0xcf, 0x06, 0x78, 0x33, 0xc1, 0x9e, 0x0c, 0xf0, 0x67, 0x83, 0x3c,
    0x19, 0xe0, 0xcf, 0x06, 0x78, 0x33, 0xc1, 0x9e, 0x0c, 0xf0, 0x67, 0x83, 0x3c, 0x19, 0xe0, 0xcf,
    0x06, 0x78, 0x33, 0xc1, 0x9e, 0x0c, 0xf0, 0x67, 0x83, 0x3c, 0x19, 0xe0, 0xcf, 0x06, 0x78, 0x33,
    0xc1, 0x9e, 0x0c, 0xf0, 0x67, 0x83, 0x3c, 0x19, 0xe0, 0xcf, 0x06, 0x78, 0x33, 0xc1, 0x9e, 0x0c,
    0xf0, 0x67, 0x83, 0x3c, 0x19, 0xe0, 0xce, 0x80, 0xc0, 0x2d, 0x9a, 0xb0, 0xd7, 0x83, 0x3c, 0x19,
    0xe0, 0xcf, 0x06, 0x78, 0x33, 0xc1, 0x9e, 0x0c, 0xf0, 0x67, 0x83, 0x3c, 0x19, 0xe0, 0xcf, 0x06,
    0x78, 0x33, 0xc1, 0x9e, 0x0c, 0xf0, 0x67, 0x83, 0x3c, 0x19, 0xe0, 0xcf, 0x06, 0x78, 0x33, 0xc1,
    0x9e, 0x0c, 0xf0, 0x67, 0x83, 0x3c, 0x19, 0xe0, 0xcf, 0x06, 0x78, 0x33, 0xc1, 0x9e, 0x0c, 0xf0,
    0x67, 0x83, 0x3c, 0x19, 0xe0, 0xcf, 0x06, 0x78, 0x33, 0xc1, 0x9e, 0x0c, 0xf0, 0x67, 0x83, 0x3c,
    0x19, 0xe0, 0xcf, 0x06, 0x78, 0x33, 0xc1, 0x9e, 0x0c, 0xf0, 0x67, 0x83, 0x3c, 0x19, 0xe0, 0xcf,
    0x06, 0x78, 0x33, 0xc1, 0x9e, 0x0c, 0xf0, 0x67, 0x83, 0x3c, 0x19, 0xe0, 0xcf, 0x06, 0x78, 0x33,
    0xc1, 0x9e, 0x0c, 0xf0, 0x67, 0x83, 0x3c, 0x19, 0xe0, 0xcf, 0x06, 0x78, 0x33, 0xc1, 0x9e, 0x0c,
    0xf0, 0x67, 0x83, 0x3c, 0x19, 0xe0, 0xcf, 0x06, 0x78, 0x33, 0xc1, 0x9e, 0x0c, 0xf0, 0x67, 0x83,
    0x3c, 0x19, 0xe0, 0xcf, 0x06, 0x78, 0x33, 0xa0, 0x30, 0x0b, 0x66, 0xac, 0x35, 0xe0, 0xcf, 0x06,
    0x78, 0x33, 0xc1, 0x9e, 0x0c, 0xf0, 0x67, 0x83, 0x3c, 0x19, 0xe0, 0xcf, 0x06, 0x78, 0x33, 0xc1,
    0x9e, 0x0c, 0xf0, 0x67, 0x83, 0x3c, 0x19, 0xe0, 0xcf, 0x06, 0x78, 0x33, 0xc1, 0x9e, 0x0c, 0xf0,
    0x67, 0x83, 0x3c, 0x19, 0xe0, 0xcf, 0x06, 0x78, 0x33, 0xc1, 0x9e, 0x0c, 0xf0, 0x67, 0x83, 0x3c,
    0x19, 0xe0, 0xcf, 0x06, 0x78, 0x33, 0xc1, 0x9e, 0x0c, 0xf0, 0x67, 0x83, 0x3c, 0x19, 0xe0, 0xcf,
    0x06, 0x78, 0x33, 0xc1, 0x9e, 0x0c, 0xf0, 0x67, 0x83, 0x3c, 0x19, 0xe0, 0xcf, 0x06, 0x78, 0x33,
    0xc1, 0x9e, 0x0c, 0xf0, 0x67, 0x83, 0x3c, 0x19, 0xe0, 0xcf, 0x06, 0x78, 0x33, 0xc1, 0x9e, 0x0c,
    0xf0, 0x67, 0x83, 0x3c, 0x19, 0xe0, 0xcf, 0x06, 0x78, 0x33, 0xc1, 0x9e, 0x0c, 0xf0, 0x67, 0x83,
    0x3c, 0x19, 0xe0, 0xcf, 0x06, 0x78, 0x33, 0xc1, 0x9e, 0x0c, 0xf0, 0x67, 0x83, 0x3c, 0x19, 0xe0,
    0xcf, 0x06, 0x78, 0x33, 0xc1, 0x9e, 0x0c, 0xe8, 0x0c, 0x02, 0xd9, 0xab, 0x0d, 0x78, 0x33, 0xc1,
    0x9e, 0x0c, 0xf0, 0x67, 0x83, 0x3c, 0x19, 0xe0, 0xcf, 0x06, 0x78, 0x33, 0xc1, 0x9e, 0x0c, 0xf0,
    0x67, 0x83, 0x3c, 0x19, 0xe0, 0xcf, 0x06, 0x78, 0x33, 0xc1, 0x9e, 0x0c, 0xf0, 0x67, 0x83, 0x3c,
    0x19, 0xe0, 0xcf, 0x06, 0x78, 0x33, 0xc1, 0x9e, 0x0c, 0xf0, 0x67, 0x83, 0x3c, 0x19, 0xe0, 0xcf,
    0x06, 0x78, 0x33, 0xc1, 0x9e, 0x0c, 0xf0, 0x67, 0x83, 0x3c, 0x19, 0xe0, 0xcf, 0x06, 0x78, 0x33,
    0xc1, 0x9e, 0x0c, 0xf0, 0x67, 0x83, 0x3c, 0x19, 0xe0, 0xcf, 0x06, 0x78, 0x33, 0xc1, 0x9e, 0x0c,
    0xf0, 0x67, 0x83, 0x3c, 0x19, 0xe0, 0xcf, 0x06, 0x78, 0x33, 0xc1, 0x9e, 0x0c, 0xf0, 0x67, 0x83,
    0x3c, 0x19, 0xe0, 0xcf, 0x06, 0x78, 0x33, 0xc1, 0x9e, 0x0c, 0xf0, 0x67, 0x83, 0x3c, 0x19, 0xe0,
    0xcf, 0x06, 0x78, 0x33, 0xc1, 0x9e, 0x0c, 0xf0, 0x67, 0x83, 0x3c, 0x19, 0xe0, 0xcf, 0x06, 0x78,
    0x33, 0xc1, 0x9e, 0x0c, 0xf0, 0x67, 0x83, 0x3a, 0x03, 0x00, 0xb6, 0x6a, 0xc3, 0x5e, 0x0c, 0xf0,
    0x67, 0x83, 0x3c, 0x19, 0xe0, 0xcf, 0x06, 0x78, 0x33, 0xc1, 0x9e, 0x0c, 0xf0, 0x67, 0x83, 0x3c,
    0x19, 0xe0, 0xcf, 0x06, 0x78, 0x33, 0xc1, 0x9e, 0x0c, 0xf0, 0x67, 0x83, 0x3c, 0x19, 0xe0, 0xcf,
    0x06, 0x78, 0x33, 0xc1, 0x9e, 0x0c, 0xf0, 0x67, 0x83, 0x3c, 0x19, 0xe0, 0xcf, 0x06, 0x78, 0x33,
    0xc1, 0x9e, 0x0c, 0xf0, 0x67, 0x83, 0x3c, 0x19, 0xe0, 0xcf, 0x06, 0x78, 0x33, 0xc1, 0x9e, 0x0c,
    0xf0, 0x67, 0x83, 0x3c, 0x19, 0xe0, 0xcf, 0x06, 0x78, 0x33, 0xc1, 0x9e, 0x0c, 0xf0, 0x67, 0x83,
    0x3c, 0x19, 0xe0, 0xcf, 0x06, 0x78, 0x33, 0xc1, 0x9e, 0x0c, 0xf0, 0x67, 0x83, 0x3c, 0x19, 0xe0,
    0xcf, 0x06, 0x78, 0x33, 0xc1, 0x9e, 0x0c, 0xf0, 0x67, 0x83, 0x3c, 0x19, 0xe0, 0xcf, 0x06, 0x78,
    0x33, 0xc1, 0x9e, 0x0c, 0xf0, 0x67, 0x83, 0x3c, 0x19, 0xe0, 0xcf, 0x06, 0x78, 0x33, 0xc1, 0x9e,
    0x0c, 0xf0, 0x67, 0x83, 0x3c, 0x19, 0xe0, 0xcf, 0x06, 0x78, 0x33, 0xc1, 0x9e, 0x0c, 0xf0, 0x67,
    0x83, 0x3c, 0x19, 0xe0, 0xcf, 0x06, 0x78, 0x33, 0xc1, 0x9e, 0x0c, 0xf0, 0x67, 0x83, 0x3c, 0x19,
    0xe0, 0xcf, 0x06, 0x78, 0x33, 0xc1, 0x9e, 0x0c, 0xf0, 0x67, 0x83, 0x3c, 0x19, 0xe0, 0xcf, 0x06,
    0x78, 0x33, 0xc1, 0x9e, 0x0c, 0xf0, 0x67, 0x83, 0x3c, 0x19, 0xe0, 0xcf, 0x06, 0x78, 0x33, 0xc1,
    0x9e, 0x0c, 0xf0, 0x67, 0x83, 0x3c, 0x19, 0xe0, 0xcf, 0x06, 0x78, 0x33, 0xc1, 0x9e, 0x0c, 0xf0,
    0x67, 0x83, 0x3c, 0x19, 0xe0, 0xcf, 0x06, 0x78, 0x33, 0xc1, 0x9e, 0x0c, 0xf0, 0x67, 0x83, 0x3c,
    0x19, 0xe0, 0xcf, 0x06, 0x78, 0x33, 0xc1, 0x9e, 0x0c, 0xf0, 0x67, 0x83, 0x3c, 0x19, 0xe0, 0xcf,
    0x06, 0x78, 0x33, 0xc1, 0x9e, 0x0c, 0xf0, 0x67, 0x83, 0x3c, 0x19, 0xe0, 0xcf, 0x06, 0x78, 0x33,
    0xc1, 0x9e, 0x0c, 0xf0, 0x67, 0x83, 0x3c, 0x19, 0xe0, 0xcf, 0x06, 0x78, 0x33, 0xc1, 0x9e, 0x0c,
    0xf0, 0x67, 0x83, 0x3e, 0x01, 0x01, 0x80, 0x5b, 0x35, 0x61, 0xaf, 0x06, 0x78, 0x33, 0xc1, 0x9e,
    0x0c, 0xf0, 0x67, 0x83, 0x3c, 0x19, 0xe0, 0xcf, 0x06, 0x78, 0x33, 0xc1, 0x9e, 0x0c, 0xf0, 0x67,
    0x83, 0x3c, 0x19, 0xe0, 0xcf, 0x06, 0x78, 0x33, 0xc1, 0x9e, 0x0c, 0xf0, 0x67, 0x83, 0x3c, 0x19,
    0xe0, 0xcf, 0x06, 0x78, 0x33, 0x60, 0x55, 0x00, 0x6c, 0x51, 0x25, 0xe2, 0x7f, 0x06, 0x78, 0x33,
    0xc1, 0x9e, 0x0c, 0xf0, 0x67, 0x83, 0x3c, 0x19, 0xe0, 0xcf, 0x06, 0x78, 0x33, 0xc1, 0x9e, 0x0c,
    0xf0, 0x67, 0x83, 0x3c, 0x19, 0xe0, 0xcf, 0x06, 0x78, 0x33, 0xc1, 0x9e, 0x0c, 0xf0, 0x67, 0x83,
    0x3c, 0x19, 0xe0, 0xcf, 0x06, 0x78, 0x33, 0xc1, 0x9e, 0x0c, 0xf0, 0x67, 0x83, 0x3c, 0x19, 0xe0,
    0xcf, 0x06, 0x78, 0x30, 0xa0, 0x55, 0x00, 0x6c, 0x51, 0x25, 0xe1, 0xaf, 0x0d, 0x79, 0x0b, 0xc1,
    0x9e, 0x0c, 0xf0, 0x67, 0x96, 0xfc, 0xb7, 0xe1, 0xaf, 0x0d, 0x78, 0x33, 0xc1, 0x9e, 0x0c, 0xf0,
    0x67, 0x83, 0x3c, 0x19, 0xe0, 0xcf, 0x06, 0x78, 0x33, 0xc1, 0x9e, 0x0c, 0xf0, 0x67, 0x83, 0x3c,
    0x17, 0x10, 0x18, 0x05, 0xb3, 0x56, 0x1a, 0xf0, 0x67, 0x83, 0x3c, 0x19, 0xe0, 0xcf, 0x06, 0x78,
    0x33, 0xc1, 0x9e, 0x0c, 0xf0, 0x67, 0x83, 0x3c, 0x19, 0xe0, 0xcf, 0x06, 0x78, 0x33, 0xc1, 0x9e,
    0x0c, 0xf0, 0x67, 0x40, 0xaa, 0x00, 0xd8, 0xa2, 0x4b, 0xc3, 0x5e, 0x1a, 0xf2, 0x17, 0x83, 0x3c,
    0x19, 0xe0, 0xcf, 0x2d, 0xf9, 0x6f, 0xc3, 0x5e, 0x1a, 0xf0, 0x67, 0x83, 0x3c, 0x19, 0xe0, 0xcf,
    0x06, 0x78, 0x33, 0xc1, 0x9e, 0x0c, 0xf0, 0x67, 0x83, 0x3c, 0x19, 0xe0, 0xcf, 0x06, 0x78, 0x33,
    0xc1, 0x9e, 0x0c, 0xf0, 0x67, 0x83, 0x3c, 0x19, 0xe0, 0xcf, 0x06, 0x78, 0x33, 0xc1, 0x9e, 0x0c,
    0xf0, 0x67, 0x83, 0x3c, 0x19, 0xe0, 0xcf, 0x06, 0x78, 0x33, 0xc1, 0x9e, 0x0c, 0xf0, 0x67, 0x83,
    0x12, 0x05, 0x50, 0x06, 0xc5, 0x12, 0x5e, 0x1a, 0xf0, 0xd7, 0x90, 0xbc, 0x19, 0xe0, 0xcf, 0x06,
    0x79, 0x6f, 0xcb, 0x7e, 0x1a, 0xf0, 0xd7, 0x83, 0x3c, 0x19, 0xe0, 0xcf, 0x06, 0x78, 0x33, 0xc1,
    0x9e, 0x0c, 0xf0, 0x67, 0x83, 0x3c, 0x19, 0xe0, 0xcf, 0x06, 0x78, 0x33, 0xc1, 0x71, 0x01, 0x80,
    0x5b, 0x35, 0x61, 0xaf, 0x06, 0x78, 0x33, 0xc1, 0x9e, 0x0c, 0xf0, 0x67, 0x83, 0x3c, 0x19, 0xe0,
    0xcf, 0x06, 0x78, 0x33, 0xc1, 0x9e, 0x0c, 0xf0, 0x67, 0x83, 0x3c, 0x19, 0xe0, 0xcf, 0x06, 0x74,
    0x0a, 0xa0, 0x0d, 0x8a, 0x24, 0xbc, 0x35, 0xe1, 0xaf, 0x21, 0x78, 0x33, 0xc1, 0x9e, 0x0c, 0xf2,
    0xdf, 0x96, 0xfc, 0x35, 0xe1, 0xaf, 0x06, 0x78, 0x33, 0xc1, 0x9e, 0x0c, 0xf0, 0x67, 0x83, 0x3c,
    0x19, 0xe0, 0xcf, 0x06, 0x78, 0x33, 0xc1, 0x9e, 0x0c, 0xf0, 0x67, 0x83, 0x3c, 0x19, 0xe0, 0xcf,
    0x06, 0x78, 0x33, 0xc1, 0x9e, 0x0c, 0xf0, 0x67, 0x83, 0x3c, 0x19, 0xe0, 0xcf, 0x06, 0x78, 0x33,
    0xc1, 0x9e, 0x0c, 0xf0, 0x67, 0x83, 0x3c, 0x19, 0xe0, 0xcf, 0x06, 0x78, 0x31, 0x20, 0x55, 0x00,
    0x6c, 0x51, 0x25, 0xe1, 0xaf, 0x0d, 0x79, 0x0b, 0xc1, 0x9e, 0x0c, 0xf0, 0x67, 0x96, 0xfc, 0xb7,
    0xe1, 0xaf, 0x0d, 0x78, 0x33, 0xc1, 0x9e, 0x0c, 0xf0, 0x67, 0x83, 0x3c, 0x19, 0xe0, 0xcf, 0x06,
    0x78, 0x33, 0xc1, 0x9e, 0x0c, 0xf0, 0x67, 0x83, 0x3c, 0x17, 0x10, 0x18, 0x05, 0xb3, 0x56, 0x1a,
    0xf0, 0x67, 0x83, 0x3c, 0x19, 0xe0, 0xcf, 0x06, 0x78, 0x33, 0xc1, 0x9e, 0x0c, 0xf0, 0x67, 0x83,
    0x3c, 0x19, 0xe0, 0xcf, 0x06, 0x78, 0x33, 0xc1, 0x9e, 0x0c, 0xf0, 0x67, 0x40, 0xaa, 0x00, 0xd8,
    0xa2, 0x4b, 0xc3, 0x5e, 0x1a, 0xf2, 0x17, 0x83, 0x3c, 0x19, 0xe0, 0xcf, 0x2d, 0xf9, 0x6f, 0xc3,
    0x5e, 0x1a, 0xf0, 0x67, 0x83, 0x3c, 0x19, 0xe0, 0xcf, 0x06, 0x78, 0x33, 0xc1, 0x9e, 0x0c, 0xf0,
    0x67, 0x83, 0x3c, 0x19, 0xe0, 0xcf, 0x06, 0x78, 0x33, 0xc1, 0x9e, 0x0c, 0xf0, 0x67, 0x83, 0x3c,
    0x19, 0xe0, 0xcf, 0x06, 0x78, 0x33, 0xc1, 0x9e, 0x0c, 0xf0, 0x67, 0x83, 0x3c, 0x19, 0xe0, 0xcf,
    0x06, 0x78, 0x33, 0xc1, 0x9e, 0x0c, 0xf0, 0x67, 0x83, 0x12, 0x05, 0x50, 0x06, 0xc5, 0x12, 0x5e,
    0x1a, 0xf0, 0xd7, 0x90, 0xbc, 0x19, 0xe0, 0xcf, 0x06, 0x79, 0x6f, 0xcb, 0x7e, 0x1a, 0xf0, 0xd7,
    0x83, 0x3c, 0x19, 0xe0, 0xcf, 0x06, 0x78, 0x33, 0xc1, 0x9e, 0x0c, 0xf0, 0x67, 0x83, 0x3c, 0x19,
    0xe0, 0xcf, 0x06, 0x78, 0x33, 0xc1, 0x71, 0x01, 0x80, 0x5b, 0x35, 0x61, 0xaf, 0x06, 0x78, 0x33,
    0xc1, 0x9e, 0x0c, 0xf0, 0x67, 0x83, 0x3c, 0x19, 0xe0, 0xcf, 0x06, 0x78, 0x33, 0xc1, 0x9e, 0x0c,
    0xf0, 0x67, 0x83, 0x3c, 0x19, 0xe0, 0xcf, 0x06, 0x74, 0x0a, 0xa0, 0x0d, 0x8a, 0x24, 0xbc, 0x35,
    0xe1, 0xaf, 0x21, 0x78, 0x33, 0xc1, 0x9e, 0x0c, 0xf2, 0xdf, 0x96, 0xfc, 0x35, 0xe1, 0xaf, 0x06,
    0x78, 0x33, 0xc1, 0x9e, 0x0c, 0xf0, 0x67, 0x83, 0x3c, 0x19, 0xe0, 0xcf, 0x06, 0x78, 0x33, 0xc1,
    0x9e, 0x0c, 0xf0, 0x67, 0x83, 0x3c, 0x19, 0xe0, 0xcf, 0x06, 0x78, 0x33, 0xc1, 0x9e, 0x0c, 0xf0,
    0x67, 0x83, 0x3c, 0x19, 0xe0, 0xcf, 0x06, 0x78, 0x33, 0xc1, 0x9e, 0x0c, 0xf0, 0x67, 0x83, 0x3c,
    0x19, 0xe0, 0xcf, 0x06, 0x78, 0x31, 0x20, 0x55, 0x00, 0x6c, 0x51, 0x25, 0xe1, 0xaf, 0x0d, 0x79,
    0x0b, 0xc1, 0x9e, 0x0c, 0xf0, 0x67, 0x96, 0xfc, 0xb7, 0xe1, 0xaf, 0x0d, 0x78, 0x33, 0xc1, 0x9e,
    0x0c, 0xf0, 0x67, 0x83, 0x3c, 0x19, 0xe0, 0xcf, 0x06, 0x78, 0x33, 0xc1, 0x9e, 0x0c, 0xf0, 0x67,
    0x83, 0x3c, 0x17, 0x10, 0x18, 0x05, 0xb3, 0x56, 0x1a, 0xf0, 0x67, 0x83, 0x3c, 0x19, 0xe0, 0xcf,
    0x06, 0x78, 0x33, 0xc1, 0x9e, 0x0c, 0xf0, 0x67, 0x83, 0x3c, 0x19, 0xe0, 0xcf, 0x06, 0x78, 0x33,
    0xc1, 0x9e, 0x0c, 0xf0, 0x67, 0x40, 0xaa, 0x00, 0xd8, 0xa2, 0x4b, 0xc1, 0xbe, 0x0d, 0xf0, 0x6d,
    0x14, 0x7c, 0x19, 0xe0, 0xcf, 0x35, 0xf9, 0x3f, 0xc1, 0xbe, 0x6b, 0xf2, 0x8f, 0x83, 0x3c, 0x19,
    0xe0, 0xcf, 0x06, 0x78, 0x33, 0xc1, 0x9e, 0x0c, 0xf0, 0x67, 0x83, 0x3c, 0x19, 0xe0, 0xcf, 0x06,
    0x78, 0x33, 0xc1, 0x9e, 0x0c, 0xf0, 0x67, 0x83, 0x3c, 0x19, 0xe0, 0xcf, 0x06, 0x78, 0x33, 0xc1,
    0x9e, 0x0c, 0xf0, 0x67, 0x83, 0x3c, 0x19, 0xe0, 0xcf, 0x06, 0x78, 0x33, 0xc1, 0x9e, 0x0c, 0xf0,
    0x67, 0x83, 0x36, 0x05, 0x50, 0x06, 0xc5, 0x12, 0x5e, 0x1a, 0xf0, 0xd7, 0x90, 0xbc, 0x19, 0xe0,
    0xcf, 0x27, 0x79, 0x3a, 0x8b, 0x9e, 0x28, 0xf0, 0xd7, 0x94, 0x3c, 0x19, 0xe0, 0xcf, 0x06, 0x78,
    0x33, 0xc1, 0x9e, 0x0c, 0xf0, 0x67, 0x83, 0x3c, 0x19, 0xe0, 0xcf, 0x06, 0x78, 0x33, 0xc1, 0x9d,
    0x01, 0x80, 0x5b, 0x35, 0x61, 0xaf, 0x06, 0x78, 0x33, 0xc1, 0x9e, 0x0c, 0xf0, 0x67, 0x83, 0x3c,
    0x19, 0xe0, 0xcf, 0x06, 0x78, 0x33, 0xc1, 0x9e, 0x0c, 0xf0, 0x67, 0x83, 0x3c, 0x19, 0xe0, 0xcf,
    0x06, 0x74, 0x0a, 0xa0, 0x0d, 0x8a, 0x24, 0xbc, 0x1b, 0xe0, 0xdf, 0x06, 0xd1, 0x47, 0xc1, 0x9e,
    0x0c, 0xf3, 0x5f, 0x93, 0xfc, 0x1b, 0xe6, 0xbf, 0x28, 0xf8, 0x33, 0xc1, 0x9e, 0x0c, 0xf0, 0x67,
    0x83, 0x3c, 0x19, 0xe0, 0xcf, 0x06, 0x78, 0x33, 0xc1, 0x9e, 0x0c, 0xf0, 0x67, 0x83, 0x3c, 0x19,
    0xe0, 0xcf, 0x06, 0x78, 0x33, 0xc1, 0x9e, 0x0c, 0xf0, 0x67, 0x83, 0x3c, 0x19, 0xe0, 0xcf, 0x06,
    0x78, 0x33, 0xc1, 0x9e, 0x0c, 0xf0, 0x67, 0x83, 0x3c, 0x19, 0xe0, 0xcf, 0x06, 0x78, 0x33, 0x60,
    0x55, 0x00, 0x6c, 0x51, 0x25, 0xe0, 0xdf, 0x06, 0xf8, 0x36, 0x8a, 0x3e, 0x0c, 0xf0, 0x67, 0x9a,
    0xfc, 0x9f, 0xe0, 0xdf, 0x35, 0xf9, 0x47, 0xc1, 0x9e, 0x0c, 0xf0, 0x67, 0x83, 0x3c, 0x19, 0xe0,
    0xcf, 0x06, 0x78, 0x33, 0xc1, 0x9e, 0x0c, 0xf0, 0x67, 0x83, 0x3c, 0x19, 0xe0, 0x01, 0x80, 0xc0,
    0x2d, 0x9a, 0xb0, 0xd7, 0x83, 0x3c, 0x19, 0xe0, 0xcf, 0x06, 0x78, 0x33, 0xc1, 0x9e, 0x0c, 0xf0,
    0x67, 0x83, 0x3c, 0x19, 0xe0, 0xcf, 0x06, 0x78, 0x33, 0xc1, 0x9e, 0x0c, 0xf0, 0x67, 0x83, 0x3a,
    0x05, 0x50, 0x06, 0xc5, 0x12, 0x5e, 0x0d, 0xf0, 0x6f, 0x83, 0x68, 0xa3, 0xe0, 0xcf, 0x06, 0x79,
    0xaf, 0xc9, 0xfe, 0x0d, 0xf3, 0x5f, 0x94, 0x7c, 0x19, 0xe0, 0xcf, 0x06, 0x78, 0x33, 0xc1, 0x9e,
    0x0c, 0xf0, 0x67, 0x83, 0x3c, 0x19, 0xe0, 0xcf, 0x06, 0x78, 0x33, 0xc1, 0x9e, 0x0c, 0xf0, 0x67,
    0x83, 0x3c, 0x19, 0xe0, 0xcf, 0x06, 0x78, 0x33, 0xc1, 0x9e, 0x0c, 0xf0, 0x67, 0x83, 0x3c, 0x19,
    0xe0, 0xcf, 0x06, 0x78, 0x33, 0xc1, 0x9e, 0x0c, 0xf0, 0x67, 0x83, 0x3c, 0x19, 0xb0, 0x2a, 0x80,
    0x36, 0x28, 0x92, 0xf0, 0xd7, 0x86, 0xac, 0x51, 0xe5, 0x0f, 0x06, 0x78, 0x33, 0xc9, 0xfe, 0x0d,
    0xf0, 0x6f, 0x9a, 0xfc, 0xa3, 0xe0, 0xcf, 0x06, 0x78, 0x33, 0xc1, 0x9e, 0x0c, 0xf0, 0x67, 0x83,
    0x3c, 0x19, 0xe0, 0xcf, 0x06, 0x78, 0x33, 0xc1, 0x9e, 0x0c, 0xf0, 0x67, 0x83, 0x3c, 0x19, 0xe0,
    0xcf, 0x06, 0x78, 0x33, 0xc1, 0x9e, 0x0c, 0xf0, 0x67, 0x83, 0x3c, 0x19, 0xe0, 0xcf, 0x06, 0x78,
    0x33, 0xc1, 0x9e, 0x0c, 0xf0, 0x67, 0x83, 0x3c, 0x18, 0x30, 0x2a, 0x80, 0x36, 0x28, 0x92, 0xf0,
    0x6f, 0x83, 0x7c, 0x1b, 0x45, 0x1f, 0x06, 0x78, 0x33, 0xcd, 0x7e, 0x4f, 0xf0, 0x6f, 0x9a, 0xfc,
    0xa3, 0xe0, 0xcf, 0x06, 0x78, 0x33, 0xc1, 0x9e, 0x0c, 0xf0, 0x67, 0x83, 0x3c, 0x19, 0xe0, 0xcf,
    0x06, 0x78, 0x33, 0xc1, 0x9e, 0x0c, 0xf0, 0x67, 0x83, 0x3c, 0x19, 0xe0, 0xcf, 0x06, 0x78, 0x33,
    0xc1, 0x9e, 0x0c, 0xf0, 0x67, 0x83, 0x3c, 0x19, 0xe0, 0xcf, 0x06, 0x78, 0x33, 0xc1, 0x9e, 0x0c,
    0xf0, 0x67, 0x83, 0x3c, 0x19, 0xe0, 0xcd, 0x81, 0x54, 0x01, 0xb1, 0x44, 0x97, 0x83, 0x7c, 0x1b,
    0xe0, 0xda, 0x28, 0xf8, 0x33, 0xc1, 0x9e, 0x6b, 0xf2, 0x7f, 0x83, 0x7c, 0xd7, 0xe5, 0x1f, 0x06,
    0x78, 0x33, 0xc1, 0x9e, 0x0c, 0xf0, 0x67, 0x83, 0x3c, 0x19, 0xe0, 0xcf, 0x06, 0x78, 0x33, 0xc1,
    0x9e, 0x0c, 0xf0, 0x67, 0x80, 0x06, 0x03, 0x00, 0xb6, 0x6a, 0xc3, 0x5e, 0x0c, 0xf0, 0x67, 0x83,
    0x3c, 0x19, 0xe0, 0xcf, 0x06, 0x78, 0x33, 0xc1, 0x9e, 0x0c, 0xf0, 0x67, 0x83, 0x3c, 0x19, 0xe0,
    0xcf, 0x06, 0x78, 0x33, 0xc1, 0x9e, 0x0c, 0xe8, 0x15, 0x40, 0x1b, 0x14, 0x49, 0x78, 0x37, 0xc1,
    0xbe, 0x0d, 0xa2, 0x8f, 0x83, 0x3c, 0x19, 0xe6, 0xbf, 0x27, 0xf8, 0x37, 0xcd, 0x7e, 0x51, 0xf0,
    0x67, 0x83, 0x3c, 0x19, 0xe0, 0xcf, 0x06, 0x78, 0x33, 0xc1, 0x9e, 0x0c, 0xf0, 0x67, 0x83, 0x3c,
    0x19, 0xe0, 0xcf, 0x06, 0x78, 0x33, 0xc1, 0x9e, 0x0c, 0xf0, 0x67, 0x83, 0x3c, 0x19, 0xe0, 0xcf,
    0x06, 0x78, 0x33, 0xc1, 0x9e, 0x0c, 0xf0, 0x67, 0x83, 0x3c, 0x19, 0xe0, 0xcf, 0x06, 0x78, 0x33,
    0xc1, 0x9e, 0x0c, 0xf0, 0x66, 0xc0, 0xaa, 0x00, 0xd8, 0xa2, 0x4b, 0xc1, 0xbe, 0x0d, 0xf0, 0x6d,
    0x14, 0x7c, 0x19, 0xe0, 0xcf, 0x35, 0xf9, 0x3f, 0xc1, 0xbe, 0x6b, 0xf2, 0x8f, 0x83, 0x3c, 0x19,
    0xe0, 0xcf, 0x06, 0x78, 0x33, 0xc1, 0x9e, 0x0c, 0xf0, 0x67, 0x83, 0x3c, 0x19, 0xe0, 0xcf, 0x06,
    0x78, 0x33, 0xc0, 0x03, 0x01, 0x80, 0x5b, 0x35, 0x61, 0xaf, 0x06, 0x78, 0x33, 0xc1, 0x9e, 0x0c,
    0xf0, 0x67, 0x83, 0x3c, 0x19, 0xe0, 0xcf, 0x06, 0x78, 0x33, 0xc1, 0x9e, 0x0c, 0xf0, 0x67, 0x83,
    0x3c, 0x19, 0xe0, 0xcf, 0x06, 0x74, 0x0a, 0xa0, 0x0d, 0x8a, 0x24, 0xbc, 0x1b, 0xe0, 0xdf, 0x06,
    0xd1, 0x47, 0xc1, 0x9e, 0x0c, 0xf3, 0x5f, 0x93, 0xfc, 0x1b, 0xe6, 0xbf, 0x28, 0xf8, 0x33, 0xc1,
    0x9e, 0x0c, 0xf0, 0x67, 0x83, 0x3c, 0x19, 0xe0, 0xcf, 0x06, 0x78, 0x33, 0xc1, 0x9e, 0x0c, 0xf0,
    0x67, 0x83, 0x3c, 0x19, 0xe0, 0xcf, 0x06, 0x78, 0x33, 0xc1, 0x9e, 0x0c, 0xf0, 0x67, 0x83, 0x3c,
    0x19, 0xe0, 0xcf, 0x06, 0x78, 0x33, 0xc1, 0x9e, 0x0c, 0xf0, 0x67, 0x83, 0x3c, 0x19, 0xe0, 0xcf,
    0x06, 0x78, 0x33, 0x60, 0x55, 0x00, 0x6c, 0x51, 0x25, 0xe0, 0xdf, 0x06, 0xf8, 0x36, 0x8a, 0x3e,
    0x0c, 0xf0, 0x67, 0x9a, 0xfc, 0x9f, 0xe0, 0xdf, 0x35, 0xf9, 0x47, 0xc1, 0x9e, 0x0c, 0xf0, 0x67,
    0x83, 0x3c, 0x19, 0xe0, 0xcf, 0x06, 0x78, 0x33, 0xc1, 0x9e, 0x0c, 0xf0, 0x67, 0x83, 0x3c, 0x19,
    0xe0, 0x01, 0x80, 0xc0, 0x2d, 0x9a, 0xb0, 0xd7, 0x83, 0x3c, 0x19, 0xe0, 0xcf, 0x06, 0x78, 0x33,
    0xc1, 0x9e, 0x0c, 0xf0, 0x67, 0x83, 0x3c, 0x19, 0xe0, 0xcf, 0x06, 0x78, 0x33, 0xc1, 0x9e, 0x0c,
    0xf0, 0x67, 0x83, 0x3a, 0x05, 0x50, 0x06, 0xc5, 0x12, 0x5e, 0x0d, 0xf0, 0x6f, 0x83, 0x68, 0xa3,
    0xe0, 0xcf, 0x06, 0x79, 0xaf, 0xc9, 0xfe, 0x0d, 0xf3, 0x5f, 0x94, 0x7c, 0x19, 0xe0, 0xcf, 0x06,
    0x78, 0x33, 0xc1, 0x9e, 0x0c, 0xf0, 0x67, 0x83, 0x3c, 0x19, 0xe0, 0xcf, 0x06, 0x78, 0x33, 0xc1,
    0x9e, 0x0c, 0xf0, 0x67, 0x83, 0x3c, 0x19, 0xe0, 0xcf, 0x06, 0x78, 0x33, 0xc1, 0x9e, 0x0c, 0xf0,
    0x67, 0x83, 0x3c, 0x19, 0xe0, 0xcf, 0x06, 0x78, 0x33, 0xc1, 0x9e, 0x0c, 0xf0, 0x67, 0x83, 0x3c,
    0x19, 0xb0, 0x2a, 0x80, 0x36, 0x28, 0x92, 0xf0, 0x6f, 0x83, 0x7c, 0x1b, 0x45, 0x1f, 0x06, 0x78,
    0x33, 0xcd, 0x7e, 0x4f, 0xf0, 0x6f, 0x9a, 0xfc, 0xa3, 0xe0, 0xcf, 0x06, 0x78, 0x33, 0xc1, 0x9e,
    0x0c, 0xf0, 0x67, 0x83, 0x3c, 0x19, 0xe0, 0xcf, 0x06, 0x78, 0x33, 0xc1, 0x9e, 0x0c, 0xf0, 0x00,
    0xc0, 0x60, 0x16, 0xcd, 0x58, 0x6b, 0xc1, 0x9e, 0x0c, 0xf0, 0x67, 0x83, 0x3c, 0x19, 0xe0, 0xcf,
    0x06, 0x78, 0x33, 0xc1, 0x9e, 0x0c, 0xf0, 0x67, 0x83, 0x3c, 0x19, 0xe0, 0xcf, 0x06, 0x78, 0x33,
    0xc1, 0x9e, 0x0c, 0xf0, 0x67, 0x83, 0x3c, 0x19, 0xe0, 0xcf, 0x06, 0x78, 0x33, 0xc1, 0x9e, 0x0c,
    0xf0, 0x67, 0x83, 0x3c, 0x19, 0xe0, 0xcf, 0x06, 0x78, 0x33, 0xc1, 0x9e, 0x0c, 0xf0, 0x67, 0x83,
    0x3c, 0x19, 0xe0, 0xcf, 0x06, 0x78, 0x33, 0xc1, 0x9e, 0x0c, 0xf0, 0x67, 0x83, 0x3c, 0x19, 0xe0,
    0xcf, 0x06, 0x78, 0x33, 0xc1, 0x9e, 0x0c, 0xf0, 0x67, 0x83, 0x3c, 0x19, 0xe0, 0xcf, 0x06, 0x78,
    0x33, 0xc1, 0x9e, 0x0c, 0xf0, 0x67, 0x83, 0x3c, 0x19, 0xe0, 0xcf, 0x06, 0x78, 0x33, 0xc1, 0x9e,
    0x0c, 0xf0, 0x67, 0x83, 0x3c, 0x19, 0xe0, 0xcf, 0x06, 0x78, 0x33, 0xc1, 0x9e, 0x0c, 0xf0, 0x67,
    0x83, 0x3c, 0x19, 0xe0, 0xcf, 0x06, 0x78, 0x33, 0xc1, 0x9e, 0x0c, 0xf0, 0x67, 0x83, 0x3c, 0x19,
    0xd0, 0x18, 0x05, 0xb3, 0x56, 0x1a, 0xf0, 0x67, 0x83, 0x3c, 0x19, 0xe0, 0xcf, 0x06, 0x78, 0x33,
    0xc1, 0x9e, 0x0c, 0xf0, 0x67, 0x83, 0x3c, 0x19, 0xe0, 0xcf, 0x06, 0x78, 0x33, 0xc1, 0x9e, 0x0c,
    0xf0, 0x67, 0x83, 0x3c, 0x19, 0xe0, 0xcf, 0x06, 0x78, 0x33, 0xc1, 0x9e, 0x0c, 0xf0, 0x67, 0x83,
    0x3c, 0x19, 0xe0, 0xcf, 0x06, 0x78, 0x33, 0xc1, 0x9e, 0x0c, 0xf0, 0x67, 0x83, 0x3c, 0x19, 0xe0,
    0xcf, 0x06, 0x78, 0x33, 0xc1, 0x9e, 0x0c, 0xf0, 0x67, 0x83, 0x3c, 0x19, 0xe0, 0xcf, 0x06, 0x78,
    0x33, 0xc1, 0x9e, 0x0c, 0xf0, 0x67, 0x83, 0x3c, 0x19, 0xe0, 0xcf, 0x06, 0x78, 0x33, 0xc1, 0x9e,
    0x0c, 0xf0, 0x67, 0x83, 0x3c, 0x19, 0xe0, 0xcf, 0x06, 0x78, 0x33, 0xc1, 0x9e, 0x0c, 0xf0, 0x67,
    0x83, 0x3c, 0x19, 0xe0, 0xcf, 0x06, 0x78, 0x33, 0xc1, 0x9e, 0x0c, 0xf0, 0x67, 0x83, 0x3c, 0x19,
    0xe0, 0xcf, 0x06, 0x78, 0x33, 0xc1, 0x9e, 0x0c, 0xf0, 0x67, 0x83, 0x3c, 0x19, 0xe0, 0xcf, 0x06,
    0x74, 0x06, 0x01, 0x6c, 0xd5, 0x86, 0xbc, 0x19, 0xe0, 0xcf, 0x06, 0x78, 0x33, 0xc1, 0x9e, 0x0c,
    0xf0, 0x67, 0x83, 0x3c, 0x19, 0xe0, 0xcf, 0x06, 0x78, 0x33, 0xc1, 0x9e, 0x0c, 0xf0, 0x67, 0x83,
    0x3c, 0x19, 0xe0, 0xcf, 0x06, 0x78, 0x33, 0xc1, 0x9e, 0x0c, 0xf0, 0x67, 0x83, 0x3c, 0x19, 0xe0,
    0xcf, 0x06, 0x78, 0x33, 0xc1, 0x9e, 0x0c, 0xf0, 0x67, 0x83, 0x3c, 0x19, 0xe0, 0xcf, 0x06, 0x78,
    0x33, 0xc1, 0x9e, 0x0c, 0xf0, 0x67, 0x83, 0x3c, 0x19, 0xe0, 0xcf, 0x06, 0x78, 0x33, 0xc1, 0x9e,
    0x0c, 0xf0, 0x67, 0x83, 0x3c, 0x19, 0xe0, 0xcf, 0x06, 0x78, 0x33, 0xc1, 0x9e, 0x0c, 0xf0, 0x67,
    0x83, 0x3c, 0x19, 0xe0, 0xcf, 0x06, 0x78, 0x33, 0xc1, 0x9e, 0x0c, 0xf0, 0x67, 0x83, 0x3c, 0x19,
    0xe0, 0xcf, 0x06, 0x78, 0x33, 0xc1, 0x9e, 0x0c, 0xf0, 0x67, 0x83, 0x3c, 0x19, 0xe0, 0xcf, 0x06,
    0x78, 0x33, 0xc1, 0x9e, 0x0c, 0xf0, 0x67, 0x83, 0x3c, 0x19, 0xe0, 0xcf, 0x06, 0x78, 0x33, 0xc1,
    0x9d, 0x01, 0x80, 0x5b, 0x35, 0x61, 0xaf, 0x06, 0x78, 0x33, 0xc1, 0x9e, 0x0c, 0xf0, 0x67, 0x83,
    0x3c, 0x19, 0xe0, 0xcf, 0x06, 0x78, 0x33, 0xc1, 0x9e, 0x0c, 0xf0, 0x67, 0x83, 0x3c, 0x19, 0xe0,
    0xcf, 0x06, 0x78, 0x33, 0xc1, 0x9e, 0x0c, 0xf0, 0x67, 0x83, 0x3c, 0x19, 0xe0, 0xcf, 0x06, 0x78,
    0x33, 0xc1, 0x9e, 0x0c, 0xf0, 0x67, 0x83, 0x3c, 0x19, 0xe0, 0xcf, 0x06, 0x78, 0x33, 0xc1, 0x9e,
    0x0c, 0xf0, 0x67, 0x83, 0x3c, 0x19, 0xe0, 0xcf, 0x06, 0x78, 0x33, 0xc1, 0x9e, 0x0c, 0xf0, 0x67,
    0x83, 0x3c, 0x19, 0xe0, 0xcf, 0x06, 0x78, 0x33, 0xc1, 0x9e, 0x0c, 0xf0, 0x67, 0x83, 0x3c, 0x19,
    0xe0, 0xcf, 0x06, 0x78, 0x33, 0xc1, 0x9e, 0x0c, 0xf0, 0x67, 0x83, 0x3c, 0x19, 0xe0, 0xcf, 0x06,
    0x78, 0x33, 0xc1, 0x9e, 0x0c, 0xf0, 0x67, 0x83, 0x3c, 0x19, 0xe0, 0xcf, 0x06, 0x78, 0x33, 0xc1,
    0x9e, 0x0c, 0xf0, 0x67, 0x83, 0x3c, 0x19, 0xe0, 0xcf, 0x06, 0x78, 0x33, 0xc1, 0x9e, 0x0c, 0xf0,
    0x67, 0x40, 0x60, 0x16, 0xcd, 0x58, 0x6b, 0xc1, 0x9e, 0x0c, 0xf0, 0x67, 0x83, 0x3c, 0x19, 0xe0,
    0xcf, 0x06, 0x78, 0x33, 0xc1, 0x9e, 0x0c, 0xf0, 0x67, 0x83, 0x3c, 0x19, 0xe0, 0xcf, 0x06, 0x78,
    0x33, 0xc1, 0x9e, 0x0c, 0xf0, 0x67, 0x83, 0x3c, 0x19, 0xe0, 0xcf, 0x06, 0x78, 0x33, 0xc1, 0x9e,
    0x0c, 0xf0, 0x67, 0x83, 0x3c, 0x19, 0xe0, 0xcf, 0x06, 0x78, 0x33, 0xc1, 0x9e, 0x0c, 0xf0, 0x67,
    0x83, 0x3c, 0x19, 0xe0, 0xcf, 0x06, 0x78, 0x33, 0xc1, 0x9e, 0x0c, 0xf0, 0x67, 0x83, 0x3c, 0x19,
    0xe0, 0xcf, 0x06, 0x78, 0x33, 0xc1, 0x9e, 0x0c, 0xf0, 0x67, 0x83, 0x3c, 0x19, 0xe0, 0xcf, 0x06,
    0x78, 0x33, 0xc1, 0x9e, 0x0c, 0xf0, 0x67, 0x83, 0x3c, 0x19, 0xe0, 0xcf, 0x06, 0x78, 0x33, 0xc1,
    0x9e, 0x0c, 0xf0, 0x67, 0x83, 0x3c, 0x19, 0xe0, 0xcf, 0x06, 0x78, 0x33, 0xc1, 0x9e, 0x0c, 0xf0,
    0x67, 0x83, 0x3c, 0x19, 0xe0, 0xcf, 0x06, 0x78, 0x33, 0xc1, 0x9e, 0x0c, 0xf0, 0x67, 0x83, 0x3c,
    0x19, 0xe0, 0xcf, 0x06, 0x78, 0x33, 0xc1, 0x9e, 0x0c, 0xf0, 0x67, 0x83, 0x3c, 0x19, 0xe0, 0xcf,
    0x06, 0x78, 0x33, 0xc1, 0x9e, 0x0c, 0xf0, 0x67, 0x83, 0x3c, 0x19, 0xe0, 0xcf, 0x06, 0x78, 0x33,
    0xc1, 0x9e, 0x0c, 0xf0, 0x67, 0x83, 0x3c, 0x19, 0xe0, 0xcf, 0x06, 0x78, 0x33, 0xc1, 0x9e, 0x0c,
    0xf0, 0x67, 0x83, 0x3c, 0x19, 0xe0, 0xcf, 0x06, 0x78, 0x33, 0xc1, 0x9e, 0x0c, 0xf0, 0x67, 0x83,
    0x3c, 0x19, 0xe0, 0xcf, 0x06, 0x78, 0x33, 0xc1, 0x9e, 0x0c, 0xf0, 0x67, 0x83, 0x3c, 0x19, 0xe0,
    0xcf, 0x06, 0x78, 0x33, 0xc1, 0x9e, 0x0c, 0xf0, 0x67, 0x83, 0x3c, 0x19, 0xe0, 0xcf, 0x06, 0x78,
    0x33, 0xc1, 0x9e, 0x0c, 0xf0, 0x67, 0x83, 0x3c, 0x19, 0xe0, 0xcf, 0x06, 0x78, 0x33, 0xc1, 0x9e,
    0x0c, 0xf0, 0x67, 0x83, 0x3c, 0x19, 0xe0, 0xcf, 0x06, 0x78, 0x33, 0xc1, 0x9e, 0x0c, 0xf0, 0x67,
    0x83, 0x3c, 0x19, 0xe0, 0xcf, 0x06, 0x78, 0x33, 0xc1, 0x9e, 0x0c, 0xf0, 0x67, 0xc0, 0x20, 0x30,
    0x0b, 0x66, 0xac, 0x35, 0xe0, 0xcf, 0x06, 0x78, 0x33, 0xc1, 0x9e, 0x0c, 0xf0, 0x67, 0x83, 0x3c,
    0x19, 0xe0, 0xcf, 0x06, 0x78, 0x33, 0xc1, 0x9e, 0x0c, 0xf0, 0x67, 0x83, 0x3c, 0x19, 0xe0, 0xcf,
    0x06, 0x78, 0x33, 0xc1, 0x9e, 0x0c, 0xf0, 0x67, 0x83, 0x3c, 0x19, 0xe0, 0xcf, 0x06, 0x78, 0x33,
    0xc1, 0x9e, 0x0c, 0xf0, 0x67, 0x83, 0x3c, 0x19, 0xe0, 0xcf, 0x06, 0x78, 0x33, 0xc1, 0x9e, 0x0c,
    0xf0, 0x67, 0x83, 0x3c, 0x19, 0xe0, 0xcf, 0x06, 0x78, 0x33, 0xc1, 0x9e, 0x0c, 0xf0, 0x67, 0x83,
    0x3c, 0x19, 0xe0, 0xcf, 0x06, 0x78, 0x33, 0xc1, 0x9e, 0x0c, 0xf0, 0x67, 0x83, 0x3c, 0x19, 0xe0,
    0xcf, 0x06, 0x78, 0x33, 0xc1, 0x9e, 0x0c, 0xf0, 0x67, 0x83, 0x3c, 0x19, 0xe0, 0xcf, 0x06, 0x78,
    0x33, 0xc1, 0x9e, 0x0c, 0xf0, 0x67, 0x83, 0x3c, 0x19, 0xe0, 0xcf, 0x06, 0x78, 0x33, 0xc1, 0x9e,
    0x0c, 0xf0, 0x67, 0x83, 0x3c, 0x19, 0xe0, 0xcf, 0x06, 0x78, 0x33, 0xc1, 0x9e, 0x0c, 0xe8, 0x0c,
    0x02, 0xd9, 0xab, 0x0d, 0x78, 0x33, 0xc1, 0x9e, 0x0c, 0xf0, 0x67, 0x83, 0x3c, 0x19, 0xe0, 0xcf,
    0x06, 0x78, 0x33, 0xc1, 0x9e, 0x0c, 0xf0, 0x67, 0x83, 0x3c, 0x19, 0xe0, 0xcf, 0x06, 0x78, 0x33,
    0xc1, 0x9e, 0x0c, 0xf0, 0x67, 0x83, 0x3c, 0x19, 0xe0, 0xcf, 0x06, 0x78, 0x33, 0xc1, 0x9e, 0x0c,
    0xf0, 0x67, 0x83, 0x3c, 0x19, 0xe0, 0xcf, 0x06, 0x78, 0x33, 0xc1, 0x9e, 0x0c, 0xf0, 0x67, 0x83,
    0x3c, 0x19, 0xe0, 0xcf, 0x06, 0x78, 0x33, 0xc1, 0x9e, 0x0c, 0xf0, 0x67, 0x83, 0x3c, 0x19, 0xe0,
    0xcf, 0x06, 0x78, 0x33, 0xc1, 0x9e, 0x0c, 0xf0, 0x67, 0x83, 0x3c, 0x19, 0xe0, 0xcf, 0x06, 0x78,
    0x33, 0xc1, 0x9e, 0x0c, 0xf0, 0x67, 0x83, 0x3c, 0x19, 0xe0, 0xcf, 0x06, 0x78, 0x33, 0xc1, 0x9e,
    0x0c, 0xf0, 0x67, 0x83, 0x3c, 0x19, 0xe0, 0xcf, 0x06, 0x78, 0x33, 0xc1, 0x9e, 0x0c, 0xf0, 0x67,
    0x83, 0x3c, 0x19, 0xe0, 0xcf, 0x06, 0x78, 0x33, 0xc1, 0x9e, 0x0c, 0xf0, 0x67, 0x83, 0x3a, 0x03,
    0x00, 0xb6, 0x6a, 0xc3, 0x5e, 0x0c, 0xf0, 0x67, 0x83, 0x3c, 0x19, 0xe0, 0xcf, 0x06, 0x78, 0x33,
    0xc1, 0x9e, 0x0c, 0xf0, 0x67, 0x83, 0x3c, 0x19, 0xe0, 0xcf, 0x06, 0x78, 0x33, 0xc1, 0x9e, 0x0c,
    0xf0, 0x67, 0x83, 0x3c, 0x19, 0xe0, 0xcf, 0x06, 0x78, 0x33, 0xc1, 0x9e, 0x0c, 0xf0, 0x67, 0x83,
    0x3c, 0x19, 0xe0, 0xcf, 0x06, 0x78, 0x33, 0xc1, 0x9e, 0x0c, 0xf0, 0x67, 0x83, 0x3c, 0x19, 0xe0,
    0xcf, 0x06, 0x78, 0x33, 0xc1, 0x9e, 0x0c, 0xf0, 0x67, 0x83, 0x3c, 0x19, 0xe0, 0xcf, 0x06, 0x78,
    0x33, 0xc1, 0x9e, 0x0c, 0xf0, 0x67, 0x83, 0x3c, 0x19, 0xe0, 0xcf, 0x06, 0x78, 0x33, 0xc1, 0x9e,
    0x0c, 0xf0, 0x67, 0x83, 0x3c, 0x19, 0xe0, 0xcf, 0x06, 0x78, 0x33, 0xc1, 0x9e, 0x0c, 0xf0, 0x67,
    0x83, 0x3c, 0x19, 0xe0, 0xcf, 0x06, 0x78, 0x33, 0xc1, 0x9e, 0x0c, 0xf0, 0x67, 0x83, 0x3c, 0x19,
    0xe0, 0xcf, 0x06, 0x78, 0x33, 0xc1, 0x9e, 0x0c, 0xf0, 0x67, 0x83, 0x3c, 0x19, 0xe0, 0xce, 0x80,
    0xc0, 0x2d, 0x9a, 0xb0, 0xd7, 0x83, 0x3c, 0x19, 0xe0, 0xcf, 0x06, 0x78, 0x33, 0xc1, 0x9e, 0x0c,
    0xf0, 0x67, 0x83, 0x3c, 0x19, 0xe0, 0xcf, 0x06, 0x78, 0x33, 0xc1, 0x9e, 0x0c, 0xf0, 0x67, 0x83,
    0x3c, 0x19, 0xe0, 0xcf, 0x06, 0x78, 0x33, 0xc1, 0x9e, 0x0c, 0xf0, 0x67, 0x83, 0x3c, 0x19, 0xe0,
    0xcf, 0x06, 0x78, 0x33, 0xc1, 0x9e, 0x0c, 0xf0, 0x67, 0x83, 0x3c, 0x19, 0xe0, 0xcf, 0x06, 0x78,
    0x33, 0xc1, 0x9e, 0x0c, 0xf0, 0x67, 0x83, 0x3c, 0x19, 0xe0, 0xcf, 0x06, 0x78, 0x33, 0xc1, 0x9e,
    0x0c, 0xf0, 0x67, 0x83, 0x3c, 0x19, 0xe0, 0xcf, 0x06, 0x78, 0x33, 0xc1, 0x9e, 0x0c, 0xf0, 0x67,
    0x83, 0x3c, 0x19, 0xe0, 0xcf, 0x06, 0x78, 0x33, 0xc1, 0x9e, 0x0c, 0xf0, 0x67, 0x83, 0x3c, 0x19,
    0xe0, 0xcf, 0x06, 0x78, 0x33, 0xc1, 0x9e, 0x0c, 0xf0, 0x67, 0x83, 0x3c, 0x19, 0xe0, 0xcf, 0x06,
    0x78, 0x33, 0xc1, 0x9e, 0x0c, 0xf0, 0x67, 0x83, 0x3c, 0x19, 0xe0, 0xcf, 0x06, 0x78, 0x33, 0xc1,
    0x9e, 0x0c, 0xf0, 0x67, 0x83, 0x3c, 0x19, 0xe0, 0xcf, 0x06, 0x78, 0x33, 0xc1, 0x9e, 0x0c, 0xf0,
    0x67, 0x83, 0x3c, 0x19, 0xe0, 0xcf, 0x06, 0x78, 0x33, 0xc1, 0x9e, 0x0c, 0xf0, 0x67, 0x83, 0x3c,
    0x19, 0xe0, 0xcf, 0x06, 0x78, 0x33, 0xc1, 0x9e, 0x0c, 0xf0, 0x67, 0x83, 0x3c, 0x19, 0xe0, 0xcf,
    0x06, 0x78, 0x33, 0xc1, 0x9e, 0x0c, 0xf0, 0x67, 0x83, 0x3c, 0x19, 0xe0, 0xcf, 0x06, 0x78, 0x33,
    0xc1, 0x9e, 0x0c, 0xf0, 0x67, 0x83, 0x3c, 0x19, 0xe0, 0xcf, 0x06, 0x78, 0x33, 0xc1, 0x9e, 0x0c,
    0xf0, 0x67, 0x83, 0x3c, 0x19, 0xe0, 0xcf, 0x06, 0x78, 0x33, 0xc1, 0x9e, 0x0c, 0xf0, 0x67, 0x83,
    0x3c, 0x19, 0xe0, 0xcf, 0x06, 0x78, 0x33, 0xc1, 0x9e, 0x0c, 0xf0, 0x67, 0x83, 0x3c, 0x19, 0xe0,
    0xcf, 0x06, 0x78, 0x33, 0xc1, 0x9e, 0x0c, 0xf0, 0x67, 0x83, 0x3c, 0x19, 0xe0, 0xcf, 0x06, 0x78,
    0x33, 0xc1, 0x9e, 0x0c, 0xf0, 0x67, 0x83, 0x3c, 0x19, 0xe0, 0xcf, 0x06, 0x78, 0x33, 0xc1, 0x9e,
    0x0c, 0xf0, 0x67, 0x83, 0x3c, 0x19, 0xe0, 0xcf, 0x06, 0x78, 0x33, 0xc1, 0x9e, 0x0c, 0xf0, 0x67,
    0x83, 0x3c, 0x19, 0xe0, 0xcf, 0x06, 0x78, 0x33, 0xc1, 0x9e, 0x0c, 0xf0, 0x67, 0x83, 0x3c, 0x19,
    0xe0, 0xcf, 0x06, 0x78, 0x33, 0xc1, 0x9e, 0x0c, 0xf0, 0x67, 0x83, 0x3c, 0x19, 0xe0, 0xcf, 0x06,
    0x78, 0x33, 0xc1, 0x9e, 0x0c, 0xf0, 0x67, 0x83, 0x3c, 0x19, 0xe0, 0xcf, 0x06, 0x78, 0x33, 0xc1,
    0x9e, 0x0c, 0xf0, 0x67, 0x83, 0x3c, 0x19, 0xe0, 0xcf, 0x06, 0x78, 0x33, 0xc1, 0x9e, 0x0c, 0xf0,
    0x67, 0x83, 0x3c, 0x19, 0xe0, 0xcf, 0x06, 0x78, 0x33, 0xc1, 0x9e, 0x0c, 0xf0, 0x67, 0x83, 0x3c,
    0x19, 0xe0, 0xcf, 0x06, 0x78, 0x33, 0xc1, 0x9e, 0x0c, 0xf0, 0x67, 0x83, 0x3c, 0x19, 0xe0, 0xcf,
    0x06, 0x78, 0x33, 0xc1, 0x9e, 0x0c, 0xf0, 0x67, 0x83, 0x3c, 0x19, 0xe0, 0xcf, 0x06, 0x78, 0x33,
    0xc1, 0x9e, 0x0c, 0xf0, 0x67, 0x83, 0x3c, 0x00, 0x50, 0x18, 0x05, 0xb3, 0x56, 0x1a, 0xf0, 0x67,
    0x83, 0x3c, 0x19, 0xe0, 0xcf, 0x06, 0x78, 0x33, 0xc1, 0x9e, 0x0c, 0xf0, 0x67, 0x83, 0x3c, 0x19,
    0xe0, 0xcf, 0x06, 0x78, 0x33, 0xc1, 0x9e, 0x0c, 0xf0, 0x67, 0x83, 0x3c, 0x19, 0xe0, 0xcf, 0x06,
    0x78, 0x33, 0xc1, 0x9e, 0x0c, 0xf0, 0x67, 0x83, 0x3c, 0x19, 0xe0, 0xcf, 0x06, 0x78, 0x33, 0xc1,
    0x9e, 0x0c, 0xf0, 0x67, 0x83, 0x3c, 0x19, 0xe0, 0xcf, 0x06, 0x78, 0x33, 0xc1, 0x9e, 0x0c, 0xf0,
    0x67, 0x83, 0x3c, 0x19, 0xe0, 0xcf, 0x06, 0x78, 0x33, 0xc1, 0x9e, 0x0c, 0xf0, 0x67, 0x83, 0x3c,
    0x19, 0xe0, 0xcf, 0x06, 0x78, 0x33, 0xc1, 0x9e, 0x0c, 0xf0, 0x67, 0x83, 0x3c, 0x19, 0xe0, 0xcf,
    0x06, 0x78, 0x33, 0xc1, 0x9e, 0x0c, 0xf0, 0x67, 0x83, 0x3c, 0x19, 0xe0, 0xcf, 0x06, 0x78, 0x33,
    0xc1, 0x9e, 0x0c, 0xf0, 0x67, 0x83, 0x3c, 0x19, 0xe0, 0xcf, 0x06, 0x78, 0x33, 0xc1, 0x9e, 0x0c,
    0xf0, 0x67, 0x83, 0x3c, 0x19, 0xe0, 0xcf, 0x06, 0x74, 0x06, 0x01, 0x6c, 0xd5, 0x86, 0xbc, 0x19,
    0xe0, 0xcf, 0x06, 0x78, 0x33, 0xc1, 0x9e, 0x0c, 0xf0, 0x67, 0x83, 0x3c, 0x19, 0xe0, 0xcf, 0x06,
    0x78, 0x33, 0xc1, 0x9e, 0x0c, 0xf0, 0x67, 0x83, 0x3c, 0x19, 0xe0, 0xcf, 0x06, 0x78, 0x33, 0xc1,
    0x9e, 0x0c, 0xf0, 0x67, 0x83, 0x3c, 0x19, 0xe0, 0xcf, 0x06, 0x78, 0x33, 0xc1, 0x9e, 0x0c, 0xf0,
    0x67, 0x83, 0x3c, 0x19, 0xe0, 0xcf, 0x06, 0x78, 0x33, 0xc1, 0x9e, 0x0c, 0xf0, 0x67, 0x83, 0x3c,
    0x19, 0xe0, 0xcf, 0x06, 0x78, 0x33, 0xc1, 0x9e, 0x0c, 0xf0, 0x67, 0x83, 0x3c, 0x19, 0xe0, 0xcf,
    0x06, 0x78, 0x33, 0xc1, 0x9e, 0x0c, 0xf0, 0x67, 0x83, 0x3c, 0x19, 0xe0, 0xcf, 0x06, 0x78, 0x33,
    0xc1, 0x9e, 0x0c, 0xf0, 0x67, 0x83, 0x3c, 0x19, 0xe0, 0xcf, 0x06, 0x78, 0x33, 0xc1, 0x9e, 0x0c,
    0xf0, 0x67, 0x83, 0x3c, 0x19, 0xe0, 0xcf, 0x06, 0x78, 0x33, 0xc1, 0x9e, 0x0c, 0xf0, 0x67, 0x83,
    0x3c, 0x19, 0xe0, 0xcf, 0x06, 0x78, 0x33, 0xc1, 0x9d, 0x01, 0x80, 0x5b, 0x35, 0x61, 0xaf, 0x06,
    0x78, 0x33, 0xc1, 0x9e, 0x0c, 0xf0, 0x67, 0x83, 0x3c, 0x19, 0xe0, 0xcf, 0x06, 0x78, 0x33, 0xc1,
    0x9e, 0x0c, 0xf0, 0x67, 0x83, 0x3c, 0x19, 0xe0, 0xcf, 0x06, 0x78, 0x33, 0xc1, 0x9e, 0x0c, 0xf0,
    0x67, 0x83, 0x3c, 0x19, 0xe0, 0xcf, 0x06, 0x78, 0x33, 0xc1, 0x9e, 0x0c, 0xf0, 0x67, 0x83, 0x3c,
    0x19, 0xe0, 0xcf, 0x06, 0x78, 0x33, 0xc1, 0x9e, 0x0c, 0xf0, 0x67, 0x83, 0x3c, 0x19, 0xe0, 0xcf,
    0x06, 0x78, 0x33, 0xc1, 0x9e, 0x0c, 0xf0, 0x67, 0x83, 0x3c, 0x19, 0xe0, 0xcf, 0x06, 0x78, 0x33,
    0xc1, 0x9e, 0x0c, 0xf0, 0x67, 0x83, 0x3c, 0x19, 0xe0, 0xcf, 0x06, 0x78, 0x33, 0xc1, 0x9e, 0x0c,
    0xf0, 0x67, 0x83, 0x3c, 0x19, 0xe0, 0xcf, 0x06, 0x78, 0x33, 0xc1, 0x9e, 0x0c, 0xf0, 0x67, 0x83,
    0x3c, 0x19, 0xe0, 0xcf, 0x06, 0x78, 0x33, 0xc1, 0x9e, 0x0c, 0xf0, 0x67, 0x83, 0x3c, 0x19, 0xe0,
    0xcf, 0x06, 0x78, 0x33, 0xc1, 0x9e, 0x0c, 0xf0, 0x67, 0x40, 0x60, 0x16, 0xcd, 0x58, 0x6b, 0xc1,
    0x9e, 0x0c, 0xf0, 0x67, 0x83, 0x3c, 0x19, 0xe0, 0xcf, 0x06, 0x78, 0x33, 0xc1, 0x9e, 0x0c, 0xf0,
    0x67, 0x83, 0x3c, 0x19, 0xe0, 0xcf, 0x06, 0x78, 0x33, 0xc1, 0x9e, 0x0c, 0xf0, 0x67, 0x83, 0x3c,
    0x19, 0xe0, 0xcf, 0x06, 0x78, 0x33, 0xc1, 0x9e, 0x0c, 0xf0, 0x67, 0x83, 0x3c, 0x19, 0xe0, 0xcf,
    0x06, 0x78, 0x33, 0xc1, 0x9e, 0x0c, 0xf0, 0x67, 0x83, 0x3c, 0x19, 0xe0, 0xcf, 0x06, 0x78, 0x33,
    0xc1, 0x9e, 0x0c, 0xf0, 0x67, 0x83, 0x3c, 0x19, 0xe0, 0xcf, 0x06, 0x78, 0x33, 0xc1, 0x9e, 0x0c,
    0xf0, 0x67, 0x83, 0x3c, 0x19, 0xe0, 0xcf, 0x06, 0x78, 0x33, 0xc1, 0x9e, 0x0c, 0xf0, 0x67, 0x83,
    0x3c, 0x19, 0xe0, 0xcf, 0x06, 0x78, 0x33, 0xc1, 0x9e, 0x0c, 0xf0, 0x67, 0x83, 0x3c, 0x19, 0xe0,
    0xcf, 0x06, 0x78, 0x33, 0xc1, 0x9e, 0x0c, 0xf0, 0x67, 0x83, 0x3c, 0x19, 0xe0, 0xcf, 0x06, 0x78,
    0x33, 0xc1, 0x9e, 0x0c, 0xf0, 0x67, 0x83, 0x3c, 0x19, 0xe0, 0xcf, 0x06, 0x78, 0x33, 0xc1, 0x9e,
    0x0c, 0xf0, 0x67, 0x83, 0x3c, 0x19, 0xe0, 0xcf, 0x06, 0x78, 0x33, 0xc1, 0x9e, 0x0c, 0xf0, 0x67,
    0x83, 0x3c, 0x19, 0xe0, 0xcf, 0x06, 0x78, 0x33, 0xc1, 0x9e, 0x0c, 0xf0, 0x67, 0x83, 0x3c, 0x19,
    0xe0, 0xcf, 0x06, 0x78, 0x33, 0xc1, 0x9e, 0x0c, 0xf0, 0x67, 0x83, 0x3c, 0x19, 0xe0, 0xcf, 0x06,
    0x78, 0x33, 0xc1, 0x9e, 0x0c, 0xf0, 0x67, 0x83, 0x3c, 0x19, 0xe0, 0xcf, 0x06, 0x78, 0x33, 0xc1,
    0x9e, 0x0c, 0xf0, 0x67, 0x83, 0x3c, 0x19, 0xe0, 0xcf, 0x06, 0x78, 0x33, 0xc1, 0x9e, 0x0c, 0xf0,
    0x67, 0x83, 0x3c, 0x19, 0xe0, 0xcf, 0x06, 0x78, 0x33, 0xc1, 0x9e, 0x0c, 0xf0, 0x67, 0x83, 0x3c,
    0x19, 0xe0, 0xcf, 0x06, 0x78, 0x33, 0xc1, 0x9e, 0x0c, 0xf0, 0x67, 0x83, 0x3c, 0x19, 0xe0, 0xcf,
    0x06, 0x78, 0x33, 0xc1, 0x9e, 0x0c, 0xf0, 0x67, 0x83, 0x3c, 0x19, 0xe0, 0xcf, 0x06, 0x78, 0x33,
    0xc1, 0x9e, 0x0c, 0xf0, 0x67, 0xc0, 0x20, 0x30, 0x0b, 0x66, 0xac, 0x35, 0xe0, 0xcf, 0x06, 0x78,
    0x33, 0xc1, 0x9e, 0x0c, 0xf0, 0x67, 0x83, 0x3c, 0x19, 0xe0, 0xcf, 0x06, 0x78, 0x33, 0xc1, 0x9e,
    0x0c, 0xf0, 0x67, 0x83, 0x3c, 0x19, 0xe0, 0xcf, 0x06, 0x78, 0x33, 0xc1, 0x9e, 0x0c, 0xf0, 0x67,
    0x83, 0x3c, 0x19, 0xe0, 0xcf, 0x06, 0x78, 0x33, 0xc1, 0x9e, 0x0c, 0xf0, 0x67, 0x83, 0x3c, 0x19,
    0xe0, 0xcf, 0x06, 0x78, 0x33, 0xc1, 0x9e, 0x0c, 0xf0, 0x67, 0x83, 0x3c, 0x19, 0xe0, 0xcf, 0x06,
    0x78, 0x33, 0xc1, 0x9e, 0x0c, 0xf0, 0x67, 0x83, 0x3c, 0x19, 0xe0, 0xcf, 0x06, 0x78, 0x33, 0xc1,
    0x9e, 0x0c, 0xf0, 0x67, 0x83, 0x3c, 0x19, 0xe0, 0xcf, 0x06, 0x78, 0x33, 0xc1, 0x9e, 0x0c, 0xf0,
    0x67, 0x83, 0x3c, 0x19, 0xe0, 0xcf, 0x06, 0x78, 0x33, 0xc1, 0x9e, 0x0c, 0xf0, 0x67, 0x83, 0x3c,
    0x19, 0xe0, 0xcf, 0x06, 0x78, 0x33, 0xc1, 0x9e, 0x0c, 0xf0, 0x67, 0x83, 0x3c, 0x19, 0xe0, 0xcf,
    0x06, 0x78, 0x33, 0xc1, 0x9e, 0x0c, 0xe8, 0x0c, 0x02, 0xd9, 0xab, 0x0d, 0x78, 0x33, 0xc1, 0x9e,
    0x0c, 0xf0, 0x67, 0x83, 0x3c, 0x19, 0xe0, 0xcf, 0x06, 0x78, 0x33, 0xc1, 0x9e, 0x0c, 0xf0, 0x67,
    0x83, 0x3c, 0x19, 0xe0, 0xcf, 0x06, 0x78, 0x33, 0xc1, 0x9e, 0x0c, 0xf0, 0x67, 0x83, 0x3c, 0x19,
    0xe0, 0xcf, 0x06, 0x78, 0x33, 0xc1, 0x9e, 0x0c, 0xf0, 0x67, 0x83, 0x3c, 0x19, 0xe0, 0xcf, 0x06,
    0x78, 0x33, 0xc1, 0x9e, 0x0c, 0xf0, 0x67, 0x83, 0x3c, 0x19, 0xe0, 0xcf, 0x06, 0x78, 0x33, 0xc1,
    0x9e, 0x0c, 0xf0, 0x67, 0x83, 0x3c, 0x19, 0xe0, 0xcf, 0x06, 0x78, 0x33, 0xc1, 0x9e, 0x0c, 0xf0,
    0x67, 0x83, 0x3c, 0x19, 0xe0, 0xcf, 0x06, 0x78, 0x33, 0xc1, 0x9e, 0x0c, 0xf0, 0x67, 0x83, 0x3c,
    0x19, 0xe0, 0xcf, 0x06, 0x78, 0x33, 0xc1, 0x9e, 0x0c, 0xf0, 0x67, 0x83, 0x3c, 0x19, 0xe0, 0xcf,
    0x06, 0x78, 0x33, 0xc1, 0x9e, 0x0c, 0xf0, 0x67, 0x83, 0x3c, 0x19, 0xe0, 0xcf, 0x06, 0x78, 0x33,
    0xc1, 0x9e, 0x0c, 0xf0, 0x67, 0x83, 0x3a, 0x03, 0x00, 0xb6, 0x6a, 0xc3, 0x5e, 0x0c, 0xf0, 0x67,
    0x83, 0x3c, 0x19, 0xe0, 0xcf, 0x06, 0x78, 0x33, 0xc1, 0x9e, 0x0c, 0xf0, 0x67, 0x83, 0x3c, 0x19,
    0xe0, 0xcf, 0x06, 0x78, 0x33, 0xc1, 0x9e, 0x0c, 0xf0, 0x67, 0x83, 0x3c, 0x19, 0xe0, 0xcf, 0x06,
    0x78, 0x33, 0xc1, 0x9e, 0x0c, 0xf0, 0x67, 0x83, 0x3c, 0x19, 0xe0, 0xcf, 0x06, 0x78, 0x33, 0xc1,
    0x9e, 0x0c, 0xf0, 0x67, 0x83, 0x3c, 0x19, 0xe0, 0xcf, 0x06, 0x78, 0x33, 0xc1, 0x9e, 0x0c, 0xf0,
    0x67, 0x83, 0x3c, 0x19, 0xe0, 0xcf, 0x06, 0x78, 0x33, 0xc1, 0x9e, 0x0c, 0xf0, 0x67, 0x83, 0x3c,
    0x19, 0xe0, 0xcf, 0x06, 0x78, 0x33, 0xc1, 0x9e, 0x0c, 0xf0, 0x67, 0x83, 0x3c, 0x19, 0xe0, 0xcf,
    0x06, 0x78, 0x33, 0xc1, 0x9e, 0x0c, 0xf0, 0x67, 0x83, 0x3c, 0x19, 0xe0, 0xcf, 0x06, 0x78, 0x33,
    0xc1, 0x9e, 0x0c, 0xf0, 0x67, 0x83, 0x3c, 0x19, 0xe0, 0xcf, 0x06, 0x78, 0x33, 0xc1, 0x9e, 0x0c,
    0xf0, 0x67, 0x83, 0x3c, 0x19, 0xe0, 0xce, 0x80, 0xc0, 0x2d, 0x9a, 0xb0, 0xd7, 0x83, 0x3c, 0x19,
    0xe0, 0xcf, 0x06, 0x78, 0x33, 0xc1, 0x9e, 0x0c, 0xf0, 0x67, 0x83, 0x3c, 0x19, 0xe0, 0xcf, 0x06,
    0x78, 0x33, 0xc1, 0x9e, 0x0c, 0xf0, 0x67, 0x83, 0x3c, 0x19, 0xe0, 0xcf, 0x06, 0x78, 0x33, 0xc1,
    0x9e, 0x0c, 0xf0, 0x67, 0x83, 0x3c, 0x19, 0xe0, 0xcf, 0x06, 0x78, 0x33, 0xc1, 0x9e, 0x0c, 0xf0,
    0x67, 0x83, 0x3c, 0x19, 0xe0, 0xcf, 0x06, 0x78, 0x33, 0xc1, 0x9e, 0x0c, 0xf0, 0x67, 0x83, 0x3c,
    0x19, 0xe0, 0xcf, 0x06, 0x78, 0x33, 0xc1, 0x9e, 0x0c, 0xf0, 0x67, 0x83, 0x3c, 0x19, 0xe0, 0xcf,
    0x06, 0x78, 0x33, 0xc1, 0x9e, 0x0c, 0xf0, 0x67, 0x83, 0x3c, 0x19, 0xe0, 0xcf, 0x06, 0x78, 0x33,
    0xc1, 0x9e, 0x0c, 0xf0, 0x67, 0x83, 0x3c, 0x19, 0xe0, 0xcf, 0x06, 0x78, 0x33, 0xc1, 0x9e, 0x0c,
    0xf0, 0x67, 0x83, 0x3c, 0x19, 0xe0, 0xcf, 0x06, 0x78, 0x33, 0xc1, 0x9e, 0x0c, 0xf0, 0x67, 0x83,
    0x3c, 0x19, 0xe0, 0xcf, 0x06, 0x78, 0x33, 0xa0, 0x30, 0x0b, 0x66, 0xac, 0x35, 0xe0, 0xcf, 0x06,
    0x78, 0x33, 0xc1, 0x9e, 0x0c, 0xf0, 0x67, 0x83, 0x3c, 0x19, 0xe0, 0xcf, 0x06, 0x78, 0x33, 0xc1,
    0x9e, 0x0c, 0xf0, 0x67, 0x83, 0x3c, 0x19, 0xe0, 0xcf, 0x06, 0x78, 0x33, 0xc1, 0x9e, 0x0c, 0xf0,
    0x67, 0x83, 0x3c, 0x19, 0xe0, 0xcf, 0x06, 0x78, 0x33, 0xc1, 0x9e, 0x0c, 0xf0, 0x67, 0x83, 0x3c,
    0x19, 0xe0, 0xcf, 0x06, 0x78, 0x33, 0xc1, 0x9e, 0x0c, 0xf0, 0x67, 0x83, 0x3c, 0x19, 0xe0, 0xcf,
    0x06, 0x78, 0x33, 0xc1, 0x9e, 0x0c, 0xf0, 0x67, 0x83, 0x3c, 0x19, 0xe0, 0xcf, 0x06, 0x78, 0x33,
    0xc1, 0x9e, 0x0c, 0xf0, 0x67, 0x83, 0x3c, 0x19, 0xe0, 0xcf, 0x06, 0x78, 0x33, 0xc1, 0x9e, 0x0c,
    0xf0, 0x67, 0x83, 0x3c, 0x19, 0xe0, 0xcf, 0x06, 0x78, 0x33, 0xc1, 0x9e, 0x0c, 0xf0, 0x67, 0x83,
    0x3c, 0x19, 0xe0, 0xcf, 0x06, 0x78, 0x33, 0xc1, 0x9e, 0x0c, 0xf0, 0x67, 0x83, 0x3c, 0x19, 0xe0,
    0xcf, 0x06, 0x78, 0x33, 0xc1, 0x9e, 0x0c, 0xe8, 0x0c, 0x02, 0xd9, 0xab, 0x0d, 0x78, 0x33, 0xc1,
    0x9e, 0x0c, 0xf0, 0x67, 0x83, 0x3c, 0x19, 0xe0, 0xcf, 0x06, 0x78, 0x33, 0xc1, 0x9e, 0x0c, 0xf0,
    0x67, 0x83, 0x3c, 0x19, 0xe0, 0xcf, 0x06, 0x78, 0x33, 0xc1, 0x9e, 0x0c, 0xf0, 0x67, 0x83, 0x3c,
    0x19, 0xe0, 0xcf, 0x06, 0x78, 0x33, 0xc1, 0x9e, 0x0c, 0xf0, 0x67, 0x83, 0x3c, 0x19, 0xe0, 0xcf,
    0x06, 0x78, 0x33, 0xc1, 0x9e, 0x0c, 0xf0, 0x67, 0x83, 0x3c, 0x19, 0xe0, 0xcf, 0x06, 0x78, 0x33,
    0xc1, 0x9e, 0x0c, 0xf0, 0x67, 0x83, 0x3c, 0x19, 0xe0, 0xcf, 0x06, 0x78, 0x33, 0xc1, 0x9e, 0x0c,
    0xf0, 0x67, 0x83, 0x3c, 0x19, 0xe0, 0xcf, 0x06, 0x78, 0x33, 0xc1, 0x9e, 0x0c, 0xf0, 0x67, 0x83,
    0x3c, 0x19, 0xe0, 0xcf, 0x06, 0x78, 0x33, 0xc1, 0x9e, 0x0c, 0xf0, 0x67, 0x83, 0x3c, 0x19, 0xe0,
    0xcf, 0x06, 0x78, 0x33, 0xc1, 0x9e, 0x0c, 0xf0, 0x67, 0x83, 0x3c, 0x19, 0xe0, 0xcf, 0x06, 0x78,
    0x33, 0xc1, 0x9e, 0x0c, 0xf0, 0x67, 0x83, 0x3a, 0x03, 0x00, 0xb6, 0x6a, 0xc3, 0x5e, 0x0c, 0xf0,
    0x67, 0x83, 0x3c, 0x19, 0xe0, 0xcf, 0x06, 0x78, 0x33, 0xc1, 0x9e, 0x0c, 0xf0, 0x67, 0x83, 0x3c,
    0x19, 0xe0, 0xcf, 0x06, 0x78, 0x33, 0xc1, 0x9e, 0x0c, 0xf0, 0x67, 0x83, 0x3c, 0x19, 0xe0, 0xcf,
    0x06, 0x78, 0x33, 0xc1, 0x9e, 0x0c, 0xf0, 0x67, 0x83, 0x3c, 0x19, 0xe0, 0xcf, 0x06, 0x78, 0x33,
    0xc1, 0x9e, 0x0c, 0xf0, 0x67, 0x83, 0x3c, 0x19, 0xe0, 0xcf, 0x06, 0x78, 0x33, 0xc1, 0x9e, 0x0c,
    0xf0, 0x67, 0x83, 0x3c, 0x19, 0xe0, 0xcf, 0x06, 0x78, 0x33, 0xc1, 0x9e, 0x0c, 0xf0, 0x67, 0x83,
    0x3c, 0x19, 0xe0, 0xcf, 0x06, 0x78, 0x33, 0xc1, 0x9e, 0x0c, 0xf0, 0x67, 0x83, 0x3c, 0x19, 0xe0,
    0xcf, 0x06, 0x78, 0x33, 0xc1, 0x9e, 0x0c, 0xf0, 0x67, 0x83, 0x3c, 0x19, 0xe0, 0xcf, 0x06, 0x78,
    0x33, 0xc1, 0x9e, 0x0c, 0xf0, 0x67, 0x83, 0x3c, 0x19, 0xe0, 0xcf, 0x06, 0x78, 0x33, 0xc1, 0x9e,
    0x0c, 0xf0, 0x67, 0x83, 0x3c, 0x19, 0xe0, 0xce, 0x80, 0xc0, 0x2d, 0x9a, 0xb0, 0xd7, 0x83, 0x3c,
    0x19, 0xe0, 0xcf, 0x06, 0x78, 0x33, 0xc1, 0x9e, 0x0c, 0xf0, 0x67, 0x83, 0x3c, 0x19, 0xe0, 0xcf,
    0x06, 0x78, 0x33, 0xc1, 0x9e, 0x0c, 0xf0, 0x67, 0x83, 0x3c, 0x19, 0xe0, 0xcf, 0x06, 0x78, 0x33,
    0xc1, 0x9e, 0x0c, 0xf0, 0x67, 0x83, 0x3c, 0x19, 0xe0, 0xcf, 0x06, 0x78, 0x33, 0xc1, 0x9e, 0x0c,
    0xf0, 0x67, 0x83, 0x3c, 0x19, 0xe0, 0xcf, 0x06, 0x78, 0x33, 0xc1, 0x9e, 0x0c, 0xf0, 0x67, 0x83,
    0x3c, 0x19, 0xe0, 0xcf, 0x06, 0x78, 0x33, 0xc1, 0x9e, 0x0c, 0xf0, 0x67, 0x83, 0x3c, 0x19, 0xe0,
    0xcf, 0x06, 0x78, 0x33, 0xc1, 0x9e, 0x0c, 0xf0, 0x67, 0x83, 0x3c, 0x19, 0xe0, 0xcf, 0x06, 0x78,
    0x33, 0xc1, 0x9e, 0x0c, 0xf0, 0x67, 0x83, 0x3c, 0x19, 0xe0, 0xcf, 0x06, 0x78, 0x33, 0xc1, 0x9e,
    0x0c, 0xf0, 0x67, 0x83, 0x3c, 0x19, 0xe0, 0xcf, 0x06, 0x78, 0x33, 0xc1, 0x9e, 0x0c, 0xf0, 0x67,
    0x83, 0x3c, 0x19, 0xe0, 0xcf, 0x06, 0x78, 0x33, 0xc1, 0x9e, 0x0c, 0xf0, 0x67, 0x83, 0x3c, 0x19,
    0xe0, 0xcf, 0x06, 0x78, 0x33, 0xc1, 0x9e, 0x0c, 0xf0, 0x67, 0x83, 0x3c, 0x19, 0xe0, 0xcf, 0x06,
    0x78, 0x33, 0xc1, 0x9e, 0x0c, 0xf0, 0x67, 0x83, 0x3c, 0x19, 0xe0, 0xcf, 0x06, 0x78, 0x33, 0xc1,
    0x9e, 0x0c, 0xf0, 0x67, 0x83, 0x3c, 0x19, 0xe0, 0xcf, 0x06, 0x78, 0x33, 0xc1, 0x9e, 0x0c, 0xf0,
    0x67, 0x83, 0x3c, 0x19, 0xe0, 0xcf, 0x06, 0x78, 0x33, 0xc1, 0x9e, 0x0c, 0xf0, 0x67, 0x83, 0x3c,
    0x19, 0xe0, 0xcf, 0x06, 0x78, 0x33, 0xc1, 0x9e, 0x0c, 0xf0, 0x67, 0x83, 0x3c, 0x19, 0xe0, 0xcf,
    0x06, 0x78, 0x33, 0xc1, 0x9e, 0x0c, 0xf0, 0x67, 0x83, 0x3c, 0x19, 0xe0, 0xcf, 0x06, 0x78, 0x33,
    0xc1, 0x9e, 0x0c, 0xf0, 0x67, 0x83, 0x3c, 0x19, 0xe0, 0xcf, 0x06, 0x78, 0x33, 0xc1, 0x9e, 0x0c,
    0xf0, 0x67, 0x83, 0x3c, 0x19, 0xe0, 0xcf, 0x06, 0x78, 0x33, 0xc1, 0x9e, 0x0c, 0xf0, 0x67, 0x83,
    0x3c, 0x19, 0xe0, 0xcf, 0x80, 0x40, 0x60, 0x16, 0xcd, 0x58, 0x6b, 0xc1, 0x9e, 0x0c, 0xf0, 0x67,
    0x83, 0x3c, 0x19, 0xe0, 0xcf, 0x06, 0x78, 0x33, 0xc1, 0x9e, 0x0c, 0xf0, 0x67, 0x83, 0x3c, 0x19,
    0xe0, 0xcf, 0x06, 0x78, 0x33, 0xc1, 0x9e, 0x0c, 0xf0, 0x67, 0x83, 0x3c, 0x19, 0xe0, 0xcf, 0x06,
    0x78, 0x33, 0xc1, 0x9e, 0x0c, 0xf0, 0x67, 0x83, 0x3c, 0x19, 0xe0, 0xcf, 0x06, 0x78, 0x33, 0xc1,
    0x9e, 0x0c, 0xf0, 0x67, 0x83, 0x3c, 0x19, 0xe0, 0xcf, 0x06, 0x78, 0x33, 0xc1, 0x9e, 0x0c, 0xf0,
    0x67, 0x83, 0x3c, 0x19, 0xe0, 0xcf, 0x06, 0x78, 0x33, 0xc1, 0x9e, 0x0c, 0xf0, 0x67, 0x83, 0x3c,
    0x19, 0xe0, 0xcf, 0x06, 0x78, 0x33, 0xc1, 0x9e, 0x0c, 0xf0, 0x67, 0x83, 0x3c, 0x19, 0xe0, 0xcf,
    0x06, 0x78, 0x33, 0xc1, 0x9e, 0x0c, 0xf0, 0x67, 0x83, 0x3c, 0x19, 0xe0, 0xcf, 0x06, 0x78, 0x33,
    0xc1, 0x9e, 0x0c, 0xf0, 0x67, 0x83, 0x3c, 0x19, 0xe0, 0xcf, 0x06, 0x78, 0x33, 0xc1, 0x9e, 0x0c,
    0xf0, 0x67, 0x83, 0x3c, 0x19, 0xd0, 0x18, 0x05, 0xb3, 0x56, 0x1a, 0xf0, 0x67, 0x83, 0x3c, 0x19,
    0xe0, 0xcf, 0x06, 0x78, 0x33, 0xc1, 0x9e, 0x0c, 0xf0, 0x67, 0x83, 0x3c, 0x19, 0xe0, 0xcf, 0x06,
    0x78, 0x33, 0xc1, 0x9e, 0x0c, 0xf0, 0x67, 0x83, 0x3c, 0x19, 0xe0, 0xcf, 0x06, 0x78, 0x33, 0xc1,
    0x9e, 0x0c, 0xf0, 0x67, 0x83, 0x3c, 0x19, 0xe0, 0xcf, 0x06, 0x78, 0x33, 0xc1, 0x9e, 0x0c, 0xf0,
    0x67, 0x83, 0x3c, 0x19, 0xe0, 0xcf, 0x06, 0x78, 0x33, 0xc1, 0x9e, 0x0c, 0xf0, 0x67, 0x83, 0x3c,
    0x19, 0xe0, 0xcf, 0x06, 0x78, 0x33, 0xc1, 0x9e, 0x0c, 0xf0, 0x67, 0x83, 0x3c, 0x19, 0xe0, 0xcf,
    0x06, 0x78, 0x33, 0xc1, 0x9e, 0x0c, 0xf0, 0x67, 0x83, 0x3c, 0x19, 0xe0, 0xcf, 0x06, 0x78, 0x33,
    0xc1, 0x9e, 0x0c, 0xf0, 0x67, 0x83, 0x3c, 0x19, 0xe0, 0xcf, 0x06, 0x78, 0x33, 0xc1, 0x9e, 0x0c,
    0xf0, 0x67, 0x83, 0x3c, 0x19, 0xe0, 0xcf, 0x06, 0x78, 0x33, 0xc1, 0x9e, 0x0c, 0xf0, 0x67, 0x83,
    0x3c, 0x19, 0xe0, 0xcf, 0x06, 0x74, 0x06, 0x01, 0x6c, 0xd5, 0x86, 0xbc, 0x19, 0xe0, 0xcf, 0x06,
    0x78, 0x33, 0xc1, 0x9e, 0x0c, 0xf0, 0x67, 0x83, 0x3c, 0x19, 0xe0, 0xcf, 0x06, 0x78, 0x33, 0xc1,
    0x9e, 0x0c, 0xf0, 0x67, 0x83, 0x3c, 0x19, 0xe0, 0xcf, 0x06, 0x78, 0x33, 0xc1, 0x9e, 0x0c, 0xf0,
    0x67, 0x83, 0x3c, 0x19, 0xe0, 0xcf, 0x06, 0x78, 0x33, 0xc1, 0x9e, 0x0c, 0xf0, 0x67, 0x83, 0x3c,
    0x19, 0xe0, 0xcf, 0x06, 0x78, 0x33, 0xc1, 0x9e, 0x0c, 0xf0, 0x67, 0x83, 0x3c, 0x19, 0xe0, 0xcf,
    0x06, 0x78, 0x33, 0xc1, 0x9e, 0x0c, 0xf0, 0x67, 0x83, 0x3c, 0x19, 0xe0, 0xcf, 0x06, 0x78, 0x33,
    0xc1, 0x9e, 0x0c, 0xf0, 0x67, 0x83, 0x3c, 0x19, 0xe0, 0xcf, 0x06, 0x78, 0x33, 0xc1, 0x9e, 0x0c,
    0xf0, 0x67, 0x83, 0x3c, 0x19, 0xe0, 0xcf, 0x06, 0x78, 0x33, 0xc1, 0x9e, 0x0c, 0xf0, 0x67, 0x83,
    0x3c, 0x19, 0xe0, 0xcf, 0x06, 0x78, 0x33, 0xc1, 0x9e, 0x0c, 0xf0, 0x67, 0x83, 0x3c, 0x19, 0xe0,
    0xcf, 0x06, 0x78, 0x33, 0xc1, 0x9d, 0x01, 0x80, 0x5b, 0x35, 0x61, 0xaf, 0x06, 0x78, 0x33, 0xc1,
    0x9e, 0x0c, 0xf0, 0x67, 0x83, 0x3c, 0x19, 0xe0, 0xcf, 0x06, 0x78, 0x33, 0xc1, 0x9e, 0x0c, 0xf0,
    0x67, 0x83, 0x3c, 0x19, 0xe0, 0xcf, 0x06, 0x78, 0x33, 0xc1, 0x9e, 0x0c, 0xf0, 0x67, 0x83, 0x3c,
    0x19, 0xe0, 0xcf, 0x06, 0x78, 0x33, 0xc1, 0x9e, 0x0c, 0xf0, 0x67, 0x83, 0x3c, 0x19, 0xe0, 0xcf,
    0x06, 0x78, 0x33, 0xc1, 0x9e, 0x0c, 0xf0, 0x67, 0x83, 0x3c, 0x19, 0xe0, 0xcf, 0x06, 0x78, 0x33,
    0xc1, 0x9e, 0x0c, 0xf0, 0x67, 0x83, 0x3c, 0x19, 0xe0, 0xcf, 0x06, 0x78, 0x33, 0xc1, 0x9e, 0x0c,
    0xf0, 0x67, 0x83, 0x3c, 0x19, 0xe0, 0xcf, 0x06, 0x78, 0x33, 0xc1, 0x9e, 0x0c, 0xf0, 0x67, 0x83,
    0x3c, 0x19, 0xe0, 0xcf, 0x06, 0x78, 0x33, 0xc1, 0x9e, 0x0c, 0xf0, 0x67, 0x83, 0x3c, 0x19, 0xe0,
    0xcf, 0x06, 0x78, 0x33, 0xc1, 0x9e, 0x0c, 0xf0, 0x67, 0x83, 0x3c, 0x19, 0xe0, 0xcf, 0x06, 0x78,
    0x33, 0xc1, 0x9e, 0x0c, 0xf0, 0x67, 0x40, 0x60, 0x16, 0xcd, 0x58, 0x6b, 0xc1, 0x9e, 0x0c, 0xf0,
    0x67, 0x83, 0x3c, 0x19, 0xe0, 0xcf, 0x06, 0x78, 0x33, 0xc1, 0x9e, 0x0c, 0xf0, 0x67, 0x83, 0x3c,
    0x19, 0xe0, 0xcf, 0x06, 0x78, 0x33, 0xc1, 0x9e, 0x0c, 0xf0, 0x67, 0x83, 0x3c, 0x19, 0xe0, 0xcf,
    0x06, 0x78, 0x33, 0xc1, 0x9e, 0x0c, 0xf0, 0x67, 0x83, 0x3c, 0x19, 0xe0, 0xcf, 0x06, 0x78, 0x33,
    0xc1, 0x9e, 0x0c, 0xf0, 0x67, 0x83, 0x3c, 0x19, 0xe0, 0xcf, 0x06, 0x78, 0x33, 0xc1, 0x9e, 0x0c,
    0xf0, 0x67, 0x83, 0x3c, 0x19, 0xe0, 0xcf, 0x06, 0x78, 0x33, 0xc1, 0x9e, 0x0c, 0xf0, 0x67, 0x83,
    0x3c, 0x19, 0xe0, 0xcf, 0x06, 0x78, 0x33, 0xc1, 0x9e, 0x0c, 0xf0, 0x67, 0x83, 0x3c, 0x19, 0xe0,
    0xcf, 0x06, 0x78, 0x33, 0xc1, 0x9e, 0x0c, 0xf0, 0x67, 0x83, 0x3c, 0x19, 0xe0, 0xcf, 0x06, 0x78,
    0x33, 0xc1, 0x9e, 0x0c, 0xf0, 0x67, 0x83, 0x3c, 0x19, 0xe0, 0xcf, 0x06, 0x78, 0x33, 0xc1, 0x9e,
    0x0c, 0xf0, 0x67, 0x83, 0x3c, 0x19, 0xd0, 0x18, 0x05, 0xb3, 0x56, 0x1a, 0xf0, 0x67, 0x83, 0x3c,
    0x19, 0xe0, 0xcf, 0x06, 0x78, 0x33, 0xc1, 0x9e, 0x0c, 0xf0, 0x67, 0x83, 0x3c, 0x19, 0xe0, 0xcf,
    0x06, 0x78, 0x33, 0xc1, 0x9e, 0x0c, 0xf0, 0x67, 0x83, 0x3c, 0x19, 0xe0, 0xcf, 0x06, 0x78, 0x33,
    0xc1, 0x9e, 0x0c, 0xf0, 0x67, 0x83, 0x3c, 0x19, 0xe0, 0xcf, 0x06, 0x78, 0x33, 0xc1, 0x9e, 0x0c,
    0xf0, 0x67, 0x83, 0x3c, 0x19, 0xe0, 0xcf, 0x06, 0x78, 0x33, 0xc1, 0x9e, 0x0c, 0xf0, 0x67, 0x83,
    0x3c, 0x19, 0xe0, 0xcf, 0x06, 0x78, 0x33, 0xc1, 0x9e, 0x0c, 0xf0, 0x67, 0x83, 0x3c, 0x19, 0xe0,
    0xcf, 0x06, 0x78, 0x33, 0xc1, 0x9e, 0x0c, 0xf0, 0x67, 0x83, 0x3c, 0x19, 0xe0, 0xcf, 0x06, 0x78,
    0x33, 0xc1, 0x9e, 0x0c, 0xf0, 0x67, 0x83, 0x3c, 0x19, 0xe0, 0xcf, 0x06, 0x78, 0x33, 0xc1, 0x9e,
    0x0c, 0xf0, 0x67, 0x83, 0x3c, 0x19, 0xe0, 0xcf, 0x06, 0x78, 0x33, 0xc1, 0x9e, 0x0c, 0xf0, 0x67,
    0x83, 0x3c, 0x19, 0xe0, 0xcf, 0x06, 0x74, 0x06, 0x01, 0x6c, 0xd5, 0x86, 0xbc, 0x19, 0xe0, 0xcf,
    0x06, 0x78, 0x33, 0xc1, 0x9e, 0x0c, 0xf0, 0x67, 0x83, 0x3c, 0x19, 0xe0, 0xcf, 0x06, 0x78, 0x33,
    0xc1, 0x9e, 0x0c, 0xf0, 0x67, 0x83, 0x3c, 0x19, 0xe0, 0xcf, 0x06, 0x78, 0x33, 0xc1, 0x9e, 0x0c,
    0xf0, 0x67, 0x83, 0x3c, 0x19, 0xe0, 0xcf, 0x06, 0x78, 0x33, 0xc1, 0x9e, 0x0c, 0xf0, 0x67, 0x83,
    0x3c, 0x19, 0xe0, 0xcf, 0x06, 0x78, 0x33, 0xc1, 0x9e, 0x0c, 0xf0, 0x67, 0x83, 0x3c, 0x19, 0xe0,
    0xcf, 0x06, 0x78, 0x33, 0xc1, 0x9e, 0x0c, 0xf0, 0x67, 0x83, 0x3c, 0x19, 0xe0, 0xcf, 0x06, 0x78,
    0x33, 0xc1, 0x9e, 0x0c, 0xf0, 0x67, 0x83, 0x3c, 0x19, 0xe0, 0xcf, 0x06, 0x78, 0x33, 0xc1, 0x9e,
    0x0c, 0xf0, 0x67, 0x83, 0x3c, 0x19, 0xe0, 0xcf, 0x06, 0x78, 0x33, 0xc1, 0x9e, 0x0c, 0xf0, 0x67,
    0x83, 0x3c, 0x19, 0xe0, 0xcf, 0x06, 0x78, 0x33, 0xc1, 0x9e, 0x0c, 0xf0, 0x67, 0x83, 0x3c, 0x19,
    0xe0, 0xcf, 0x06, 0x78, 0x33, 0xc1, 0x9d, 0x01, 0x80, 0x5b, 0x35, 0x61, 0xaf, 0x06, 0x78, 0x33,
    0xc1, 0x9e, 0x0c, 0xf0, 0x67, 0x83, 0x3c, 0x19, 0xe0, 0xcf, 0x06, 0x78, 0x33, 0xc1, 0x9e, 0x0c,
    0xf0, 0x67, 0x83, 0x3c, 0x19, 0xe0, 0xcf, 0x06, 0x78, 0x33, 0xc1, 0x9e, 0x0c, 0xf0, 0x67, 0x83,
    0x3c, 0x19, 0xe0, 0xcf, 0x06, 0x78, 0x33, 0xc1, 0x9e, 0x0c, 0xf0, 0x67, 0x83, 0x3c, 0x19, 0xe0,
    0xcf, 0x06, 0x78, 0x33, 0xc1, 0x9e, 0x0c, 0xf0, 0x67, 0x83, 0x3c, 0x19, 0xe0, 0xcf, 0x06, 0x78,
    0x33, 0xc1, 0x9e, 0x0c, 0xf0, 0x67, 0x83, 0x3c, 0x19, 0xe0, 0xcf, 0x06, 0x78, 0x33, 0xc1, 0x9e,
    0x0c, 0xf0, 0x67, 0x83, 0x3c, 0x19, 0xe0, 0xcf, 0x06, 0x78, 0x33, 0xc1, 0x9e, 0x0c, 0xf0, 0x67,
    0x83, 0x3c, 0x19, 0xe0, 0xcf, 0x06, 0x78, 0x33, 0xc1, 0x9e, 0x0c, 0xf0, 0x67, 0x83, 0x3c, 0x19,
    0xe0, 0xcf, 0x06, 0x78, 0x33, 0xc1, 0x9e, 0x0c, 0xf0, 0x67, 0x83, 0x3c, 0x19, 0xe0, 0xcf, 0x06,
    0x78, 0x33, 0xc1, 0x9e, 0x0c, 0xf0, 0x67, 0x83, 0x3c, 0x19, 0xe0, 0xcf, 0x06, 0x78, 0x33, 0xc1,
    0x9e, 0x0c, 0xf0, 0x67, 0x83, 0x3c, 0x19, 0xe0, 0xcf, 0x06, 0x78, 0x33, 0xc1, 0x9e, 0x0c, 0xf0,
    0x67, 0x83, 0x3c, 0x19, 0xe0, 0xcf, 0x06, 0x78, 0x33, 0xc1, 0x89, 0x02, 0xa8, 0x03, 0x62, 0x89,
    0x2f, 0x06, 0xf8, 0x37, 0xc1, 0xbe, 0x0d, 0xf0, 0x6f, 0x83, 0x7c, 0x1b, 0xe0, 0xde, 0x52, 0xf8,
    0x33, 0xc1, 0x9e, 0x0c, 0xf0, 0x67, 0x83, 0x3c, 0x19, 0xe0, 0xcf, 0x06, 0x78, 0x33, 0xc1, 0x9e,
    0x0c, 0xf0, 0x67, 0x83, 0x3c, 0x19, 0xe0, 0xcf, 0x06, 0x78, 0x33, 0xc1, 0x9e, 0x0c, 0xf0, 0x67,
    0x83, 0x3c, 0x19, 0xe0, 0xcf, 0x06, 0x78, 0x33, 0xc1, 0x9e, 0x0c, 0xf0, 0x67, 0x83, 0x3c, 0x19,
    0xb0, 0x2a, 0x80, 0x36, 0x28, 0x92, 0xf0, 0x6f, 0x83, 0x7c, 0x1b, 0x45, 0x1f, 0x06, 0x78, 0x33,
    0xc1, 0x9e, 0x0c, 0xf0, 0x67, 0x83, 0x3c, 0x19, 0xe0, 0xcf, 0x06, 0x78, 0x33, 0xc1, 0x9e, 0x0c,
    0xf0, 0x67, 0x83, 0x3c, 0x19, 0xe0, 0xcf, 0x06, 0x78, 0x33, 0xc1, 0x9e, 0x0c, 0xf0, 0x67, 0x80,
    0x1e, 0x03, 0x00, 0xb6, 0x6a, 0xc3, 0x5e, 0x0c, 0xf0, 0x67, 0x83, 0x3c, 0x19, 0xe0, 0xcf, 0x06,
    0x78, 0x33, 0xc1, 0x9e, 0x0c, 0xf0, 0x67, 0x83, 0x3c, 0x19, 0xe0, 0xcf, 0x06, 0x78, 0x33, 0xc1,
    0x9e, 0x0c, 0xf0, 0x67, 0x83, 0x22, 0x05, 0x50, 0x06, 0xc5, 0x12, 0x5e, 0x0d, 0xe1, 0xaf, 0x83,
    0x3c, 0x19, 0xe0, 0xcf, 0x06, 0x78, 0x33, 0xc1, 0x9e, 0x0c, 0xf0, 0x67, 0x83, 0x3c, 0x19, 0xe0,
    0xcf, 0x06, 0x78, 0x33, 0xc1, 0x9e, 0x0c, 0xf0, 0x67, 0x83, 0x3c, 0x19, 0xe0, 0xcf, 0x06, 0x78,
    0x33, 0xc1, 0x9e, 0x0c, 0xf0, 0x67, 0x83, 0x3c, 0x19, 0xe0, 0xcf, 0x06, 0x78, 0x33, 0xc1, 0x9e,
    0x0c, 0xf0, 0x67, 0x83, 0x3c, 0x19, 0xe0, 0xcf, 0x06, 0x78, 0x33, 0xc1, 0x9e, 0x0c, 0xf0, 0x64,
    0xc0, 0xaa, 0x00, 0xd8, 0xa2, 0x4b, 0xc4, 0xfe, 0x0c, 0xf0, 0x67, 0x83, 0x3c, 0x19, 0xe0, 0xcf,
    0x06, 0x78, 0x33, 0xc1, 0x9e, 0x0c, 0xf0, 0x67, 0x83, 0x3c, 0x19, 0xe0, 0xcf, 0x06, 0x78, 0x33,
    0xc1, 0x9e, 0x0c, 0xf0, 0x67, 0x83, 0x3c, 0x19, 0xe0, 0xcf, 0x06, 0x78, 0x01, 0x60, 0x30, 0x0b,
    0x66, 0xac, 0x35, 0xe0, 0xcf, 0x06, 0x78, 0x33, 0xc1, 0x9e, 0x0c, 0xf0, 0x67, 0x83, 0x3c, 0x19,
    0xe0, 0xcf, 0x06, 0x78, 0x33, 0xc1, 0x9e, 0x0c, 0xf0, 0x67, 0x83, 0x3c, 0x19, 0xe0, 0xcf, 0x06,
    0x78, 0x33, 0xc1, 0x9e, 0x0c, 0xf0, 0x67, 0x83, 0x3c, 0x19, 0xe0, 0xcf, 0x06, 0x78, 0x33, 0xc1,
    0x9e, 0x0c, 0xf0, 0x67, 0x83, 0x3c, 0x19, 0xe0, 0xcf, 0x06, 0x78, 0x33, 0xc1, 0x9e, 0x0c, 0xf0,
    0x61, 0xc0, 0xae, 0x00, 0xd8, 0xe3, 0x61, 0x04, 0xfe, 0x0c, 0xf0, 0x67, 0x83, 0x3c, 0x19, 0xe0,
    0xcf, 0x06, 0x78, 0x33, 0xc1, 0x9e, 0x0c, 0xf0, 0x67, 0x83, 0x3c, 0x19, 0xe0, 0xcf, 0x06, 0x78,
    0x33, 0xc1, 0x9e, 0x0c, 0xf0, 0x67, 0x83, 0x3c, 0x19, 0xe0, 0xcf, 0x06, 0x78, 0x33, 0xc1, 0x9e,
    0x0c, 0xf0, 0x67, 0x83, 0x3c, 0x19, 0xe0, 0xcf, 0x06, 0x78, 0x33, 0xc1, 0x9e, 0x0c, 0xf0, 0x67,
    0x83, 0x3c, 0x19, 0xe0, 0xcf, 0x06, 0x78, 0x33, 0xc1, 0x9e, 0x0c, 0xf0, 0x67, 0x83, 0x3c, 0x19,
    0xe0, 0xcf, 0x06, 0x74, 0x06, 0x01, 0x6c, 0xd5, 0x86, 0xbc, 0x19, 0xe0, 0xcf, 0x06, 0x78, 0x33,
    0xc1, 0x9e, 0x0c, 0xf0, 0x67, 0x83, 0x3c, 0x19, 0xe0, 0xc9, 0x81, 0x5c, 0x01, 0xb1, 0xc6, 0xc2,
    0x09, 0xfc, 0x19, 0xe0, 0xcf, 0x06, 0x78, 0x33, 0xc1, 0x9e, 0x0c, 0xf0, 0x67, 0x83, 0x3d, 0x39,
    0xe2, 0x7f, 0x06, 0x78, 0x33, 0xc1, 0x9e, 0x0c, 0xf0, 0x67, 0x83, 0x3c, 0x19, 0xe0, 0xcf, 0x06,
    0x78, 0x33, 0xc1, 0x9e, 0x0c, 0xf0, 0x67, 0x83, 0x3c, 0x19, 0xe0, 0xcf, 0x06, 0x78, 0x33, 0xc1,
    0x9e, 0x0c, 0x28, 0x15, 0xc0, 0x1b, 0x1c, 0x6c, 0x20, 0x6b, 0xc3, 0x5e, 0x42, 0xf0, 0x67, 0x83,
    0x3c, 0x19, 0xe0, 0xcf, 0x06, 0x78, 0x33, 0xc1, 0x9e, 0x0c, 0xf0, 0x67, 0x83, 0x3c, 0x19, 0xe0,
    0xcf, 0x06, 0x78, 0x33, 0xc1, 0x9e, 0x0c, 0xf0, 0x67, 0x83, 0x3c, 0x19, 0xe0, 0xcf, 0x06, 0x78,
    0x33, 0xc1, 0x9e, 0x0c, 0xf0, 0x67, 0x83, 0x3c, 0x19, 0xe0, 0xcf, 0x06, 0x78, 0x33, 0xc1, 0x9e,
    0x0c, 0xf0, 0x67, 0x83, 0x3c, 0x19, 0xe0, 0xcf, 0x06, 0x78, 0x33, 0xc1, 0x9e, 0x0c, 0xf0, 0x65,
    0xc0, 0x60, 0x16, 0xcd, 0x58, 0x6b, 0xc1, 0x9e, 0x0c, 0xf0, 0x67, 0x83, 0x3c, 0x19, 0xe0, 0xcf,
    0x06, 0x78, 0x33, 0xc1, 0x9e, 0x0c, 0xf0, 0x67, 0x83, 0x3c, 0x19, 0xe0, 0xcf, 0x06, 0x78, 0x33,
    0xc1, 0x9e, 0x0c, 0xf0, 0x67, 0x83, 0x3c, 0x19, 0xe0, 0xcf, 0x06, 0x78, 0x33, 0xc1, 0x9e, 0x0c,
    0xf0, 0x67, 0x83, 0x3c, 0x19, 0xe0, 0xcf, 0x06, 0x78, 0x33, 0xc1, 0x9e, 0x0c, 0xf0, 0x67, 0x83,
    0x3c, 0x19, 0xe0, 0xcf, 0x06, 0x78, 0x33, 0xc1, 0x9e, 0x0c, 0xf0, 0x67, 0x83, 0x3c, 0x19, 0xe0,
    0xcf, 0x06, 0x78, 0x33, 0xc1, 0x9e, 0x0c, 0xf0, 0x67, 0x83, 0x3c, 0x19, 0xe0, 0xcf, 0x06, 0x78,
    0x33, 0xc1, 0x9e, 0x0c, 0xf0, 0x67, 0x83, 0x3c, 0x19, 0x90, 0x2a, 0x80, 0x36, 0x28, 0x92, 0xf0,
    0x6f, 0x0d, 0x7c, 0x19, 0xe0, 0xcf, 0x06, 0x78, 0x33, 0xc1, 0x9e, 0x0c, 0xf0, 0x67, 0x83, 0x3c,
    0x19, 0xe0, 0xcf, 0x06, 0x78, 0x33, 0xc1, 0x2d, 0x09, 0x01, 0x95, 0x7b, 0x50, 0x1a, 0xf0, 0xd7,
    0x86, 0xbc, 0x19, 0xe0, 0xcf, 0x06, 0x79, 0x3b, 0xc3, 0x5e, 0x1a, 0xc1, 0x47, 0x94, 0x3c, 0x19,
    0xe0, 0xcf, 0x06, 0x78, 0x33, 0xc1, 0x9e, 0x0c, 0xf0, 0x67, 0x83, 0x3c, 0x19, 0xe0, 0xcf, 0x06,
    0x78, 0x33, 0xc1, 0x9e, 0x0c, 0xf0, 0x67, 0x83, 0x3c, 0x19, 0xe0, 0xcf, 0x06, 0x78, 0x33, 0xc1,
    0x9e, 0x0c, 0xf0, 0x67, 0x83, 0x3c, 0x19, 0xe0, 0xcf, 0x06, 0x78, 0x33, 0xc1, 0x9e, 0x0c, 0xf0,
    0x67, 0x83, 0x3c, 0x19, 0xe0, 0xcf, 0x06, 0x78, 0x33, 0xc1, 0x9e, 0x0c, 0xf0, 0x67, 0x83, 0x3c,
    0x19, 0xe0, 0xcf, 0x06, 0x78, 0x33, 0xc1, 0x9e, 0x0c, 0xf0, 0x67, 0x83, 0x3c, 0x19, 0xe0, 0xcf,
    0x06, 0x78, 0x33, 0xc1, 0x9e, 0x0c, 0xf0, 0x67, 0x83, 0x3c, 0x19, 0xe0, 0xcf, 0x06, 0x78, 0x33,
    0xc1, 0x9e, 0x0c, 0xf0, 0x67, 0x83, 0x3c, 0x19, 0xe0, 0xcf, 0x06, 0x78, 0x33, 0xc1, 0x9e, 0x0c,
    0xf0, 0x67, 0x83, 0x3c, 0x19, 0xe0, 0xcf, 0x06, 0x78, 0x33, 0xc1, 0x9e, 0x0c, 0xf0, 0x67, 0x83,
    0x3c, 0x19, 0xe0, 0xcf, 0x06, 0x78, 0x33, 0xc1, 0x9e, 0x0c, 0xf0, 0x67, 0x83, 0x3c, 0x19, 0xe0,
    0xcf, 0x06, 0x78, 0x33, 0xc1, 0x9e, 0x0c, 0xf0, 0x67, 0x83, 0x3c, 0x19, 0xe0, 0xcf, 0x06, 0x78,
    0x33, 0xc1, 0x9e, 0x0c, 0xf0, 0x67, 0x83, 0x3c, 0x19, 0xe0, 0xcf, 0x06, 0x78, 0x33, 0xc1, 0x9e,
    0x0c, 0xf0, 0x67, 0x83, 0x3c, 0x19, 0xe0, 0xcf, 0x06, 0x78, 0x33, 0xc1, 0x9e, 0x0c, 0xf0, 0x67,
    0x83, 0x3c, 0x19, 0xe0, 0xcf, 0x06, 0x78, 0x33, 0xc1, 0x9e, 0x0c, 0xf0, 0x67, 0x83, 0x3c, 0x19,
    0xe0, 0xcf, 0x06, 0x78, 0x33, 0xc1, 0x9e, 0x0c, 0xf0, 0x67, 0x83, 0x3c, 0x19, 0xe0, 0xcf, 0x06,
    0x78, 0x33, 0xc1, 0x9e, 0x0c, 0xf0, 0x67, 0x83, 0x3c, 0x19, 0xe0, 0xcf, 0x06, 0x78, 0x33, 0xc1,
    0x9e, 0x0c, 0xf0, 0x67, 0x83, 0x3c, 0x19, 0xe0, 0xcf, 0x06, 0x78, 0x33, 0xc1, 0x9e, 0x0c, 0xf0,
    0x67, 0x83, 0x3c, 0x19, 0xe0, 0xcf, 0x06, 0x78, 0x33, 0xc1, 0x9e, 0x0c, 0xf0, 0x67, 0x83, 0x3c,
    0x19, 0xe0, 0xcf, 0x06, 0x78, 0x33, 0xc1, 0x8b, 0x90, 0xa0, 0xce, 0x32, 0x14, 0x08, 0x94, 0x22,
    0x05, 0x41, 0x80, 0x52, 0x24, 0x10, 0x98, 0x24, 0x06, 0x21, 0x4c, 0x91, 0x42, 0x70, 0x1e, 0x5a,
    0x48, 0x5c, 0x60, 0x9c, 0x01, 0x2b, 0xd0, 0xbe, 0x20, 0xd1, 0xa7, 0x4a, 0x61, 0x3c, 0x4b, 0x0c,
    0xe3, 0x19, 0x27, 0x88, 0xe1, 0x3c, 0x53, 0x0c, 0xe5, 0x1a, 0x25, 0x88, 0xa1, 0x54, 0x61, 0x13,
    0x0d, 0x78, 0x58, 0x60, 0xb4, 0x01, 0x23, 0xc4, 0xbd, 0xe0, 0xd1, 0xcc, 0x51, 0x40, 0x43, 0x44,
    0x89, 0xc2, 0x30, 0x56, 0x12, 0x21, 0xe1, 0x28, 0x32, 0x0c, 0x04, 0x92, 0x21, 0x00, 0x87, 0xf2,
    0xcd, 0xfd, 0x84, 0x92, 0xc4, 0x30, 0x9a, 0x28, 0x86, 0x52, 0x84, 0x43, 0x4a, 0x54, 0x4f, 0x11,
    0xc2, 0xb8, 0xc6, 0x24, 0xd2, 0x51, 0x1f, 0x1e, 0xf4, 0x1b, 0xac, 0x9f, 0x06, 0x78, 0x33, 0xc1,
    0x9e, 0x0c, 0xf0, 0x67, 0x83, 0x3c, 0x19, 0xe0, 0xcf, 0x06, 0x78, 0x33, 0xc1, 0x9e, 0x0c, 0xf0,
    0x67, 0x83, 0x3c, 0x18, 0xd8, 0x49, 0x2c, 0x43, 0x09, 0xa2, 0x88, 0x65, 0x28, 0x51, 0x2c, 0x45,
    0x0a, 0xa3, 0x08, 0xa5, 0x44, 0xf1, 0x1c, 0x2b, 0x8c, 0x62, 0x4d, 0x25, 0x11, 0xf6, 0x62, 0x89,
    0x13, 0x84, 0x60, 0xac, 0x31, 0x0a, 0x64, 0x8a, 0x13, 0x84, 0xa0, 0xcc, 0x31, 0x12, 0x48, 0x84,
    0x13, 0x05, 0x00, 0xf0, 0x7f, 0x84, 0x7d, 0x4e, 0x91, 0xc2, 0x78, 0x96, 0x19, 0xc6, 0x32, 0x4f,
    0x11, 0xc2, 0x78, 0xa6, 0x19, 0xca, 0x31, 0x35, 0x37, 0x12, 0x71, 0x1f, 0x64, 0x28, 0x11, 0x28,
    0x44, 0x0a, 0x83, 0x00, 0xa4, 0x48, 0x21, 0x30, 0x48, 0x0c, 0x83, 0x00, 0x4d, 0x4f, 0x84, 0x53,
    0xfe, 0x00, 0xbe, 0x16, 0x00, 0x5a, 0xb8, 0x8c, 0x45, 0x78, 0x0a, 0x41, 0x13
};

// BITSTREAM4: 10781 bytes compressed, 98762 bytes original from /tmp/bs4.hs

static const uint8_t bitstream5_data[] = {
    0xff, 0xc0, 0x2a, 0x16, 0x1b, 0x95, 0xd2, 0x75, 0x20, 0xa6, 0x51, 0xa8, 0xb3, 0x5a, 0xac, 0xb6,
    0x65, 0x35, 0xa3, 0x4b, 0x66, 0xd4, 0x3a, 0x0d, 0x0a, 0x8f, 0x41, 0x04, 0x8c, 0xd8, 0x36, 0x20,
    0x01, 0xde, 0xec, 0xc0, 0x85, 0xff, 0x9d, 0x8a, 0x0b, 0xc4, 0x03, 0x2a, 0x0c, 0x46, 0x21, 0x43,
    0x91, 0x01, 0xca, 0x81, 0x10, 0x80, 0x4e, 0x28, 0xc0, 0x72, 0x81, 0x00, 0xcb, 0xf7, 0xfc, 0xfe,
    0xff, 0xbf, 0xf4, 0x1a, 0x45, 0x53, 0x71, 0x91, 0x8e, 0xe2, 0x8a, 0xd5, 0x4a, 0x2c, 0x08, 0x02,
    0x39, 0x9e, 0x80, 0x67, 0x83, 0x3c, 0x19, 0xe0, 0xcf, 0x06, 0x78, 0x33, 0xc1, 0x9e, 0x0c, 0xf0,
    0x67, 0x83, 0x3c, 0x19, 0xe0, 0xcf, 0x06, 0x78, 0x33, 0xc1, 0x9e, 0x0c, 0xf0, 0x67, 0x83, 0x3c,
    0x19, 0xe0, 0xcf, 0x06, 0x78, 0x33, 0xc1, 0x9e, 0x0c, 0xf0, 0x67, 0x83, 0x3c, 0x19, 0xe0, 0xcf,
    0x06, 0x78, 0x33, 0xc1, 0x9e, 0x0c, 0xf0, 0x67, 0x83, 0x3c, 0x19, 0xf0, 0x08, 0x14, 0xc0, 0x1d,
    0x18, 0x30, 0xd7, 0x86, 0xbc, 0x85, 0xe0, 0xcf, 0x06, 0x78, 0x33, 0xc1, 0x9e, 0x0c, 0xf0, 0x67,
    0x83, 0x3c, 0x19, 0xe0, 0xcf, 0x06, 0x78, 0x33, 0xc1, 0x9e, 0x0c, 0xf0, 0x67, 0x83, 0x3c, 0x19,
    0xe0, 0xcf, 0x06, 0x78, 0x33, 0xc1, 0x9e, 0x0c, 0xf0, 0x67, 0x83, 0x16, 0x05, 0x50, 0x06, 0xbf,
    0x53, 0x0c, 0x0d, 0x28, 0x80, 0x35, 0xe9, 0x98, 0x01, 0xaf, 0x8d, 0x7c, 0x6b, 0x21, 0xad, 0x21,
    0x79, 0x0b, 0xc1, 0x9e, 0x0c, 0x28, 0x15, 0xc0, 0x1b, 0x1c, 0x6c, 0x20, 0x9f, 0xc1, 0x9e, 0x0c,
    0xf0, 0x67, 0x83, 0x3c, 0x19, 0xe0, 0xcf, 0x06, 0x78, 0x33, 0xc1, 0x9e, 0x0c, 0xf0, 0x67, 0x83,
    0x3c, 0x19, 0xe0, 0xcf, 0x06, 0x78, 0x33, 0xc1, 0x9e, 0x0c, 0xf0, 0x67, 0x83, 0x3c, 0x19, 0xe0,
    0xcd, 0x82, 0x4c, 0x81, 0xd1, 0xbc, 0xd5, 0x83, 0x8a, 0x60, 0x0e, 0x8f, 0xe6, 0x00, 0x3b, 0xe0,
    0xe1, 0x90, 0x03, 0x5e, 0x4d, 0xfd, 0x06, 0xf8, 0x37, 0xc1, 0xbe, 0x0d, 0xf0, 0x6c, 0x4a, 0x78,
    0x00, 0xe7, 0x9a, 0xd9, 0x83, 0x9e, 0x0d, 0xf0, 0x6f, 0x83, 0x7c, 0x1b, 0xe0, 0xd5, 0x7e, 0xf8,
    0x33, 0xc1, 0x9e, 0x0c, 0xf0, 0x67, 0x83, 0x3c, 0x19, 0xe0, 0xcf, 0x06, 0x78, 0x33, 0xc1, 0x9e,
    0x0c, 0xf0, 0x67, 0x83, 0x3c, 0x19, 0xe0, 0xcf, 0x06, 0x78, 0x33, 0xc1, 0x9e, 0x0c, 0xf0, 0x67,
    0x83, 0x3a, 0x09, 0x14, 0x07, 0x47, 0xfa, 0xfa, 0x1b, 0xf0, 0xdf, 0x91, 0x3c, 0x19, 0xe0, 0xcf,
    0x06, 0x78, 0x33, 0xc1, 0x9e, 0x0c, 0xf0, 0x67, 0x83, 0x3c, 0x19, 0xe0, 0xcf, 0x06, 0x78, 0x33,
    0xc1, 0x9e, 0x0c, 0xf0, 0x67, 0x83, 0x3c, 0x19, 0xe0, 0xcf, 0x06, 0x78, 0x33, 0xc1, 0x9e, 0x0c,
    0xf0, 0x67, 0x83, 0x3c, 0x19, 0xe0, 0xcf, 0x06, 0x78, 0x33, 0xc1, 0x9e, 0x0c, 0xf0, 0x67, 0x83,
    0x3c, 0x19, 0xe0, 0xcf, 0x06, 0x78, 0x33, 0xc1, 0x9e, 0x0c, 0xf0, 0x67, 0x83, 0x3c, 0x19, 0xe0,
    0xcf, 0x06, 0x78, 0x33, 0xc1, 0x9e, 0x0c, 0xf0, 0x67, 0x83, 0x3c, 0x19, 0xe0, 0xcf, 0x06, 0x78,
    0x33, 0xc1, 0x9e, 0x0c, 0xf0, 0x67, 0x83, 0x3c, 0x19, 0xe0, 0xcf, 0x06, 0x78, 0x33, 0xc1, 0x9e,
    0x0c, 0xf0, 0x67, 0x83, 0x3c, 0x19, 0xe0, 0xcf, 0x06, 0x78, 0x33, 0xc1, 0x9e, 0x0c, 0xf0, 0x67,
    0x83, 0x3c, 0x19, 0xe0, 0xcf, 0x06, 0x78, 0x33, 0xc1, 0x9e, 0x0c, 0xf0, 0x67, 0x83, 0x3c, 0x19,
    0xe0, 0xcf, 0x06, 0x78, 0x33, 0xc1, 0x9e, 0x0c, 0xf0, 0x67, 0x83, 0x3c, 0x19, 0xe0, 0xcf, 0x06,
    0x78, 0x33, 0xc1, 0x9e, 0x0c, 0xf0, 0x67, 0x83, 0x3c, 0x19, 0xe0, 0xcf, 0x06, 0x78, 0x32, 0x20,
    0x55, 0x00, 0x6c, 0x51, 0x25, 0xe0, 0xde, 0x1a, 0xf8, 0x33, 0xc1, 0x9e, 0x0c, 0xf0, 0x67, 0x83,
    0x3c, 0x19, 0xe0, 0xcf, 0x06, 0x78, 0x33, 0xc1, 0x9e, 0x0c, 0xf0, 0x67, 0x83, 0x3c, 0x19, 0xe0,
    0xcf, 0x06, 0x78, 0x33, 0xc1, 0x9e, 0x0c, 0xf0, 0x67, 0x83, 0x3c, 0x19, 0xe0, 0xcf, 0x06, 0x78,
    0x33, 0xc1, 0x9e, 0x0c, 0xf0, 0x67, 0x83, 0x3c, 0x19, 0xe0, 0xcf, 0x06, 0x78, 0x33, 0xc1, 0x9e,
    0x0c, 0xf0, 0x67, 0x83, 0x3c, 0x19, 0xe0, 0xcf, 0x06, 0x78, 0x33, 0xc1, 0x9e, 0x0c, 0xf0, 0x67,
    0x83, 0x3c, 0x19, 0xe0, 0xcf, 0x06, 0x78, 0x33, 0xc1, 0x9e, 0x0c, 0xf0, 0x67, 0x83, 0x3c, 0x19,
    0xe0, 0xcf, 0x06, 0x78, 0x33, 0xc1, 0x9e, 0x0c, 0xf0, 0x67, 0x83, 0x3c, 0x19, 0xe0, 0xcf, 0x06,
    0x78, 0x33, 0xc1, 0x9e, 0x0c, 0xf0, 0x67, 0x83, 0x3c, 0x19, 0xe0, 0xcf, 0x06, 0x78, 0x33, 0xc1,
    0x9e, 0x0c, 0xf0, 0x67, 0x83, 0x3c, 0x19, 0xe0, 0xcf, 0x06, 0x78, 0x33, 0xc1, 0x9e, 0x0c, 0xf0,
    0x67, 0x83, 0x3c, 0x19, 0xe0, 0xcf, 0x06, 0x78, 0x33, 0xc1, 0x9e, 0x0c, 0xf0, 0x67, 0x83, 0x3c,
    0x19, 0xe0, 0xcf, 0x06, 0x78, 0x33, 0xc1, 0x9e, 0x0c, 0xf0, 0x67, 0x83, 0x3c, 0x19, 0xe0, 0xcf,
    0x06, 0x78, 0x33, 0xc1, 0x9e, 0x0c, 0xf0, 0x64, 0xc0, 0x60, 0x16, 0xcd, 0x58, 0x6b, 0xc1, 0x9e,
    0x0c, 0xf0, 0x67, 0x83, 0x3c, 0x19, 0xe0, 0xcf, 0x06, 0x78, 0x33, 0xc1, 0x9e, 0x0c, 0xf0, 0x67,
    0x83, 0x3c, 0x19, 0xe0, 0xcf, 0x06, 0x78, 0x33, 0xc1, 0x9e, 0x0c, 0xf0, 0x67, 0x83, 0x3c, 0x19,
    0xe0, 0xcf, 0x06, 0x78, 0x33, 0xc1, 0x9e, 0x0c, 0xf0, 0x67, 0x83, 0x3c, 0x19, 0xe0, 0xcf, 0x06,
    0x78, 0x33, 0xc1, 0x9e, 0x0c, 0xf0, 0x67, 0x83, 0x3c, 0x19, 0xe0, 0xcf, 0x06, 0x78, 0x33, 0xc1,
    0x9e, 0x0c, 0xf0, 0x67, 0x83, 0x3c, 0x19, 0xe0, 0xcf, 0x06, 0x78, 0x33, 0xc1, 0x9e, 0x0c, 0xf0,
    0x67, 0x83, 0x3c, 0x19, 0xe0, 0xcf, 0x06, 0x78, 0x33, 0xc1, 0x9e, 0x0c, 0xf0, 0x67, 0x83, 0x3c,
    0x19, 0xe0, 0xcf, 0x06, 0x78, 0x33, 0xc1, 0x9e, 0x0c, 0xf0, 0x67, 0x83, 0x3c, 0x19, 0xe0, 0xcf,
    0x06, 0x78, 0x33, 0xc1, 0x9e, 0x0c, 0xf0, 0x67, 0x83, 0x3c, 0x19, 0xe0, 0xcf, 0x06, 0x78, 0x33,
    0xc1, 0x9e, 0x0c, 0xf0, 0x67, 0x83, 0x3c, 0x19, 0xd0, 0x18, 0x05, 0xb3, 0x56, 0x1a, 0xf0, 0x67,
    0x83, 0x3c, 0x19, 0xe0, 0xcf, 0x06, 0x78, 0x33, 0xc1, 0x9e, 0x0c, 0xf0, 0x67, 0x83, 0x3c, 0x19,
    0xe0, 0xcf, 0x06, 0x78, 0x33, 0xc1, 0x9e, 0x0c, 0xf0, 0x67, 0x83, 0x3c, 0x19, 0xe0, 0xcf, 0x06,
    0x78, 0x33, 0xc1, 0x9e, 0x0c, 0xf0, 0x67, 0x83, 0x3c, 0x19, 0xe0, 0xcf, 0x06, 0x78, 0x33, 0xc1,
    0x9e, 0x0c, 0xf0, 0x67, 0x83, 0x3c, 0x19, 0xe0, 0xcf, 0x06, 0x78, 0x33, 0xc1, 0x9e, 0x0c, 0xf0,
    0x67, 0x83, 0x3c, 0x19, 0xe0, 0xcf, 0x06, 0x78, 0x33, 0xc1, 0x9e, 0x0c, 0xf0, 0x67, 0x83, 0x3c,
    0x19, 0xe0, 0xcf, 0x06, 0x78, 0x33, 0xc1, 0x9e, 0x0c, 0xf0, 0x67, 0x83, 0x3c, 0x19, 0xe0, 0xcf,
    0x06, 0x78, 0x33, 0xc1, 0x9e, 0x0c, 0xf0, 0x67, 0x83, 0x3c, 0x19, 0xe0, 0xcf, 0x06, 0x78, 0x33,
    0xc1, 0x9e, 0x0c, 0xf0, 0x67, 0x83, 0x3c, 0x19, 0xe0, 0xcf, 0x06, 0x78, 0x33, 0xc1, 0x9e, 0x0c,
    0xf0, 0x67, 0x83, 0x3c, 0x19, 0xe0, 0xcf, 0x06, 0x74, 0x06, 0x01, 0x6c, 0xd5, 0x86, 0xbc, 0x19,
    0xe0, 0xcf, 0x06, 0x78, 0x33, 0xc1, 0x9e, 0x0c, 0xf0, 0x67, 0x83, 0x3c, 0x19, 0xe0, 0xcf, 0x06,
    0x78, 0x33, 0xc1, 0x9e, 0x0c, 0xf0, 0x67, 0x83, 0x3c, 0x19, 0xe0, 0xcf, 0x06, 0x78, 0x33, 0xc1,
    0x9e, 0x0c, 0xf0, 0x67, 0x83, 0x3c, 0x19, 0xe0, 0xcf, 0x06, 0x78, 0x33, 0xc1, 0x9e, 0x0c, 0xf0,
    0x67, 0x83, 0x3c, 0x19, 0xe0, 0xcf, 0x06, 0x78, 0x33, 0xc1, 0x9e, 0x0c, 0xf0, 0x67, 0x83, 0x3c,
    0x19, 0xe0, 0xcf, 0x06, 0x78, 0x33, 0xc1, 0x9e, 0x0c, 0xf0, 0x67, 0x83, 0x3c, 0x19, 0xe0, 0xcf,
    0x06, 0x78, 0x33, 0xc1, 0x9e, 0x0c, 0xf0, 0x67, 0x83, 0x3c, 0x19, 0xe0, 0xcf, 0x06, 0x78, 0x33,
    0xc1, 0x9e, 0x0c, 0xf0, 0x67, 0x83, 0x3c, 0x19, 0xe0, 0xcf, 0x06, 0x78, 0x33, 0xc1, 0x9e, 0x0c,
    0xf0, 0x67, 0x83, 0x3c, 0x19, 0xe0, 0xcf, 0x06, 0x78, 0x33, 0xc1, 0x9e, 0x0c, 0xf0, 0x67, 0x83,
    0x3c, 0x19, 0xe0, 0xcf, 0x06, 0x78, 0x33, 0xc1, 0x9d, 0x01, 0x80, 0x5b, 0x35, 0x61, 0xaf, 0x06,
    0x78, 0x33, 0xc1, 0x9e, 0x0c, 0xf0, 0x67, 0x83, 0x3c, 0x19, 0xe0, 0xcf, 0x06, 0x78, 0x33, 0xc1,
    0x9e, 0x0c, 0xf0, 0x67, 0x83, 0x3c, 0x19, 0xe0, 0xcf, 0x06, 0x78, 0x33, 0xc1, 0x9e, 0x0c, 0xf0,
    0x67, 0x83, 0x3c, 0x19, 0xe0, 0xcf, 0x06, 0x78, 0x33, 0xc1, 0x9e, 0x0c, 0xf0, 0x67, 0x83, 0x3c,
    0x19, 0xe0, 0xcf, 0x06, 0x78, 0x33, 0xc1, 0x9e, 0x0c, 0xf0, 0x67, 0x83, 0x3c, 0x19, 0xe0, 0xcf,
    0x06, 0x78, 0x33, 0xc1, 0x9e, 0x0c, 0xf0, 0x67, 0x83, 0x3c, 0x19, 0xe0, 0xcf, 0x06, 0x78, 0x33,
    0xc1, 0x9e, 0x0c, 0xf0, 0x67, 0x83, 0x3c, 0x19, 0xe0, 0xcf, 0x06, 0x78, 0x33, 0xc1, 0x9e, 0x0c,
    0xf0, 0x67, 0x83, 0x3c, 0x19, 0xe0, 0xcf, 0x06, 0x78, 0x33, 0xc1, 0x9e, 0x0c, 0xf0, 0x67, 0x83,
    0x3c, 0x19, 0xe0, 0xcf, 0x06, 0x78, 0x33, 0xc1, 0x9e, 0x0c, 0xf0, 0x67, 0x83, 0x3c, 0x19, 0xe0,
    0xcf, 0x06, 0x78, 0x33, 0xc1, 0x9e, 0x0c, 0xf0, 0x67, 0x83, 0x3c, 0x19, 0xe0, 0xcf, 0x06, 0x78,
    0x33, 0xc1, 0x9e, 0x0c, 0xf0, 0x67, 0x83, 0x3c, 0x19, 0xe0, 0xcf, 0x06, 0x78, 0x33, 0xc1, 0x9e,
    0x0c, 0xf0, 0x67, 0x83, 0x3c, 0x19, 0xe0, 0xcf, 0x06, 0x78, 0x33, 0xc1, 0x9e, 0x0c, 0xf0, 0x67,
    0x83, 0x3c, 0x19, 0xe0, 0xcf, 0x06, 0x78, 0x33, 0xc1, 0x9e, 0x0c, 0xf0, 0x67, 0x83, 0x3c, 0x19,
    0xe0, 0xcf, 0x06, 0x78, 0x33, 0xc1, 0x9e, 0x0c, 0xf0, 0x67, 0x83, 0x3c, 0x19, 0xe0, 0xcf, 0x06,
    0x78, 0x33, 0xc1, 0x9e, 0x0c, 0xf0, 0x67, 0x83, 0x3c, 0x19, 0xe0, 0xcf, 0x06, 0x78, 0x33, 0xc1,
    0x9e, 0x0c, 0xf0, 0x67, 0x83, 0x3c, 0x19, 0xe0, 0xcf, 0x06, 0x78, 0x33, 0xc1, 0x9e, 0x0c, 0xf0,
    0x67, 0x83, 0x3c, 0x19, 0xe0, 0xcf, 0x06, 0x78, 0x33, 0xc1, 0x9e, 0x0c, 0xf0, 0x67, 0x83, 0x3c,
    0x19, 0xe0, 0xcf, 0x06, 0x78, 0x33, 0xc1, 0x9e, 0x0c, 0xf0, 0x67, 0x83, 0x3c, 0x19, 0xe0, 0xcf,
    0x06, 0x78, 0x33, 0xc1, 0x9f, 0x00, 0x80, 0xc0, 0x2d, 0x9a, 0xb0, 0xd7, 0x83, 0x3c, 0x19, 0xe0,
    0xcf, 0x06, 0x78, 0x33, 0xc1, 0x9e, 0x0c, 0xf0, 0x67, 0x83, 0x3c, 0x19, 0xe0, 0xcf, 0x06, 0x78,
    0x33, 0xc1, 0x9e, 0x0c, 0xf0, 0x67, 0x83, 0x3c, 0x19, 0xe0, 0xcf, 0x06, 0x78, 0x33, 0xc1, 0x9e,
    0x0c, 0xf0, 0x67, 0x83, 0x3c, 0x19, 0xe0, 0xcf, 0x06, 0x78, 0x33, 0xc1, 0x9e, 0x0c, 0xf0, 0x67,
    0x83, 0x3c, 0x19, 0xe0, 0xcf, 0x06, 0x78, 0x33, 0xc1, 0x9e, 0x0c, 0xf0, 0x67, 0x83, 0x3c, 0x19,
    0xe0, 0xcf, 0x06, 0x78, 0x33, 0xc1, 0x9e, 0x0c, 0xf0, 0x67, 0x83, 0x3c, 0x19, 0xe0, 0xcf, 0x06,
    0x78, 0x33, 0xc1, 0x9e, 0x0c, 0xf0, 0x67, 0x83, 0x3c, 0x19, 0xe0, 0xcf, 0x06, 0x78, 0x33, 0xc1,
    0x9e, 0x0c, 0xf0, 0x67, 0x83, 0x3c, 0x19, 0xe0, 0xcf, 0x06, 0x78, 0x33, 0xc1, 0x9e, 0x0c, 0xf0,
    0x67, 0x83, 0x3c, 0x19, 0xe0, 0xcf, 0x06, 0x78, 0x33, 0xc1, 0x9e, 0x0c, 0xf0, 0x67, 0x83, 0x3c,
    0x19, 0xe0, 0xcf, 0x06, 0x78, 0x33, 0xa0, 0x30, 0x0b, 0x66, 0xac, 0x35, 0xe0, 0xcf, 0x06, 0x78,
    0x33, 0xc1, 0x9e, 0x0c, 0xf0, 0x67, 0x83, 0x3c, 0x19, 0xe0, 0xcf, 0x06, 0x78, 0x33, 0xc1, 0x9e,
    0x0c, 0xf0, 0x67, 0x83, 0x3c, 0x19, 0xe0, 0xcf, 0x06, 0x78, 0x33, 0xc1, 0x9e, 0x0c, 0xf0, 0x67,
    0x83, 0x3c, 0x19, 0xe0, 0xcf, 0x06, 0x78, 0x33, 0xc1, 0x9e, 0x0c, 0xf0, 0x67, 0x83, 0x3c, 0x19,
    0xe0, 0xcf, 0x06, 0x78, 0x33, 0xc1, 0x9e, 0x0c, 0xf0, 0x67, 0x83, 0x3c, 0x19, 0xe0, 0xcf, 0x06,
    0x78, 0x33, 0xc1, 0x9e, 0x0c, 0xf0, 0x67, 0x83, 0x3c, 0x19, 0xe0, 0xcf, 0x06, 0x78, 0x33, 0xc1,
    0x9e, 0x0c, 0xf0, 0x67, 0x83, 0x3c, 0x19, 0xe0, 0xcf, 0x06, 0x78, 0x33, 0xc1, 0x9e, 0x0c, 0xf0,
    0x67, 0x83, 0x3c, 0x19, 0xe0, 0xcf, 0x06, 0x78, 0x33, 0xc1, 0x9e, 0x0c, 0xf0, 0x67, 0x83, 0x3c,
    0x19, 0xe0, 0xcf, 0x06, 0x78, 0x33, 0xc1, 0x9e, 0x0c, 0xf0, 0x67, 0x83, 0x3c, 0x19, 0xe0, 0xcf,
    0x06, 0x78, 0x33, 0xc1, 0x9e, 0x0c, 0xe8, 0x0c, 0x02, 0xd9, 0xab, 0x0d, 0x78, 0x33, 0xc1, 0x9e,
    0x0c, 0xf0, 0x67, 0x83, 0x3c, 0x19, 0xe0, 0xcf, 0x06, 0x78, 0x33, 0xc1, 0x9e, 0x0c, 0xf0, 0x67,
    0x83, 0x3c, 0x19, 0xe0, 0xcf, 0x06, 0x78, 0x33, 0xc1, 0x9e, 0x0c, 0xf0, 0x67, 0x83, 0x3c, 0x19,
    0xe0, 0xcf, 0x06, 0x78, 0x33, 0xc1, 0x9e, 0x0c, 0xf0, 0x67, 0x83, 0x3c, 0x19, 0xe0, 0xcf, 0x06,
    0x78, 0x33, 0xc1, 0x9e, 0x0c, 0xf0, 0x67, 0x83, 0x3c, 0x19, 0xe0, 0xcf, 0x06, 0x78, 0x33, 0xc1,
    0x9e, 0x0c, 0xf0, 0x67, 0x83, 0x3c, 0x19, 0xe0, 0xcf, 0x06, 0x78, 0x33, 0xc1, 0x9e, 0x0c, 0xf0,
    0x67, 0x83, 0x3c, 0x19, 0xe0, 0xcf, 0x06, 0x78, 0x33, 0xc1, 0x9e, 0x0c, 0xf0, 0x67, 0x83, 0x3c,
    0x19, 0xe0, 0xcf, 0x06, 0x78, 0x33, 0xc1, 0x9e, 0x0c, 0xf0, 0x67, 0x83, 0x3c, 0x19, 0xe0, 0xcf,
    0x06, 0x78, 0x33, 0xc1, 0x9e, 0x0c, 0xf0, 0x67, 0x83, 0x3c, 0x19, 0xe0, 0xcf, 0x06, 0x78, 0x33,
    0xc1, 0x9e, 0x0c, 0xf0, 0x67, 0x83, 0x3a, 0x03, 0x00, 0xb6, 0x6a, 0xc3, 0x5e, 0x0c, 0xf0, 0x67,
    0x83, 0x3c, 0x19, 0xe0, 0xcf, 0x06, 0x78, 0x33, 0xc1, 0x9e, 0x0c, 0xf0, 0x67, 0x83, 0x3c, 0x19,
    0xe0, 0xcf, 0x06, 0x78, 0x33, 0xc1, 0x9e, 0x0c, 0xf0, 0x67, 0x83, 0x3c, 0x19, 0xe0, 0xcf, 0x06,
    0x78, 0x33, 0xc1, 0x9e, 0x0c, 0xf0, 0x67, 0x83, 0x3c, 0x19, 0xe0, 0xcf, 0x06, 0x78, 0x33, 0xc1,
    0x9e, 0x0c, 0xf0, 0x67, 0x83, 0x3c, 0x19, 0xe0, 0xcf, 0x06, 0x78, 0x33, 0xc1, 0x9e, 0x0c, 0xf0,
    0x67, 0x83, 0x3c, 0x19, 0xe0, 0xcf, 0x06, 0x78, 0x33, 0xc1, 0x9e, 0x0c, 0xf0, 0x67, 0x83, 0x3c,
    0x19, 0xe0, 0xcf, 0x06, 0x78, 0x33, 0xc1, 0x9e, 0x0c, 0xf0, 0x67, 0x83, 0x3c, 0x19, 0xe0, 0xcf,
    0x06, 0x78, 0x33, 0xc1, 0x9e, 0x0c, 0xf0, 0x67, 0x83, 0x3c, 0x19, 0xe0, 0xcf, 0x06, 0x78, 0x33,
    0xc1, 0x9e, 0x0c, 0xf0, 0x67, 0x83, 0x3c, 0x19, 0xe0, 0xcf, 0x06, 0x78, 0x33, 0xc1, 0x9e, 0x0c,
    0xf0, 0x67, 0x83, 0x3c, 0x19, 0xe0, 0xce, 0x80, 0xc0, 0x2d, 0x9a, 0xb0, 0xd7, 0x83, 0x3c, 0x19,
    0xe0, 0xcf, 0x06, 0x78, 0x33, 0xc1, 0x9e, 0x0c, 0xf0, 0x67, 0x83, 0x3c, 0x19, 0xe0, 0xcf, 0x06,
    0x78, 0x33, 0xc1, 0x9e, 0x0c, 0xf0, 0x67, 0x83, 0x3c, 0x19, 0xe0, 0xcf, 0x06, 0x78, 0x33, 0xc1,
    0x9e, 0x0c, 0xf0, 0x67, 0x83, 0x3c, 0x19, 0xe0, 0xcf, 0x06, 0x78, 0x33, 0xc1, 0x9e, 0x0c, 0xf0,
    0x67, 0x83, 0x3c, 0x19, 0xe0, 0xcf, 0x06, 0x78, 0x33, 0xc1, 0x9e, 0x0c, 0xf0, 0x67, 0x83, 0x3c,
    0x19, 0xe0, 0xcf, 0x06, 0x78, 0x33, 0xc1, 0x9e, 0x0c, 0xf0, 0x67, 0x83, 0x3c, 0x19, 0xe0, 0xcf,
    0x06, 0x78, 0x33, 0xc1, 0x9e, 0x0c, 0xf0, 0x67, 0x83, 0x3c, 0x19, 0xe0, 0xcf, 0x06, 0x78, 0x33,
    0xc1, 0x9e, 0x0c, 0xf0, 0x67, 0x83, 0x3c, 0x19, 0xe0, 0xcf, 0x06, 0x78, 0x33, 0xc1, 0x9e, 0x0c,
    0xf0, 0x67, 0x83, 0x3c, 0x19, 0xe0, 0xcf, 0x06, 0x78, 0x33, 0xc1, 0x9e, 0x0c, 0xf0, 0x67, 0x83,
    0x3c, 0x19, 0xe0, 0xcf, 0x06, 0x78, 0x33, 0xa0, 0x30, 0x0b, 0x66, 0xac, 0x35, 0xe0, 0xcf, 0x06,
    0x78, 0x33, 0xc1, 0x9e, 0x0c, 0xf0, 0x67, 0x83, 0x3c, 0x19, 0xe0, 0xcf, 0x06, 0x78, 0x33, 0xc1,
    0x9e, 0x0c, 0xf0, 0x67, 0x83, 0x3c, 0x19, 0xe0, 0xcf, 0x06, 0x78, 0x33, 0xc1, 0x9e, 0x0c, 0xf0,
    0x67, 0x83, 0x3c, 0x19, 0xe0, 0xcf, 0x06, 0x78, 0x33, 0xc1, 0x9e, 0x0c, 0xf0, 0x67, 0x83, 0x3c,
    0x19, 0xe0, 0xcf, 0x06, 0x78, 0x33, 0xc1, 0x9e, 0x0c, 0xf0, 0x67, 0x83, 0x3c, 0x19, 0xe0, 0xcf,
    0x06, 0x78, 0x33, 0xc1, 0x9e, 0x0c, 0xf0, 0x67, 0x83, 0x3c, 0x19, 0xe0, 0xcf, 0x06, 0x78, 0x33,
    0xc1, 0x9e, 0x0c, 0xf0, 0x67, 0x83, 0x3c, 0x19, 0xe0, 0xcf, 0x06, 0x78, 0x33, 0xc1, 0x9e, 0x0c,
    0xf0, 0x67, 0x83, 0x3c, 0x19, 0xe0, 0xcf, 0x06, 0x78, 0x33, 0xc1, 0x9e, 0x0c, 0xf0, 0x67, 0x83,
    0x3c, 0x19, 0xe0, 0xcf, 0x06, 0x78, 0x33, 0xc1, 0x9e, 0x0c, 0xf0, 0x67, 0x83, 0x3c, 0x19, 0xe0,
    0xcf, 0x06, 0x78, 0x33, 0xc1, 0x9e, 0x0c, 0xe8, 0x0c, 0x02, 0xd9, 0xab, 0x0d, 0x78, 0x33, 0xc1,
    0x9e, 0x0c, 0xf0, 0x67, 0x83, 0x3c, 0x19, 0xe0, 0xcf, 0x06, 0x78, 0x33, 0xc1, 0x9e, 0x0c, 0xf0,
    0x67, 0x83, 0x3c, 0x19, 0xe0, 0xcf, 0x06, 0x78, 0x33, 0xc1, 0x9e, 0x0c, 0xf0, 0x67, 0x83, 0x3c,
    0x19, 0xe0, 0xcf, 0x06, 0x78, 0x33, 0xc1, 0x9e, 0x0c, 0xf0, 0x67, 0x83, 0x3c, 0x19, 0xe0, 0xcf,
    0x06, 0x78, 0x33, 0xc1, 0x9e, 0x0c, 0xf0, 0x67, 0x83, 0x3c, 0x19, 0xe0, 0xcf, 0x06, 0x78, 0x33,
    0xc1, 0x9e, 0x0c, 0xf0, 0x67, 0x83, 0x3c, 0x19, 0xe0, 0xcf, 0x06, 0x78, 0x33, 0xc1, 0x9e, 0x0c,
    0xf0, 0x67, 0x83, 0x3c, 0x19, 0xe0, 0xcf, 0x06, 0x78, 0x33, 0xc1, 0x9e, 0x0c, 0xf0, 0x67, 0x83,
    0x3c, 0x19, 0xe0, 0xcf, 0x06, 0x78, 0x33, 0xc1, 0x9e, 0x0c, 0xf0, 0x67, 0x83, 0x3c, 0x19, 0xe0,
    0xcf, 0x06, 0x78, 0x33, 0xc1, 0x9e, 0x0c, 0xf0, 0x67, 0x83, 0x3c, 0x19, 0xe0, 0xcf, 0x06, 0x78,
    0x33, 0xc1, 0x9e, 0x0c, 0xf0, 0x67, 0x83, 0x3a, 0x03, 0x00, 0xb6, 0x6a, 0xc3, 0x5e, 0x0c, 0xf0,
    0x67, 0x83, 0x3c, 0x19, 0xe0, 0xcf, 0x06, 0x78, 0x33, 0xc1, 0x9e, 0x0c, 0xf0, 0x67, 0x83, 0x3c,
    0x19, 0xe0, 0xcf, 0x06, 0x78, 0x33, 0xc1, 0x9e, 0x0c, 0xf0, 0x67, 0x83, 0x3c, 0x19, 0xe0, 0xcf,
    0x06, 0x78, 0x33, 0xc1, 0x9e, 0x0c, 0xf0, 0x67, 0x83, 0x3c, 0x19, 0xe0, 0xcf, 0x06, 0x78, 0x33,
    0xc1, 0x9e, 0x0c, 0xf0, 0x67, 0x83, 0x3c, 0x19, 0xe0, 0xcf, 0x06, 0x78, 0x33, 0xc1, 0x9e, 0x0c,
    0xf0, 0x67, 0x83, 0x3c, 0x19, 0xe0, 0xcf, 0x06, 0x78, 0x33, 0xc1, 0x9e, 0x0c, 0xf0, 0x67, 0x83,
    0x3c, 0x19, 0xe0, 0xcf, 0x06, 0x78, 0x33, 0xc1, 0x9e, 0x0c, 0xf0, 0x67, 0x83, 0x3c, 0x19, 0xe0,
    0xcf, 0x06, 0x78, 0x33, 0xc1, 0x9e, 0x0c, 0xf0, 0x67, 0x83, 0x3c, 0x19, 0xe0, 0xcf, 0x06, 0x78,
    0x33, 0xc1, 0x9e, 0x0c, 0xf0, 0x67, 0x83, 0x3c, 0x19, 0xe0, 0xcf, 0x06, 0x78, 0x33, 0xc1, 0x9e,
    0x0c, 0xf0, 0x67, 0x83, 0x3c, 0x19, 0xe0, 0xcf, 0x06, 0x78, 0x33, 0xc1, 0x9e, 0x0c, 0xf0, 0x67,
    0x83, 0x3c, 0x19, 0xe0, 0xcf, 0x06, 0x78, 0x33, 0xc1, 0x9e, 0x0c, 0xf0, 0x67, 0x83, 0x3c, 0x19,
    0xe0, 0xcf, 0x06, 0x78, 0x33, 0xc1, 0x9e, 0x0c, 0xf0, 0x67, 0x83, 0x3c, 0x19, 0xe0, 0xcf, 0x06,
    0x78, 0x33, 0xc1, 0x9e, 0x0c, 0xf0, 0x67, 0x83, 0x3c, 0x19, 0xe0, 0xcf, 0x06, 0x78, 0x33, 0xc1,
    0x9e, 0x0c, 0xf0, 0x67, 0x83, 0x3c, 0x19, 0xe0, 0xcf, 0x06, 0x78, 0x33, 0xc1, 0x9e, 0x0c, 0xf0,
    0x67, 0x83, 0x3c, 0x19, 0xe0, 0xcf, 0x06, 0x78, 0x33, 0xc1, 0x9e, 0x0c, 0xf0, 0x67, 0x83, 0x3c,
    0x19, 0xe0, 0xcf, 0x06, 0x78, 0x33, 0xc1, 0x9e, 0x0c, 0xf0, 0x67, 0x83, 0x3c, 0x19, 0xe0, 0xcf,
    0x06, 0x78, 0x33, 0xc1, 0x9e, 0x0c, 0xf0, 0x67, 0x83, 0x3c, 0x19, 0xe0, 0xcf, 0x06, 0x78, 0x33,
    0xc1, 0x9e, 0x0c, 0xf0, 0x67, 0x83, 0x3c, 0x19, 0xe0, 0xcf, 0x06, 0x78, 0x33, 0xc1, 0x9e, 0x0c,
    0xf0, 0x67, 0x83, 0x3e, 0x01, 0x01, 0x80, 0x5b, 0x35, 0x61, 0xaf, 0x06, 0x78, 0x33, 0xc1, 0x9e,
    0x0c, 0xf0, 0x67, 0x83, 0x3c, 0x19, 0xe0, 0xcf, 0x06, 0x78, 0x33, 0xc1, 0x9e, 0x0c, 0xf0, 0x67,
    0x83, 0x3c, 0x19, 0xe0, 0xcf, 0x06, 0x78, 0x33, 0xc1, 0x9e, 0x0c, 0xf0, 0x67, 0x83, 0x3c, 0x19,
    0xe0, 0xcf, 0x06, 0x78, 0x33, 0x60, 0x55, 0x00, 0x6c, 0x51, 0x25, 0xe2, 0x7f, 0x06, 0x78, 0x33,
    0xc1, 0x9e, 0x0c, 0xf0, 0x67, 0x83, 0x3c, 0x19, 0xe0, 0xcf, 0x06, 0x78, 0x33, 0xc1, 0x9e, 0x0c,
    0xf0, 0x67, 0x83, 0x3c, 0x19, 0xe0, 0xcf, 0x06, 0x78, 0x33, 0xc1, 0x9e, 0x0c, 0xf0, 0x67, 0x83,
    0x3c, 0x19, 0xe0, 0xcf, 0x06, 0x78, 0x33, 0xc1, 0x9e, 0x0c, 0xf0, 0x67, 0x83, 0x3c, 0x19, 0xe0,
    0xcf, 0x06, 0x78, 0x30, 0xa0, 0x55, 0x00, 0x6c, 0x51, 0x25, 0xe1, 0xaf, 0x0d, 0x79, 0x0b, 0xc1,
    0x9e, 0x0c, 0xf0, 0x67, 0x96, 0xfc, 0xb7, 0xe1, 0xaf, 0x0d, 0x78, 0x33, 0xc1, 0x9e, 0x0c, 0xf0,
    0x67, 0x83, 0x3c, 0x19, 0xe0, 0xcf, 0x06, 0x78, 0x33, 0xc1, 0x9e, 0x0c, 0xf0, 0x67, 0x83, 0x3c,
    0x17, 0x10, 0x18, 0x05, 0xb3, 0x56, 0x1a, 0xf0, 0x67, 0x83, 0x3c, 0x19, 0xe0, 0xcf, 0x06, 0x78,
    0x33, 0xc1, 0x9e, 0x0c, 0xf0, 0x67, 0x83, 0x3c, 0x19, 0xe0, 0xcf, 0x06, 0x78, 0x33, 0xc1, 0x9e,
    0x0c, 0xf0, 0x67, 0x40, 0xaa, 0x00, 0xd8, 0xa2, 0x4b, 0xc3, 0x5e, 0x1a, 0xf2, 0x17, 0x83, 0x3c,
    0x19, 0xe0, 0xcf, 0x2d, 0xf9, 0x6f, 0xc3, 0x5e, 0x1a, 0xf0, 0x67, 0x83, 0x3c, 0x19, 0xe0, 0xcf,
    0x06, 0x78, 0x33, 0xc1, 0x9e, 0x0c, 0xf0, 0x67, 0x83, 0x3c, 0x19, 0xe0, 0xcf, 0x06, 0x78, 0x33,
    0xc1, 0x9e, 0x0c, 0xf0, 0x67, 0x83, 0x3c, 0x19, 0xe0, 0xcf, 0x06, 0x78, 0x33, 0xc1, 0x9e, 0x0c,
    0xf0, 0x67, 0x83, 0x3c, 0x19, 0xe0, 0xcf, 0x06, 0x78, 0x33, 0xc1, 0x9e, 0x0c, 0xf0, 0x67, 0x83,
    0x12, 0x05, 0x50, 0x06, 0xc5, 0x12, 0x5e, 0x1a, 0xf0, 0xd7, 0x90, 0xbc, 0x19, 0xe0, 0xcf, 0x06,
    0x79, 0x6f, 0xcb, 0x7e, 0x1a, 0xf0, 0xd7, 0x83, 0x3c, 0x19, 0xe0, 0xcf, 0x06, 0x78, 0x33, 0xc1,
    0x9e, 0x0c, 0xf0, 0x67, 0x83, 0x3c, 0x19, 0xe0, 0xcf, 0x06, 0x78, 0x33, 0xc1, 0x71, 0x01, 0x80,
    0x5b, 0x35, 0x61, 0xaf, 0x06, 0x78, 0x33, 0xc1, 0x9e, 0x0c, 0xf0, 0x67, 0x83, 0x3c, 0x19, 0xe0,
    0xcf, 0x06, 0x78, 0x33, 0xc1, 0x9e, 0x0c, 0xf0, 0x67, 0x83, 0x3c, 0x19, 0xe0, 0xcf, 0x06, 0x74,
    0x0a, 0xa0, 0x0d, 0x8a, 0x24, 0xbc, 0x35, 0xe1, 0xaf, 0x21, 0x78, 0x33, 0xc1, 0x9e, 0x0c, 0xf2,
    0xdf, 0x96, 0xfc, 0x35, 0xe1, 0xaf, 0x06, 0x78, 0x33, 0xc1, 0x9e, 0x0c, 0xf0, 0x67, 0x83, 0x3c,
    0x19, 0xe0, 0xcf, 0x06, 0x78, 0x33, 0xc1, 0x9e, 0x0c, 0xf0, 0x67, 0x83, 0x3c, 0x19, 0xe0, 0xcf,
    0x06, 0x78, 0x33, 0xc1, 0x9e, 0x0c, 0xf0, 0x67, 0x83, 0x3c, 0x19, 0xe0, 0xcf, 0x06, 0x78, 0x33,
    0xc1, 0x9e, 0x0c, 0xf0, 0x67, 0x83, 0x3c, 0x19, 0xe0, 0xcf, 0x06, 0x78, 0x31, 0x20, 0x55, 0x00,
    0x6c, 0x51, 0x25, 0xe1, 0xaf, 0x0d, 0x79, 0x0b, 0xc1, 0x9e, 0x0c, 0xf0, 0x67, 0x96, 0xfc, 0xb7,
    0xe1, 0xaf, 0x0d, 0x78, 0x33, 0xc1, 0x9e, 0x0c, 0xf0, 0x67, 0x83, 0x3c, 0x19, 0xe0, 0xcf, 0x06,
    0x78, 0x33, 0xc1, 0x9e, 0x0c, 0xf0, 0x67, 0x83, 0x3c, 0x17, 0x10, 0x18, 0x05, 0xb3, 0x56, 0x1a,
    0xf0, 0x67, 0x83, 0x3c, 0x19, 0xe0, 0xcf, 0x06, 0x78, 0x33, 0xc1, 0x9e, 0x0c, 0xf0, 0x67, 0x83,
    0x3c, 0x19, 0xe0, 0xcf, 0x06, 0x78, 0x33, 0xc1, 0x9e, 0x0c, 0xf0, 0x67, 0x40, 0xaa, 0x00, 0xd8,
    0xa2, 0x4b, 0xc3, 0x5e, 0x1a, 0xf2, 0x17, 0x83, 0x3c, 0x19, 0xe0, 0xcf, 0x2d, 0xf9, 0x6f, 0xc3,
    0x5e, 0x1a, 0xf0, 0x67, 0x83, 0x3c, 0x19, 0xe0, 0xcf, 0x06, 0x78, 0x33, 0xc1, 0x9e, 0x0c, 0xf0,
    0x67, 0x83, 0x3c, 0x19, 0xe0, 0xcf, 0x06, 0x78, 0x33, 0xc1, 0x9e, 0x0c, 0xf0, 0x67, 0x83, 0x3c,
    0x19, 0xe0, 0xcf, 0x06, 0x78, 0x33, 0xc1, 0x9e, 0x0c, 0xf0, 0x67, 0x83, 0x3c, 0x19, 0xe0, 0xcf,
    0x06, 0x78, 0x33, 0xc1, 0x9e, 0x0c, 0xf0, 0x67, 0x83, 0x12, 0x05, 0x50, 0x06, 0xc5, 0x12, 0x5e,
    0x1a, 0xf0, 0xd7, 0x90, 0xbc, 0x19, 0xe0, 0xcf, 0x06, 0x79, 0x6f, 0xcb, 0x7e, 0x1a, 0xf0, 0xd7,
    0x83, 0x3c, 0x19, 0xe0, 0xcf, 0x06, 0x78, 0x33, 0xc1, 0x9e, 0x0c, 0xf0, 0x67, 0x83, 0x3c, 0x19,
    0xe0, 0xcf, 0x06, 0x78, 0x33, 0xc1, 0x71, 0x01, 0x80, 0x5b, 0x35, 0x61, 0xaf, 0x06, 0x78, 0x33,
    0xc1, 0x9e, 0x0c, 0xf0, 0x67, 0x83, 0x3c, 0x19, 0xe0, 0xcf, 0x06, 0x78, 0x33, 0xc1, 0x9e, 0x0c,
    0xf0, 0x67, 0x83, 0x3c, 0x19, 0xe0, 0xcf, 0x06, 0x74, 0x0a, 0xa0, 0x0d, 0x8a, 0x24, 0xbc, 0x35,
    0xe1, 0xaf, 0x21, 0x78, 0x33, 0xc1, 0x9e, 0x0c, 0xf2, 0xdf, 0x96, 0xfc, 0x35, 0xe1, 0xaf, 0x06,
    0x78, 0x33, 0xc1, 0x9e, 0x0c, 0xf0, 0x67, 0x83, 0x3c, 0x19, 0xe0, 0xcf, 0x06, 0x78, 0x33, 0xc1,
    0x9e, 0x0c, 0xf0, 0x67, 0x83, 0x3c, 0x19, 0xe0, 0xcf, 0x06, 0x78, 0x33, 0xc1, 0x9e, 0x0c, 0xf0,
    0x67, 0x83, 0x3c, 0x19, 0xe0, 0xcf, 0x06, 0x78, 0x33, 0xc1, 0x9e, 0x0c, 0xf0, 0x67, 0x83, 0x3c,
    0x19, 0xe0, 0xcf, 0x06, 0x78, 0x31, 0x20, 0x55, 0x00, 0x6c, 0x51, 0x25, 0xe1, 0xaf, 0x0d, 0x79,
    0x0b, 0xc1, 0x9e, 0x0c, 0xf0, 0x67, 0x96, 0xfc, 0xb7, 0xe1, 0xaf, 0x0d, 0x78, 0x33, 0xc1, 0x9e,
    0x0c, 0xf0, 0x67, 0x83, 0x3c, 0x19, 0xe0, 0xcf, 0x06, 0x78, 0x33, 0xc1, 0x9e, 0x0c, 0xf0, 0x67,
    0x83, 0x3c, 0x17, 0x10, 0x18, 0x05, 0xb3, 0x56, 0x1a, 0xf0, 0x67, 0x83, 0x3c, 0x19, 0xe0, 0xcf,
    0x06, 0x78, 0x33, 0xc1, 0x9e, 0x0c, 0xf0, 0x67, 0x83, 0x3c, 0x19, 0xe0, 0xcf, 0x06, 0x78, 0x33,
    0xc1, 0x9e, 0x0c, 0xf0, 0x67, 0x40, 0xaa, 0x00, 0xd8, 0xa2, 0x4b, 0xc1, 0xbe, 0x0d, 0xf0, 0x6d,
    0x14, 0x7c, 0x19, 0xe0, 0xcf, 0x35, 0xf9, 0x3f, 0xc1, 0xbe, 0x6b, 0xf2, 0x8f, 0x83, 0x3c, 0x19,
    0xe0, 0xcf, 0x06, 0x78, 0x33, 0xc1, 0x9e, 0x0c, 0xf0, 0x67, 0x83, 0x3c, 0x19, 0xe0, 0xcf, 0x06,
    0x78, 0x33, 0xc1, 0x9e, 0x0c, 0xf0, 0x67, 0x83, 0x3c, 0x19, 0xe0, 0xcf, 0x06, 0x78, 0x33, 0xc1,
    0x9e, 0x0c, 0xf0, 0x67, 0x83, 0x3c, 0x19, 0xe0, 0xcf, 0x06, 0x78, 0x33, 0xc1, 0x9e, 0x0c, 0xf0,
    0x67, 0x83, 0x36, 0x05, 0x50, 0x06, 0xc5, 0x12, 0x5e, 0x1a, 0xf0, 0xd7, 0x90, 0xbc, 0x19, 0xe0,
    0xcf, 0x27, 0x79, 0x3a, 0x8b, 0x9e, 0x28, 0xf0, 0xd7, 0x94, 0x3c, 0x19, 0xe0, 0xcf, 0x06, 0x78,
    0x33, 0xc1, 0x9e, 0x0c, 0xf0, 0x67, 0x83, 0x3c, 0x19, 0xe0, 0xcf, 0x06, 0x78, 0x33, 0xc1, 0x9d,
    0x01, 0x80, 0x5b, 0x35, 0x61, 0xaf, 0x06, 0x78, 0x33, 0xc1, 0x9e, 0x0c, 0xf0, 0x67, 0x83, 0x3c,
    0x19, 0xe0, 0xcf, 0x06, 0x78, 0x33, 0xc1, 0x9e, 0x0c, 0xf0, 0x67, 0x83, 0x3c, 0x19, 0xe0, 0xcf,
    0x06, 0x74, 0x0a, 0xa0, 0x0d, 0x8a, 0x24, 0xbc, 0x1b, 0xe0, 0xdf, 0x06, 0xd1, 0x47, 0xc1, 0x9e,
    0x0c, 0xf3, 0x5f, 0x93, 0xfc, 0x1b, 0xe6, 0xbf, 0x28, 0xf8, 0x33, 0xc1, 0x9e, 0x0c, 0xf0, 0x67,
    0x83, 0x3c, 0x19, 0xe0, 0xcf, 0x06, 0x78, 0x33, 0xc1, 0x9e, 0x0c, 0xf0, 0x67, 0x83, 0x3c, 0x19,
    0xe0, 0xcf, 0x06, 0x78, 0x33, 0xc1, 0x9e, 0x0c, 0xf0, 0x67, 0x83, 0x3c, 0x19, 0xe0, 0xcf, 0x06,
    0x78, 0x33, 0xc1, 0x9e, 0x0c, 0xf0, 0x67, 0x83, 0x3c, 0x19, 0xe0, 0xcf, 0x06, 0x78, 0x33, 0x60,
    0x55, 0x00, 0x6c, 0x51, 0x25, 0xe0, 0xdf, 0x06, 0xf8, 0x36, 0x8a, 0x3e, 0x0c, 0xf0, 0x67, 0x9a,
    0xfc, 0x9f, 0xe0, 0xdf, 0x35, 0xf9, 0x47, 0xc1, 0x9e, 0x0c, 0xf0, 0x67, 0x83, 0x3c, 0x19, 0xe0,
    0xcf, 0x06, 0x78, 0x33, 0xc1, 0x9e, 0x0c, 0xf0, 0x67, 0x83, 0x3c, 0x19, 0xe0, 0x01, 0x80, 0xc0,
    0x2d, 0x9a, 0xb0, 0xd7, 0x83, 0x3c, 0x19, 0xe0, 0xcf, 0x06, 0x78, 0x33, 0xc1, 0x9e, 0x0c, 0xf0,
    0x67, 0x83, 0x3c, 0x19, 0xe0, 0xcf, 0x06, 0x78, 0x33, 0xc1, 0x9e, 0x0c, 0xf0, 0x67, 0x83, 0x3a,
    0x05, 0x50, 0x06, 0xc5, 0x12, 0x5e, 0x0d, 0xf0, 0x6f, 0x83, 0x68, 0xa3, 0xe0, 0xcf, 0x06, 0x79,
    0xaf, 0xc9, 0xfe, 0x0d, 0xf3, 0x5f, 0x94, 0x7c, 0x19, 0xe0, 0xcf, 0x06, 0x78, 0x33, 0xc1, 0x9e,
    0x0c, 0xf0, 0x67, 0x83, 0x3c, 0x19, 0xe0, 0xcf, 0x06, 0x78, 0x33, 0xc1, 0x9e, 0x0c, 0xf0, 0x67,
    0x83, 0x3c, 0x19, 0xe0, 0xcf, 0x06, 0x78, 0x33, 0xc1, 0x9e, 0x0c, 0xf0, 0x67, 0x83, 0x3c, 0x19,
    0xe0, 0xcf, 0x06, 0x78, 0x33, 0xc1, 0x9e, 0x0c, 0xf0, 0x67, 0x83, 0x3c, 0x19, 0xb0, 0x2a, 0x80,
    0x36, 0x28, 0x92, 0xf0, 0xd7, 0x86, 0xac, 0x51, 0xe5, 0x0f, 0x06, 0x78, 0x33, 0xc9, 0xfe, 0x0d,
    0xf0, 0x6f, 0x9a, 0xfc, 0xa3, 0xe0, 0xcf, 0x06, 0x78, 0x33, 0xc1, 0x9e, 0x0c, 0xf0, 0x67, 0x83,
    0x3c, 0x19, 0xe0, 0xcf, 0x06, 0x78, 0x33, 0xc1, 0x9e, 0x0c, 0xf0, 0x67, 0x83, 0x3c, 0x19, 0xe0,
    0xcf, 0x06, 0x78, 0x33, 0xc1, 0x9e, 0x0c, 0xf0, 0x67, 0x83, 0x3c, 0x19, 0xe0, 0xcf, 0x06, 0x78,
    0x33, 0xc1, 0x9e, 0x0c, 0xf0, 0x67, 0x83, 0x3c, 0x18, 0x30, 0x2a, 0x80, 0x36, 0x28, 0x92, 0xf0,
    0x6f, 0x83, 0x7c, 0x1b, 0x45, 0x1f, 0x06, 0x78, 0x33, 0xcd, 0x7e, 0x4f, 0xf0, 0x6f, 0x9a, 0xfc,
    0xa3, 0xe0, 0xcf, 0x06, 0x78, 0x33, 0xc1, 0x9e, 0x0c, 0xf0, 0x67, 0x83, 0x3c, 0x19, 0xe0, 0xcf,
    0x06, 0x78, 0x33, 0xc1, 0x9e, 0x0c, 0xf0, 0x67, 0x83, 0x3c, 0x19, 0xe0, 0xcf, 0x06, 0x78, 0x33,
    0xc1, 0x9e, 0x0c, 0xf0, 0x67, 0x83, 0x3c, 0x19, 0xe0, 0xcf, 0x06, 0x78, 0x33, 0xc1, 0x9e, 0x0c,
    0xf0, 0x67, 0x83, 0x3c, 0x19, 0xe0, 0xcd, 0x81, 0x54, 0x01, 0xb1, 0x44, 0x97, 0x83, 0x7c, 0x1b,
    0xe0, 0xda, 0x28, 0xf8, 0x33, 0xc1, 0x9e, 0x6b, 0xf2, 0x7f, 0x83, 0x7c, 0xd7, 0xe5, 0x1f, 0x06,
    0x78, 0x33, 0xc1, 0x9e, 0x0c, 0xf0, 0x67, 0x83, 0x3c, 0x19, 0xe0, 0xcf, 0x06, 0x78, 0x33, 0xc1,
    0x9e, 0x0c, 0xf0, 0x67, 0x80, 0x06, 0x03, 0x00, 0xb6, 0x6a, 0xc3, 0x5e, 0x0c, 0xf0, 0x67, 0x83,
    0x3c, 0x19, 0xe0, 0xcf, 0x06, 0x78, 0x33, 0xc1, 0x9e, 0x0c, 0xf0, 0x67, 0x83, 0x3c, 0x19, 0xe0,
    0xcf, 0x06, 0x78, 0x33, 0xc1, 0x9e, 0x0c, 0xe8, 0x15, 0x40, 0x1b, 0x14, 0x49, 0x78, 0x37, 0xc1,
    0xbe, 0x0d, 0xa2, 0x8f, 0x83, 0x3c, 0x19, 0xe6, 0xbf, 0x27, 0xf8, 0x37, 0xcd, 0x7e, 0x51, 0xf0,
    0x67, 0x83, 0x3c, 0x19, 0xe0, 0xcf, 0x06, 0x78, 0x33, 0xc1, 0x9e, 0x0c, 0xf0, 0x67, 0x83, 0x3c,
    0x19, 0xe0, 0xcf, 0x06, 0x78, 0x33, 0xc1, 0x9e, 0x0c, 0xf0, 0x67, 0x83, 0x3c, 0x19, 0xe0, 0xcf,
    0x06, 0x78, 0x33, 0xc1, 0x9e, 0x0c, 0xf0, 0x67, 0x83, 0x3c, 0x19, 0xe0, 0xcf, 0x06, 0x78, 0x33,
    0xc1, 0x9e, 0x0c, 0xf0, 0x66, 0xc0, 0xaa, 0x00, 0xd8, 0xa2, 0x4b, 0xc1, 0xbe, 0x0d, 0xf0, 0x6d,
    0x14, 0x7c, 0x19, 0xe0, 0xcf, 0x35, 0xf9, 0x3f, 0xc1, 0xbe, 0x6b, 0xf2, 0x8f, 0x83, 0x3c, 0x19,
    0xe0, 0xcf, 0x06, 0x78, 0x33, 0xc1, 0x9e, 0x0c, 0xf0, 0x67, 0x83, 0x3c, 0x19, 0xe0, 0xcf, 0x06,
    0x78, 0x33, 0xc0, 0x03, 0x01, 0x80, 0x5b, 0x35, 0x61, 0xaf, 0x06, 0x78, 0x33, 0xc1, 0x9e, 0x0c,
    0xf0, 0x67, 0x83, 0x3c, 0x19, 0xe0, 0xcf, 0x06, 0x78, 0x33, 0xc1, 0x9e, 0x0c, 0xf0, 0x67, 0x83,
    0x3c, 0x19, 0xe0, 0xcf, 0x06, 0x74, 0x0a, 0xa0, 0x0d, 0x8a, 0x24, 0xbc, 0x1b, 0xe0, 0xdf, 0x06,
    0xd1, 0x47, 0xc1, 0x9e, 0x0c, 0xf3, 0x5f, 0x93, 0xfc, 0x1b, 0xe6, 0xbf, 0x28, 0xf8, 0x33, 0xc1,
    0x9e, 0x0c, 0xf0, 0x67, 0x83, 0x3c, 0x19, 0xe0, 0xcf, 0x06, 0x78, 0x33, 0xc1, 0x9e, 0x0c, 0xf0,
    0x67, 0x83, 0x3c, 0x19, 0xe0, 0xcf, 0x06, 0x78, 0x33, 0xc1, 0x9e, 0x0c, 0xf0, 0x67, 0x83, 0x3c,
    0x19, 0xe0, 0xcf, 0x06, 0x78, 0x33, 0xc1, 0x9e, 0x0c, 0xf0, 0x67, 0x83, 0x3c, 0x19, 0xe0, 0xcf,
    0x06, 0x78, 0x33, 0x60, 0x55, 0x00, 0x6c, 0x51, 0x25, 0xe0, 0xdf, 0x06, 0xf8, 0x36, 0x8a, 0x3e,
    0x0c, 0xf0, 0x67, 0x9a, 0xfc, 0x9f, 0xe0, 0xdf, 0x35, 0xf9, 0x47, 0xc1, 0x9e, 0x0c, 0xf0, 0x67,
    0x83, 0x3c, 0x19, 0xe0, 0xcf, 0x06, 0x78, 0x33, 0xc1, 0x9e, 0x0c, 0xf0, 0x67, 0x83, 0x3c, 0x19,
    0xe0, 0x01, 0x80, 0xc0, 0x2d, 0x9a, 0xb0, 0xd7, 0x83, 0x3c, 0x19, 0xe0, 0xcf, 0x06, 0x78, 0x33,
    0xc1, 0x9e, 0x0c, 0xf0, 0x67, 0x83, 0x3c, 0x19, 0xe0, 0xcf, 0x06, 0x78, 0x33, 0xc1, 0x9e, 0x0c,
    0xf0, 0x67, 0x83, 0x3a, 0x05, 0x50, 0x06, 0xc5, 0x12, 0x5e, 0x0d, 0xf0, 0x6f, 0x83, 0x68, 0xa3,
    0xe0, 0xcf, 0x06, 0x79, 0xaf, 0xc9, 0xfe, 0x0d, 0xf3, 0x5f, 0x94, 0x7c, 0x19, 0xe0, 0xcf, 0x06,
    0x78, 0x33, 0xc1, 0x9e, 0x0c, 0xf0, 0x67, 0x83, 0x3c, 0x19, 0xe0, 0xcf, 0x06, 0x78, 0x33, 0xc1,
    0x9e, 0x0c, 0xf0, 0x67, 0x83, 0x3c, 0x19, 0xe0, 0xcf, 0x06, 0x78, 0x33, 0xc1, 0x9e, 0x0c, 0xf0,
    0x67, 0x83, 0x3c, 0x19, 0xe0, 0xcf, 0x06, 0x78, 0x33, 0xc1, 0x9e, 0x0c, 0xf0, 0x67, 0x83, 0x3c,
    0x19, 0xb0, 0x2a, 0x80, 0x36, 0x28, 0x92, 0xf0, 0x6f, 0x83, 0x7c, 0x1b, 0x45, 0x1f, 0x06, 0x78,
    0x33, 0xcd, 0x7e, 0x4f, 0xf0, 0x6f, 0x9a, 0xfc, 0xa3, 0xe0, 0xcf, 0x06, 0x78, 0x33, 0xc1, 0x9e,
    0x0c, 0xf0, 0x67, 0x83, 0x3c, 0x19, 0xe0, 0xcf, 0x06, 0x78, 0x33, 0xc1, 0x9e, 0x0c, 0xf0, 0x00,
    0xc0, 0x60, 0x16, 0xcd, 0x58, 0x6b, 0xc1, 0x9e, 0x0c, 0xf0, 0x67, 0x83, 0x3c, 0x19, 0xe0, 0xcf,
    0x06, 0x78, 0x33, 0xc1, 0x9e, 0x0c, 0xf0, 0x67, 0x83, 0x3c, 0x19, 0xe0, 0xcf, 0x06, 0x78, 0x33,
    0xc1, 0x9e, 0x0c, 0xf0, 0x67, 0x83, 0x3c, 0x19, 0xe0, 0xcf, 0x06, 0x78, 0x33, 0xc1, 0x9e, 0x0c,
    0xf0, 0x67, 0x83, 0x3c, 0x19, 0xe0, 0xcf, 0x06, 0x78, 0x33, 0xc1, 0x9e, 0x0c, 0xf0, 0x67, 0x83,
    0x3c, 0x19, 0xe0, 0xcf, 0x06, 0x78, 0x33, 0xc1, 0x9e, 0x0c, 0xf0, 0x67, 0x83, 0x3c, 0x19, 0xe0,
    0xcf, 0x06, 0x78, 0x33, 0xc1, 0x9e, 0x0c, 0xf0, 0x67, 0x83, 0x3c, 0x19, 0xe0, 0xcf, 0x06, 0x78,
    0x33, 0xc1, 0x9e, 0x0c, 0xf0, 0x67, 0x83, 0x3c, 0x19, 0xe0, 0xcf, 0x06, 0x78, 0x33, 0xc1, 0x9e,
    0x0c, 0xf0, 0x67, 0x83, 0x3c, 0x19, 0xe0, 0xcf, 0x06, 0x78, 0x33, 0xc1, 0x9e, 0x0c, 0xf0, 0x67,
    0x83, 0x3c, 0x19, 0xe0, 0xcf, 0x06, 0x78, 0x33, 0xc1, 0x9e, 0x0c, 0xf0, 0x67, 0x83, 0x3c, 0x19,
    0xd0, 0x18, 0x05, 0xb3, 0x56, 0x1a, 0xf0, 0x67, 0x83, 0x3c, 0x19, 0xe0, 0xcf, 0x06, 0x78, 0x33,
    0xc1, 0x9e, 0x0c, 0xf0, 0x67, 0x83, 0x3c, 0x19, 0xe0, 0xcf, 0x06, 0x78, 0x33, 0xc1, 0x9e, 0x0c,
    0xf0, 0x67, 0x83, 0x3c, 0x19, 0xe0, 0xcf, 0x06, 0x78, 0x33, 0xc1, 0x9e, 0x0c, 0xf0, 0x67, 0x83,
    0x3c, 0x19, 0xe0, 0xcf, 0x06, 0x78, 0x33, 0xc1, 0x9e, 0x0c, 0xf0, 0x67, 0x83, 0x3c, 0x19, 0xe0,
    0xcf, 0x06, 0x78, 0x33, 0xc1, 0x9e, 0x0c, 0xf0, 0x67, 0x83, 0x3c, 0x19, 0xe0, 0xcf, 0x06, 0x78,
    0x33, 0xc1, 0x9e, 0x0c, 0xf0, 0x67, 0x83, 0x3c, 0x19, 0xe0, 0xcf, 0x06, 0x78, 0x33, 0xc1, 0x9e,
    0x0c, 0xf0, 0x67, 0x83, 0x3c, 0x19, 0xe0, 0xcf, 0x06, 0x78, 0x33, 0xc1, 0x9e, 0x0c, 0xf0, 0x67,
    0x83, 0x3c, 0x19, 0xe0, 0xcf, 0x06, 0x78, 0x33, 0xc1, 0x9e, 0x0c, 0xf0, 0x67, 0x83, 0x3c, 0x19,
    0xe0, 0xcf, 0x06, 0x78, 0x33, 0xc1, 0x9e, 0x0c, 0xf0, 0x67, 0x83, 0x3c, 0x19, 0xe0, 0xcf, 0x06,
    0x74, 0x06, 0x01, 0x6c, 0xd5, 0x86, 0xbc, 0x19, 0xe0, 0xcf, 0x06, 0x78, 0x33, 0xc1, 0x9e, 0x0c,
    0xf0, 0x67, 0x83, 0x3c, 0x19, 0xe0, 0xcf, 0x06, 0x78, 0x33, 0xc1, 0x9e, 0x0c, 0xf0, 0x67, 0x83,
    0x3c, 0x19, 0xe0, 0xcf, 0x06, 0x78, 0x33, 0xc1, 0x9e, 0x0c, 0xf0, 0x67, 0x83, 0x3c, 0x19, 0xe0,
    0xcf, 0x06, 0x78, 0x33, 0xc1, 0x9e, 0x0c, 0xf0, 0x67, 0x83, 0x3c, 0x19, 0xe0, 0xcf, 0x06, 0x78,
    0x33, 0xc1, 0x9e, 0x0c, 0xf0, 0x67, 0x83, 0x3c, 0x19, 0xe0, 0xcf, 0x06, 0x78, 0x33, 0xc1, 0x9e,
    0x0c, 0xf0, 0x67, 0x83, 0x3c, 0x19, 0xe0, 0xcf, 0x06, 0x78, 0x33, 0xc1, 0x9e, 0x0c, 0xf0, 0x67,
    0x83, 0x3c, 0x19, 0xe0, 0xcf, 0x06, 0x78, 0x33, 0xc1, 0x9e, 0x0c, 0xf0, 0x67, 0x83, 0x3c, 0x19,
    0xe0, 0xcf, 0x06, 0x78, 0x33, 0xc1, 0x9e, 0x0c, 0xf0, 0x67, 0x83, 0x3c, 0x19, 0xe0, 0xcf, 0x06,
    0x78, 0x33, 0xc1, 0x9e, 0x0c, 0xf0, 0x67, 0x83, 0x3c, 0x19, 0xe0, 0xcf, 0x06, 0x78, 0x33, 0xc1,
    0x9d, 0x01, 0x80, 0x5b, 0x35, 0x61, 0xaf, 0x06, 0x78, 0x33, 0xc1, 0x9e, 0x0c, 0xf0, 0x67, 0x83,
    0x3c, 0x19, 0xe0, 0xcf, 0x06, 0x78, 0x33, 0xc1, 0x9e, 0x0c, 0xf0, 0x67, 0x83, 0x3c, 0x19, 0xe0,
    0xcf, 0x06, 0x78, 0x33, 0xc1, 0x9e, 0x0c, 0xf0, 0x67, 0x83, 0x3c, 0x19, 0xe0, 0xcf, 0x06, 0x78,
    0x33, 0xc1, 0x9e, 0x0c, 0xf0, 0x67, 0x83, 0x3c, 0x19, 0xe0, 0xcf, 0x06, 0x78, 0x33, 0xc1, 0x9e,
    0x0c, 0xf0, 0x67, 0x83, 0x3c, 0x19, 0xe0, 0xcf, 0x06, 0x78, 0x33, 0xc1, 0x9e, 0x0c, 0xf0, 0x67,
    0x83, 0x3c, 0x19, 0xe0, 0xcf, 0x06, 0x78, 0x33, 0xc1, 0x9e, 0x0c, 0xf0, 0x67, 0x83, 0x3c, 0x19,
    0xe0, 0xcf, 0x06, 0x78, 0x33, 0xc1, 0x9e, 0x0c, 0xf0, 0x67, 0x83, 0x3c, 0x19, 0xe0, 0xcf, 0x06,
    0x78, 0x33, 0xc1, 0x9e, 0x0c, 0xf0, 0x67, 0x83, 0x3c, 0x19, 0xe0, 0xcf, 0x06, 0x78, 0x33, 0xc1,
    0x9e, 0x0c, 0xf0, 0x67, 0x83, 0x3c, 0x19, 0xe0, 0xcf, 0x06, 0x78, 0x33, 0xc1, 0x9e, 0x0c, 0xf0,
    0x67, 0x40, 0x60, 0x16, 0xcd, 0x58, 0x6b, 0xc1, 0x9e, 0x0c, 0xf0, 0x67, 0x83, 0x3c, 0x19, 0xe0,
    0xcf, 0x06, 0x78, 0x33, 0xc1, 0x9e, 0x0c, 0xf0, 0x67, 0x83, 0x3c, 0x19, 0xe0, 0xcf, 0x06, 0x78,
    0x33, 0xc1, 0x9e, 0x0c, 0xf0, 0x67, 0x83, 0x3c, 0x19, 0xe0, 0xcf, 0x06, 0x78, 0x33, 0xc1, 0x9e,
    0x0c, 0xf0, 0x67, 0x83, 0x3c, 0x19, 0xe0, 0xcf, 0x06, 0x78, 0x33, 0xc1, 0x9e, 0x0c, 0xf0, 0x67,
    0x83, 0x3c, 0x19, 0xe0, 0xcf, 0x06, 0x78, 0x33, 0xc1, 0x9e, 0x0c, 0xf0, 0x67, 0x83, 0x3c, 0x19,
    0xe0, 0xcf, 0x06, 0x78, 0x33, 0xc1, 0x9e, 0x0c, 0xf0, 0x67, 0x83, 0x3c, 0x19, 0xe0, 0xcf, 0x06,
    0x78, 0x33, 0xc1, 0x9e, 0x0c, 0xf0, 0x67, 0x83, 0x3c, 0x19, 0xe0, 0xcf, 0x06, 0x78, 0x33, 0xc1,
    0x9e, 0x0c, 0xf0, 0x67, 0x83, 0x3c, 0x19, 0xe0, 0xcf, 0x06, 0x78, 0x33, 0xc1, 0x9e, 0x0c, 0xf0,
    0x67, 0x83, 0x3c, 0x19, 0xe0, 0xcf, 0x06, 0x78, 0x33, 0xc1, 0x9e, 0x0c, 0xf0, 0x67, 0x83, 0x3c,
    0x19, 0xe0, 0xcf, 0x06, 0x78, 0x33, 0xc1, 0x9e, 0x0c, 0xf0, 0x67, 0x83, 0x3c, 0x19, 0xe0, 0xcf,
    0x06, 0x78, 0x33, 0xc1, 0x9e, 0x0c, 0xf0, 0x67, 0x83, 0x3c, 0x19, 0xe0, 0xcf, 0x06, 0x78, 0x33,
    0xc1, 0x9e, 0x0c, 0xf0, 0x67, 0x83, 0x3c, 0x19, 0xe0, 0xcf, 0x06, 0x78, 0x33, 0xc1, 0x9e, 0x0c,
    0xf0, 0x67, 0x83, 0x3c, 0x19, 0xe0, 0xcf, 0x06, 0x78, 0x33, 0xc1, 0x9e, 0x0c, 0xf0, 0x67, 0x83,
    0x3c, 0x19, 0xe0, 0xcf, 0x06, 0x78, 0x33, 0xc1, 0x9e, 0x0c, 0xf0, 0x67, 0x83, 0x3c, 0x19, 0xe0,
    0xcf, 0x06, 0x78, 0x33, 0xc1, 0x9e, 0x0c, 0xf0, 0x67, 0x83, 0x3c, 0x19, 0xe0, 0xcf, 0x06, 0x78,
    0x33, 0xc1, 0x9e, 0x0c, 0xf0, 0x67, 0x83, 0x3c, 0x19, 0xe0, 0xcf, 0x06, 0x78, 0x33, 0xc1, 0x9e,
    0x0c, 0xf0, 0x67, 0x83, 0x3c, 0x19, 0xe0, 0xcf, 0x06, 0x78, 0x33, 0xc1, 0x9e, 0x0c, 0xf0, 0x67,
    0x83, 0x3c, 0x19, 0xe0, 0xcf, 0x06, 0x78, 0x33, 0xc1, 0x9e, 0x0c, 0xf0, 0x67, 0xc0, 0x20, 0x30,
    0x0b, 0x66, 0xac, 0x35, 0xe0, 0xcf, 0x06, 0x78, 0x33, 0xc1, 0x9e, 0x0c, 0xf0, 0x67, 0x83, 0x3c,
    0x19, 0xe0, 0xcf, 0x06, 0x78, 0x33, 0xc1, 0x9e, 0x0c, 0xf0, 0x67, 0x83, 0x3c, 0x19, 0xe0, 0xcf,
    0x06, 0x78, 0x33, 0xc1, 0x9e, 0x0c, 0xf0, 0x67, 0x83, 0x3c, 0x19, 0xe0, 0xcf, 0x06, 0x78, 0x33,
    0xc1, 0x9e, 0x0c, 0xf0, 0x67, 0x83, 0x3c, 0x19, 0xe0, 0xcf, 0x06, 0x78, 0x33, 0xc1, 0x9e, 0x0c,
    0xf0, 0x67, 0x83, 0x3c, 0x19, 0xe0, 0xcf, 0x06, 0x78, 0x33, 0xc1, 0x9e, 0x0c, 0xf0, 0x67, 0x83,
    0x3c, 0x19, 0xe0, 0xcf, 0x06, 0x78, 0x33, 0xc1, 0x9e, 0x0c, 0xf0, 0x67, 0x83, 0x3c, 0x19, 0xe0,
    0xcf, 0x06, 0x78, 0x33, 0xc1, 0x9e, 0x0c, 0xf0, 0x67, 0x83, 0x3c, 0x19, 0xe0, 0xcf, 0x06, 0x78,
    0x33, 0xc1, 0x9e, 0x0c, 0xf0, 0x67, 0x83, 0x3c, 0x19, 0xe0, 0xcf, 0x06, 0x78, 0x33, 0xc1, 0x9e,
    0x0c, 0xf0, 0x67, 0x83, 0x3c, 0x19, 0xe0, 0xcf, 0x06, 0x78, 0x33, 0xc1, 0x9e, 0x0c, 0xe8, 0x0c,
    0x02, 0xd9, 0xab, 0x0d, 0x78, 0x33, 0xc1, 0x9e, 0x0c, 0xf0, 0x67, 0x83, 0x3c, 0x19, 0xe0, 0xcf,
    0x06, 0x78, 0x33, 0xc1, 0x9e, 0x0c, 0xf0, 0x67, 0x83, 0x3c, 0x19, 0xe0, 0xcf, 0x06, 0x78, 0x33,
    0xc1, 0x9e, 0x0c, 0xf0, 0x67, 0x83, 0x3c, 0x19, 0xe0, 0xcf, 0x06, 0x78, 0x33, 0xc1, 0x9e, 0x0c,
    0xf0, 0x67, 0x83, 0x3c, 0x19, 0xe0, 0xcf, 0x06, 0x78, 0x33, 0xc1, 0x9e, 0x0c, 0xf0, 0x67, 0x83,
    0x3c, 0x19, 0xe0, 0xcf, 0x06, 0x78, 0x33, 0xc1, 0x9e, 0x0c, 0xf0, 0x67, 0x83, 0x3c, 0x19, 0xe0,
    0xcf, 0x06, 0x78, 0x33, 0xc1, 0x9e, 0x0c, 0xf0, 0x67, 0x83, 0x3c, 0x19, 0xe0, 0xcf, 0x06, 0x78,
    0x33, 0xc1, 0x9e, 0x0c, 0xf0, 0x67, 0x83, 0x3c, 0x19, 0xe0, 0xcf, 0x06, 0x78, 0x33, 0xc1, 0x9e,
    0x0c, 0xf0, 0x67, 0x83, 0x3c, 0x19, 0xe0, 0xcf, 0x06, 0x78, 0x33, 0xc1, 0x9e, 0x0c, 0xf0, 0x67,
    0x83, 0x3c, 0x19, 0xe0, 0xcf, 0x06, 0x78, 0x33, 0xc1, 0x9e, 0x0c, 0xf0, 0x67, 0x83, 0x3a, 0x03,
    0x00, 0xb6, 0x6a, 0xc3, 0x5e, 0x0c, 0xf0, 0x67, 0x83, 0x3c, 0x19, 0xe0, 0xcf, 0x06, 0x78, 0x33,
    0xc1, 0x9e, 0x0c, 0xf0, 0x67, 0x83, 0x3c, 0x19, 0xe0, 0xcf, 0x06, 0x78, 0x33, 0xc1, 0x9e, 0x0c,
    0xf0, 0x67, 0x83, 0x3c, 0x19, 0xe0, 0xcf, 0x06, 0x78, 0x33, 0xc1, 0x9e, 0x0c, 0xf0, 0x67, 0x83,
    0x3c, 0x19, 0xe0, 0xcf, 0x06, 0x78, 0x33, 0xc1, 0x9e, 0x0c, 0xf0, 0x67, 0x83, 0x3c, 0x19, 0xe0,
    0xcf, 0x06, 0x78, 0x33, 0xc1, 0x9e, 0x0c, 0xf0, 0x67, 0x83, 0x3c, 0x19, 0xe0, 0xcf, 0x06, 0x78,
    0x33, 0xc1, 0x9e, 0x0c, 0xf0, 0x67, 0x83, 0x3c, 0x19, 0xe0, 0xcf, 0x06, 0x78, 0x33, 0xc1, 0x9e,
    0x0c, 0xf0, 0x67, 0x83, 0x3c, 0x19, 0xe0, 0xcf, 0x06, 0x78, 0x33, 0xc1, 0x9e, 0x0c, 0xf0, 0x67,
    0x83, 0x3c, 0x19, 0xe0, 0xcf, 0x06, 0x78, 0x33, 0xc1, 0x9e, 0x0c, 0xf0, 0x67, 0x83, 0x3c, 0x19,
    0xe0, 0xcf, 0x06, 0x78, 0x33, 0xc1, 0x9e, 0x0c, 0xf0, 0x67, 0x83, 0x3c, 0x19, 0xe0, 0xce, 0x80,
    0xc0, 0x2d, 0x9a, 0xb0, 0xd7, 0x83, 0x3c, 0x19, 0xe0, 0xcf, 0x06, 0x78, 0x33, 0xc1, 0x9e, 0x0c,
    0xf0, 0x67, 0x83, 0x3c, 0x19, 0xe0, 0xcf, 0x06, 0x78, 0x33, 0xc1, 0x9e, 0x0c, 0xf0, 0x67, 0x83,
    0x3c, 0x19, 0xe0, 0xcf, 0x06, 0x78, 0x33, 0xc1, 0x9e, 0x0c, 0xf0, 0x67, 0x83, 0x3c, 0x19, 0xe0,
    0xcf, 0x06, 0x78, 0x33, 0xc1, 0x9e, 0x0c, 0xf0, 0x67, 0x83, 0x3c, 0x19, 0xe0, 0xcf, 0x06, 0x78,
    0x33, 0xc1, 0x9e, 0x0c, 0xf0, 0x67, 0x83, 0x3c, 0x19, 0xe0, 0xcf, 0x06, 0x78, 0x33, 0xc1, 0x9e,
    0x0c, 0xf0, 0x67, 0x83, 0x3c, 0x19, 0xe0, 0xcf, 0x06, 0x78, 0x33, 0xc1, 0x9e, 0x0c, 0xf0, 0x67,
    0x83, 0x3c, 0x19, 0xe0, 0xcf, 0x06, 0x78, 0x33, 0xc1, 0x9e, 0x0c, 0xf0, 0x67, 0x83, 0x3c, 0x19,
    0xe0, 0xcf, 0x06, 0x78, 0x33, 0xc1, 0x9e, 0x0c, 0xf0, 0x67, 0x83, 0x3c, 0x19, 0xe0, 0xcf, 0x06,
    0x78, 0x33, 0xc1, 0x9e, 0x0c, 0xf0, 0x67, 0x83, 0x3c, 0x19, 0xe0, 0xcf, 0x06, 0x78, 0x33, 0xc1,
    0x9e, 0x0c, 0xf0, 0x67, 0x83, 0x3c, 0x19, 0xe0, 0xcf, 0x06, 0x78, 0x33, 0xc1, 0x9e, 0x0c, 0xf0,
    0x67, 0x83, 0x3c, 0x19, 0xe0, 0xcf, 0x06, 0x78, 0x33, 0xc1, 0x9e, 0x0c, 0xf0, 0x67, 0x83, 0x3c,
    0x19, 0xe0, 0xcf, 0x06, 0x78, 0x33, 0xc1, 0x9e, 0x0c, 0xf0, 0x67, 0x83, 0x3c, 0x19, 0xe0, 0xcf,
    0x06, 0x78, 0x33, 0xc1, 0x9e, 0x0c, 0xf0, 0x67, 0x83, 0x3c, 0x19, 0xe0, 0xcf, 0x06, 0x78, 0x33,
    0xc1, 0x9e, 0x0c, 0xf0, 0x67, 0x83, 0x3c, 0x19, 0xe0, 0xcf, 0x06, 0x78, 0x33, 0xc1, 0x9e, 0x0c,
    0xf0, 0x67, 0x83, 0x3c, 0x19, 0xe0, 0xcf, 0x06, 0x78, 0x33, 0xc1, 0x9e, 0x0c, 0xf0, 0x67, 0x83,
    0x3c, 0x19, 0xe0, 0xcf, 0x06, 0x78, 0x33, 0xc1, 0x9e, 0x0c, 0xf0, 0x67, 0x83, 0x3c, 0x19, 0xe0,
    0xcf, 0x06, 0x78, 0x33, 0xc1, 0x9e, 0x0c, 0xf0, 0x67, 0x83, 0x3c, 0x19, 0xe0, 0xcf, 0x06, 0x78,
    0x33, 0xc1, 0x9e, 0x0c, 0xf0, 0x67, 0x83, 0x3c, 0x19, 0xe0, 0xcf, 0x06, 0x78, 0x33, 0xc1, 0x9e,
    0x0c, 0xf0, 0x67, 0x83, 0x3c, 0x19, 0xe0, 0xcf, 0x06, 0x78, 0x33, 0xc1, 0x9e, 0x0c, 0xf0, 0x67,
    0x83, 0x3c, 0x19, 0xe0, 0xcf, 0x06, 0x78, 0x33, 0xc1, 0x9e, 0x0c, 0xf0, 0x67, 0x83, 0x3c, 0x19,
    0xe0, 0xcf, 0x06, 0x78, 0x33, 0xc1, 0x9e, 0x0c, 0xf0, 0x67, 0x83, 0x3c, 0x19, 0xe0, 0xcf, 0x06,
    0x78, 0x33, 0xc1, 0x9e, 0x0c, 0xf0, 0x67, 0x83, 0x3c, 0x19, 0xe0, 0xcf, 0x06, 0x78, 0x33, 0xc1,
    0x9e, 0x0c, 0xf0, 0x67, 0x83, 0x3c, 0x19, 0xe0, 0xcf, 0x06, 0x78, 0x33, 0xc1, 0x9e, 0x0c, 0xf0,
    0x67, 0x83, 0x3c, 0x19, 0xe0, 0xcf, 0x06, 0x78, 0x33, 0xc1, 0x9e, 0x0c, 0xf0, 0x67, 0x83, 0x3c,
    0x19, 0xe0, 0xcf, 0x06, 0x78, 0x33, 0xc1, 0x9e, 0x0c, 0xf0, 0x67, 0x83, 0x3c, 0x19, 0xe0, 0xcf,
    0x06, 0x78, 0x33, 0xc1, 0x9e, 0x0c, 0xf0, 0x67, 0x83, 0x3c, 0x19, 0xe0, 0xcf, 0x06, 0x78, 0x33,
    0xc1, 0x9e, 0x0c, 0xf0, 0x67, 0x83, 0x3c, 0x00, 0x50, 0x18, 0x05, 0xb3, 0x56, 0x1a, 0xf0, 0x67,
    0x83, 0x3c, 0x19, 0xe0, 0xcf, 0x06, 0x78, 0x33, 0xc1, 0x9e, 0x0c, 0xf0, 0x67, 0x83, 0x3c, 0x19,
    0xe0, 0xcf, 0x06, 0x78, 0x33, 0xc1, 0x9e, 0x0c, 0xf0, 0x67, 0x83, 0x3c, 0x19, 0xe0, 0xcf, 0x06,
    0x78, 0x33, 0xc1, 0x9e, 0x0c, 0xf0, 0x67, 0x83, 0x3c, 0x19, 0xe0, 0xcf, 0x06, 0x78, 0x33, 0xc1,
    0x9e, 0x0c, 0xf0, 0x67, 0x83, 0x3c, 0x19, 0xe0, 0xcf, 0x06, 0x78, 0x33, 0xc1, 0x9e, 0x0c, 0xf0,
    0x67, 0x83, 0x3c, 0x19, 0xe0, 0xcf, 0x06, 0x78, 0x33, 0xc1, 0x9e, 0x0c, 0xf0, 0x67, 0x83, 0x3c,
    0x19, 0xe0, 0xcf, 0x06, 0x78, 0x33, 0xc1, 0x9e, 0x0c, 0xf0, 0x67, 0x83, 0x3c, 0x19, 0xe0, 0xcf,
    0x06, 0x78, 0x33, 0xc1, 0x9e, 0x0c, 0xf0, 0x67, 0x83, 0x3c, 0x19, 0xe0, 0xcf, 0x06, 0x78, 0x33,
    0xc1, 0x9e, 0x0c, 0xf0, 0x67, 0x83, 0x3c, 0x19, 0xe0, 0xcf, 0x06, 0x78, 0x33, 0xc1, 0x9e, 0x0c,
    0xf0, 0x67, 0x83, 0x3c, 0x19, 0xe0, 0xcf, 0x06, 0x74, 0x06, 0x01, 0x6c, 0xd5, 0x86, 0xbc, 0x19,
    0xe0, 0xcf, 0x06, 0x78, 0x33, 0xc1, 0x9e, 0x0c, 0xf0, 0x67, 0x83, 0x3c, 0x19, 0xe0, 0xcf, 0x06,
    0x78, 0x33, 0xc1, 0x9e, 0x0c, 0xf0, 0x67, 0x83, 0x3c, 0x19, 0xe0, 0xcf, 0x06, 0x78, 0x33, 0xc1,
    0x9e, 0x0c, 0xf0, 0x67, 0x83, 0x3c, 0x19, 0xe0, 0xcf, 0x06, 0x78, 0x33, 0xc1, 0x9e, 0x0c, 0xf0,
    0x67, 0x83, 0x3c, 0x19, 0xe0, 0xcf, 0x06, 0x78, 0x33, 0xc1, 0x9e, 0x0c, 0xf0, 0x67, 0x83, 0x3c,
    0x19, 0xe0, 0xcf, 0x06, 0x78, 0x33, 0xc1, 0x9e, 0x0c, 0xf0, 0x67, 0x83, 0x3c, 0x19, 0xe0, 0xcf,
    0x06, 0x78, 0x33, 0xc1, 0x9e, 0x0c, 0xf0, 0x67, 0x83, 0x3c, 0x19, 0xe0, 0xcf, 0x06, 0x78, 0x33,
    0xc1, 0x9e, 0x0c, 0xf0, 0x67, 0x83, 0x3c, 0x19, 0xe0, 0xcf, 0x06, 0x78, 0x33, 0xc1, 0x9e, 0x0c,
    0xf0, 0x67, 0x83, 0x3c, 0x19, 0xe0, 0xcf, 0x06, 0x78, 0x33, 0xc1, 0x9e, 0x0c, 0xf0, 0x67, 0x83,
    0x3c, 0x19, 0xe0, 0xcf, 0x06, 0x78, 0x33, 0xc1, 0x9d, 0x01, 0x80, 0x5b, 0x35, 0x61, 0xaf, 0x06,
    0x78, 0x33, 0xc1, 0x9e, 0x0c, 0xf0, 0x67, 0x83, 0x3c, 0x19, 0xe0, 0xcf, 0x06, 0x78, 0x33, 0xc1,
    0x9e, 0x0c, 0xf0, 0x67, 0x83, 0x3c, 0x19, 0xe0, 0xcf, 0x06, 0x78, 0x33, 0xc1, 0x9e, 0x0c, 0xf0,
    0x67, 0x83, 0x3c, 0x19, 0xe0, 0xcf, 0x06, 0x78, 0x33, 0xc1, 0x9e, 0x0c, 0xf0, 0x67, 0x83, 0x3c,
    0x19, 0xe0, 0xcf, 0x06, 0x78, 0x33, 0xc1, 0x9e, 0x0c, 0xf0, 0x67, 0x83, 0x3c, 0x19, 0xe0, 0xcf,
    0x06, 0x78, 0x33, 0xc1, 0x9e, 0x0c, 0xf0, 0x67, 0x83, 0x3c, 0x19, 0xe0, 0xcf, 0x06, 0x78, 0x33,
    0xc1, 0x9e, 0x0c, 0xf0, 0x67, 0x83, 0x3c, 0x19, 0xe0, 0xcf, 0x06, 0x78, 0x33, 0xc1, 0x9e, 0x0c,
    0xf0, 0x67, 0x83, 0x3c, 0x19, 0xe0, 0xcf, 0x06, 0x78, 0x33, 0xc1, 0x9e, 0x0c, 0xf0, 0x67, 0x83,
    0x3c, 0x19, 0xe0, 0xcf, 0x06, 0x78, 0x33, 0xc1, 0x9e, 0x0c, 0xf0, 0x67, 0x83, 0x3c, 0x19, 0xe0,
    0xcf, 0x06, 0x78, 0x33, 0xc1, 0x9e, 0x0c, 0xf0, 0x67, 0x40, 0x60, 0x16, 0xcd, 0x58, 0x6b, 0xc1,
    0x9e, 0x0c, 0xf0, 0x67, 0x83, 0x3c, 0x19, 0xe0, 0xcf, 0x06, 0x78, 0x33, 0xc1, 0x9e, 0x0c, 0xf0,
    0x67, 0x83, 0x3c, 0x19, 0xe0, 0xcf, 0x06, 0x78, 0x33, 0xc1, 0x9e, 0x0c, 0xf0, 0x67, 0x83, 0x3c,
    0x19, 0xe0, 0xcf, 0x06, 0x78, 0x33, 0xc1, 0x9e, 0x0c, 0xf0, 0x67, 0x83, 0x3c, 0x19, 0xe0, 0xcf,
    0x06, 0x78, 0x33, 0xc1, 0x9e, 0x0c, 0xf0, 0x67, 0x83, 0x3c, 0x19, 0xe0, 0xcf, 0x06, 0x78, 0x33,
    0xc1, 0x9e, 0x0c, 0xf0, 0x67, 0x83, 0x3c, 0x19, 0xe0, 0xcf, 0x06, 0x78, 0x33, 0xc1, 0x9e, 0x0c,
    0xf0, 0x67, 0x83, 0x3c, 0x19, 0xe0, 0xcf, 0x06, 0x78, 0x33, 0xc1, 0x9e, 0x0c, 0xf0, 0x67, 0x83,
    0x3c, 0x19, 0xe0, 0xcf, 0x06, 0x78, 0x33, 0xc1, 0x9e, 0x0c, 0xf0, 0x67, 0x83, 0x3c, 0x19, 0xe0,
    0xcf, 0x06, 0x78, 0x33, 0xc1, 0x9e, 0x0c, 0xf0, 0x67, 0x83, 0x3c, 0x19, 0xe0, 0xcf, 0x06, 0x78,
    0x33, 0xc1, 0x9e, 0x0c, 0xf0, 0x67, 0x83, 0x3c, 0x19, 0xe0, 0xcf, 0x06, 0x78, 0x33, 0xc1, 0x9e,
    0x0c, 0xf0, 0x67, 0x83, 0x3c, 0x19, 0xe0, 0xcf, 0x06, 0x78, 0x33, 0xc1, 0x9e, 0x0c, 0xf0, 0x67,
    0x83, 0x3c, 0x19, 0xe0, 0xcf, 0x06, 0x78, 0x33, 0xc1, 0x9e, 0x0c, 0xf0, 0x67, 0x83, 0x3c, 0x19,
    0xe0, 0xcf, 0x06, 0x78, 0x33, 0xc1, 0x9e, 0x0c, 0xf0, 0x67, 0x83, 0x3c, 0x19, 0xe0, 0xcf, 0x06,
    0x78, 0x33, 0xc1, 0x9e, 0x0c, 0xf0, 0x67, 0x83, 0x3c, 0x19, 0xe0, 0xcf, 0x06, 0x78, 0x33, 0xc1,
    0x9e, 0x0c, 0xf0, 0x67, 0x83, 0x3c, 0x19, 0xe0, 0xcf, 0x06, 0x78, 0x33, 0xc1, 0x9e, 0x0c, 0xf0,
    0x67, 0x83, 0x3c, 0x19, 0xe0, 0xcf, 0x06, 0x78, 0x33, 0xc1, 0x9e, 0x0c, 0xf0, 0x67, 0x83, 0x3c,
    0x19, 0xe0, 0xcf, 0x06, 0x78, 0x33, 0xc1, 0x9e, 0x0c, 0xf0, 0x67, 0x83, 0x3c, 0x19, 0xe0, 0xcf,
    0x06, 0x78, 0x33, 0xc1, 0x9e, 0x0c, 0xf0, 0x67, 0x83, 0x3c, 0x19, 0xe0, 0xcf, 0x06, 0x78, 0x33,
    0xc1, 0x9e, 0x0c, 0xf0, 0x67, 0xc0, 0x20, 0x30, 0x0b, 0x66, 0xac, 0x35, 0xe0, 0xcf, 0x06, 0x78,
    0x33, 0xc1, 0x9e, 0x0c, 0xf0, 0x67, 0x83, 0x3c, 0x19, 0xe0, 0xcf, 0x06, 0x78, 0x33, 0xc1, 0x9e,
    0x0c, 0xf0, 0x67, 0x83, 0x3c, 0x19, 0xe0, 0xcf, 0x06, 0x78, 0x33, 0xc1, 0x9e, 0x0c, 0xf0, 0x67,
    0x83, 0x3c, 0x19, 0xe0, 0xcf, 0x06, 0x78, 0x33, 0xc1, 0x9e, 0x0c, 0xf0, 0x67, 0x83, 0x3c, 0x19,
    0xe0, 0xcf, 0x06, 0x78, 0x33, 0xc1, 0x9e, 0x0c, 0xf0, 0x67, 0x83, 0x3c, 0x19, 0xe0, 0xcf, 0x06,
    0x78, 0x33, 0xc1, 0x9e, 0x0c, 0xf0, 0x67, 0x83, 0x3c, 0x19, 0xe0, 0xcf, 0x06, 0x78, 0x33, 0xc1,
    0x9e, 0x0c, 0xf0, 0x67, 0x83, 0x3c, 0x19, 0xe0, 0xcf, 0x06, 0x78, 0x33, 0xc1, 0x9e, 0x0c, 0xf0,
    0x67, 0x83, 0x3c, 0x19, 0xe0, 0xcf, 0x06, 0x78, 0x33, 0xc1, 0x9e, 0x0c, 0xf0, 0x67, 0x83, 0x3c,
    0x19, 0xe0, 0xcf, 0x06, 0x78, 0x33, 0xc1, 0x9e, 0x0c, 0xf0, 0x67, 0x83, 0x3c, 0x19, 0xe0, 0xcf,
    0x06, 0x78, 0x33, 0xc1, 0x9e, 0x0c, 0xe8, 0x0c, 0x02, 0xd9, 0xab, 0x0d, 0x78, 0x33, 0xc1, 0x9e,
    0x0c, 0xf0, 0x67, 0x83, 0x3c, 0x19, 0xe0, 0xcf, 0x06, 0x78, 0x33, 0xc1, 0x9e, 0x0c, 0xf0, 0x67,
    0x83, 0x3c, 0x19, 0xe0, 0xcf, 0x06, 0x78, 0x33, 0xc1, 0x9e, 0x0c, 0xf0, 0x67, 0x83, 0x3c, 0x19,
    0xe0, 0xcf, 0x06, 0x78, 0x33, 0xc1, 0x9e, 0x0c, 0xf0, 0x67, 0x83, 0x3c, 0x19, 0xe0, 0xcf, 0x06,
    0x78, 0x33, 0xc1, 0x9e, 0x0c, 0xf0, 0x67, 0x83, 0x3c, 0x19, 0xe0, 0xcf, 0x06, 0x78, 0x33, 0xc1,
    0x9e, 0x0c, 0xf0, 0x67, 0x83, 0x3c, 0x19, 0xe0, 0xcf, 0x06, 0x78, 0x33, 0xc1, 0x9e, 0x0c, 0xf0,
    0x67, 0x83, 0x3c, 0x19, 0xe0, 0xcf, 0x06, 0x78, 0x33, 0xc1, 0x9e, 0x0c, 0xf0, 0x67, 0x83, 0x3c,
    0x19, 0xe0, 0xcf, 0x06, 0x78, 0x33, 0xc1, 0x9e, 0x0c, 0xf0, 0x67, 0x83, 0x3c, 0x19, 0xe0, 0xcf,
    0x06, 0x78, 0x33, 0xc1, 0x9e, 0x0c, 0xf0, 0x67, 0x83, 0x3c, 0x19, 0xe0, 0xcf, 0x06, 0x78, 0x33,
    0xc1, 0x9e, 0x0c, 0xf0, 0x67, 0x83, 0x3a, 0x03, 0x00, 0xb6, 0x6a, 0xc3, 0x5e, 0x0c, 0xf0, 0x67,
    0x83, 0x3c, 0x19, 0xe0, 0xcf, 0x06, 0x78, 0x33, 0xc1, 0x9e, 0x0c, 0xf0, 0x67, 0x83, 0x3c, 0x19,
    0xe0, 0xcf, 0x06, 0x78, 0x33, 0xc1, 0x9e, 0x0c, 0xf0, 0x67, 0x83, 0x3c, 0x19, 0xe0, 0xcf, 0x06,
    0x78, 0x33, 0xc1, 0x9e, 0x0c, 0xf0, 0x67, 0x83, 0x3c, 0x19, 0xe0, 0xcf, 0x06, 0x78, 0x33, 0xc1,
    0x9e, 0x0c, 0xf0, 0x67, 0x83, 0x3c, 0x19, 0xe0, 0xcf, 0x06, 0x78, 0x33, 0xc1, 0x9e, 0x0c, 0xf0,
    0x67, 0x83, 0x3c, 0x19, 0xe0, 0xcf, 0x06, 0x78, 0x33, 0xc1, 0x9e, 0x0c, 0xf0, 0x67, 0x83, 0x3c,
    0x19, 0xe0, 0xcf, 0x06, 0x78, 0x33, 0xc1, 0x9e, 0x0c, 0xf0, 0x67, 0x83, 0x3c, 0x19, 0xe0, 0xcf,
    0x06, 0x78, 0x33, 0xc1, 0x9e, 0x0c, 0xf0, 0x67, 0x83, 0x3c, 0x19, 0xe0, 0xcf, 0x06, 0x78, 0x33,
    0xc1, 0x9e, 0x0c, 0xf0, 0x67, 0x83, 0x3c, 0x19, 0xe0, 0xcf, 0x06, 0x78, 0x33, 0xc1, 0x9e, 0x0c,
    0xf0, 0x67, 0x83, 0x3c, 0x19, 0xe0, 0xce, 0x80, 0xc0, 0x2d, 0x9a, 0xb0, 0xd7, 0x83, 0x3c, 0x19,
    0xe0, 0xcf, 0x06, 0x78, 0x33, 0xc1, 0x9e, 0x0c, 0xf0, 0x67, 0x83, 0x3c, 0x19, 0xe0, 0xcf, 0x06,
    0x78, 0x33, 0xc1, 0x9e, 0x0c, 0xf0, 0x67, 0x83, 0x3c, 0x19, 0xe0, 0xcf, 0x06, 0x78, 0x33, 0xc1,
    0x9e, 0x0c, 0xf0, 0x67, 0x83, 0x3c, 0x19, 0xe0, 0xcf, 0x06, 0x78, 0x33, 0xc1, 0x9e, 0x0c, 0xf0,
    0x67, 0x83, 0x3c, 0x19, 0xe0, 0xcf, 0x06, 0x78, 0x33, 0xc1, 0x9e, 0x0c, 0xf0, 0x67, 0x83, 0x3c,
    0x19, 0xe0, 0xcf, 0x06, 0x78, 0x33, 0xc1, 0x9e, 0x0c, 0xf0, 0x67, 0x83, 0x3c, 0x19, 0xe0, 0xcf,
    0x06, 0x78, 0x33, 0xc1, 0x9e, 0x0c, 0xf0, 0x67, 0x83, 0x3c, 0x19, 0xe0, 0xcf, 0x06, 0x78, 0x33,
    0xc1, 0x9e, 0x0c, 0xf0, 0x67, 0x83, 0x3c, 0x19, 0xe0, 0xcf, 0x06, 0x78, 0x33, 0xc1, 0x9e, 0x0c,
    0xf0, 0x67, 0x83, 0x3c, 0x19, 0xe0, 0xcf, 0x06, 0x78, 0x33, 0xc1, 0x9e, 0x0c, 0xf0, 0x67, 0x83,
    0x3c, 0x19, 0xe0, 0xcf, 0x06, 0x78, 0x33, 0xa0, 0x30, 0x0b, 0x66, 0xac, 0x35, 0xe0, 0xcf, 0x06,
    0x78, 0x33, 0xc1, 0x9e, 0x0c, 0xf0, 0x67, 0x83, 0x3c, 0x19, 0xe0, 0xcf, 0x06, 0x78, 0x33, 0xc1,
    0x9e, 0x0c, 0xf0, 0x67, 0x83, 0x3c, 0x19, 0xe0, 0xcf, 0x06, 0x78, 0x33, 0xc1, 0x9e, 0x0c, 0xf0,
    0x67, 0x83, 0x3c, 0x19, 0xe0, 0xcf, 0x06, 0x78, 0x33, 0xc1, 0x9e, 0x0c, 0xf0, 0x67, 0x83, 0x3c,
    0x19, 0xe0, 0xcf, 0x06, 0x78, 0x33, 0xc1, 0x9e, 0x0c, 0xf0, 0x67, 0x83, 0x3c, 0x19, 0xe0, 0xcf,
    0x06, 0x78, 0x33, 0xc1, 0x9e, 0x0c, 0xf0, 0x67, 0x83, 0x3c, 0x19, 0xe0, 0xcf, 0x06, 0x78, 0x33,
    0xc1, 0x9e, 0x0c, 0xf0, 0x67, 0x83, 0x3c, 0x19, 0xe0, 0xcf, 0x06, 0x78, 0x33, 0xc1, 0x9e, 0x0c,
    0xf0, 0x67, 0x83, 0x3c, 0x19, 0xe0, 0xcf, 0x06, 0x78, 0x33, 0xc1, 0x9e, 0x0c, 0xf0, 0x67, 0x83,
    0x3c, 0x19, 0xe0, 0xcf, 0x06, 0x78, 0x33, 0xc1, 0x9e, 0x0c, 0xf0, 0x67, 0x83, 0x3c, 0x19, 0xe0,
    0xcf, 0x06, 0x78, 0x33, 0xc1, 0x9e, 0x0c, 0xe8, 0x0c, 0x02, 0xd9, 0xab, 0x0d, 0x78, 0x33, 0xc1,
    0x9e, 0x0c, 0xf0, 0x67, 0x83, 0x3c, 0x19, 0xe0, 0xcf, 0x06, 0x78, 0x33, 0xc1, 0x9e, 0x0c, 0xf0,
    0x67, 0x83, 0x3c, 0x19, 0xe0, 0xcf, 0x06, 0x78, 0x33, 0xc1, 0x9e, 0x0c, 0xf0, 0x67, 0x83, 0x3c,
    0x19, 0xe0, 0xcf, 0x06, 0x78, 0x33, 0xc1, 0x9e, 0x0c, 0xf0, 0x67, 0x83, 0x3c, 0x19, 0xe0, 0xcf,
    0x06, 0x78, 0x33, 0xc1, 0x9e, 0x0c, 0xf0, 0x67, 0x83, 0x3c, 0x19, 0xe0, 0xcf, 0x06, 0x78, 0x33,
    0xc1, 0x9e, 0x0c, 0xf0, 0x67, 0x83, 0x3c, 0x19, 0xe0, 0xcf, 0x06, 0x78, 0x33, 0xc1, 0x9e, 0x0c,
    0xf0, 0x67, 0x83, 0x3c, 0x19, 0xe0, 0xcf, 0x06, 0x78, 0x33, 0xc1, 0x9e, 0x0c, 0xf0, 0x67, 0x83,
    0x3c, 0x19, 0xe0, 0xcf, 0x06, 0x78, 0x33, 0xc1, 0x9e, 0x0c, 0xf0, 0x67, 0x83, 0x3c, 0x19, 0xe0,
    0xcf, 0x06, 0x78, 0x33, 0xc1, 0x9e, 0x0c, 0xf0, 0x67, 0x83, 0x3c, 0x19, 0xe0, 0xcf, 0x06, 0x78,
    0x33, 0xc1, 0x9e, 0x0c, 0xf0, 0x67, 0x83, 0x3a, 0x03, 0x00, 0xb6, 0x6a, 0xc3, 0x5e, 0x0c, 0xf0,
    0x67, 0x83, 0x3c, 0x19, 0xe0, 0xcf, 0x06, 0x78, 0x33, 0xc1, 0x9e, 0x0c, 0xf0, 0x67, 0x83, 0x3c,
    0x19, 0xe0, 0xcf, 0x06, 0x78, 0x33, 0xc1, 0x9e, 0x0c, 0xf0, 0x67, 0x83, 0x3c, 0x19, 0xe0, 0xcf,
    0x06, 0x78, 0x33, 0xc1, 0x9e, 0x0c, 0xf0, 0x67, 0x83, 0x3c, 0x19, 0xe0, 0xcf, 0x06, 0x78, 0x33,
    0xc1, 0x9e, 0x0c, 0xf0, 0x67, 0x83, 0x3c, 0x19, 0xe0, 0xcf, 0x06, 0x78, 0x33, 0xc1, 0x9e, 0x0c,
    0xf0, 0x67, 0x83, 0x3c, 0x19, 0xe0, 0xcf, 0x06, 0x78, 0x33, 0xc1, 0x9e, 0x0c, 0xf0, 0x67, 0x83,
    0x3c, 0x19, 0xe0, 0xcf, 0x06, 0x78, 0x33, 0xc1, 0x9e, 0x0c, 0xf0, 0x67, 0x83, 0x3c, 0x19, 0xe0,
    0xcf, 0x06, 0x78, 0x33, 0xc1, 0x9e, 0x0c, 0xf0, 0x67, 0x83, 0x3c, 0x19, 0xe0, 0xcf, 0x06, 0x78,
    0x33, 0xc1, 0x9e, 0x0c, 0xf0, 0x67, 0x83, 0x3c, 0x19, 0xe0, 0xcf, 0x06, 0x78, 0x33, 0xc1, 0x9e,
    0x0c, 0xf0, 0x67, 0x83, 0x3c, 0x19, 0xe0, 0xce, 0x80, 0xc0, 0x2d, 0x9a, 0xb0, 0xd7, 0x83, 0x3c,
    0x19, 0xe0, 0xcf, 0x06, 0x78, 0x33, 0xc1, 0x9e, 0x0c, 0xf0, 0x67, 0x83, 0x3c, 0x19, 0xe0, 0xcf,
    0x06, 0x78, 0x33, 0xc1, 0x9e, 0x0c, 0xf0, 0x67, 0x83, 0x3c, 0x19, 0xe0, 0xcf, 0x06, 0x78, 0x33,
    0xc1, 0x9e, 0x0c, 0xf0, 0x67, 0x83, 0x3c, 0x19, 0xe0, 0xcf, 0x06, 0x78, 0x33, 0xc1, 0x9e, 0x0c,
    0xf0, 0x67, 0x83, 0x3c, 0x19, 0xe0, 0xcf, 0x06, 0x78, 0x33, 0xc1, 0x9e, 0x0c, 0xf0, 0x67, 0x83,
    0x3c, 0x19, 0xe0, 0xcf, 0x06, 0x78, 0x33, 0xc1, 0x9e, 0x0c, 0xf0, 0x67, 0x83, 0x3c, 0x19, 0xe0,
    0xcf, 0x06, 0x78, 0x33, 0xc1, 0x9e, 0x0c, 0xf0, 0x67, 0x83, 0x3c, 0x19, 0xe0, 0xcf, 0x06, 0x78,
    0x33, 0xc1, 0x9e, 0x0c, 0xf0, 0x67, 0x83, 0x3c, 0x19, 0xe0, 0xcf, 0x06, 0x78, 0x33, 0xc1, 0x9e,
    0x0c, 0xf0, 0x67, 0x83, 0x3c, 0x19, 0xe0, 0xcf, 0x06, 0x78, 0x33, 0xc1, 0x9e, 0x0c, 0xf0, 0x67,
    0x83, 0x3c, 0x19, 0xe0, 0xcf, 0x06, 0x78, 0x33, 0xc1, 0x9e, 0x0c, 0xf0, 0x67, 0x83, 0x3c, 0x19,
    0xe0, 0xcf, 0x06, 0x78, 0x33, 0xc1, 0x9e, 0x0c, 0xf0, 0x67, 0x83, 0x3c, 0x19, 0xe0, 0xcf, 0x06,
    0x78, 0x33, 0xc1, 0x9e, 0x0c, 0xf0, 0x67, 0x83, 0x3c, 0x19, 0xe0, 0xcf, 0x06, 0x78, 0x33, 0xc1,
    0x9e, 0x0c, 0xf0, 0x67, 0x83, 0x3c, 0x19, 0xe0, 0xcf, 0x06, 0x78, 0x33, 0xc1, 0x9e, 0x0c, 0xf0,
    0x67, 0x83, 0x3c, 0x19, 0xe0, 0xcf, 0x06, 0x78, 0x33, 0xc1, 0x9e, 0x0c, 0xf0, 0x67, 0x83, 0x3c,
    0x19, 0xe0, 0xcf, 0x06, 0x78, 0x33, 0xc1, 0x9e, 0x0c, 0xf0, 0x67, 0x83, 0x3c, 0x19, 0xe0, 0xcf,
    0x06, 0x78, 0x33, 0xc1, 0x9e, 0x0c, 0xf0, 0x67, 0x83, 0x3c, 0x19, 0xe0, 0xcf, 0x06, 0x78, 0x33,
    0xc1, 0x9e, 0x0c, 0xf0, 0x67, 0x83, 0x3c, 0x19, 0xe0, 0xcf, 0x06, 0x78, 0x33, 0xc1, 0x9e, 0x0c,
    0xf0, 0x67, 0x83, 0x3c, 0x19, 0xe0, 0xcf, 0x06, 0x78, 0x33, 0xc1, 0x9e, 0x0c, 0xf0, 0x67, 0x83,
    0x3c, 0x19, 0xe0, 0xcf, 0x80, 0x40, 0x60, 0x16, 0xcd, 0x58, 0x6b, 0xc1, 0x9e, 0x0c, 0xf0, 0x67,
    0x83, 0x3c, 0x19, 0xe0, 0xcf, 0x06, 0x78, 0x33, 0xc1, 0x9e, 0x0c, 0xf0, 0x67, 0x83, 0x3c, 0x19,
    0xe0, 0xcf, 0x06, 0x78, 0x33, 0xc1, 0x9e, 0x0c, 0xf0, 0x67, 0x83, 0x3c, 0x19, 0xe0, 0xcf, 0x06,
    0x78, 0x33, 0xc1, 0x9e, 0x0c, 0xf0, 0x67, 0x83, 0x3c, 0x19, 0xe0, 0xcf, 0x06, 0x78, 0x33, 0xc1,
    0x9e, 0x0c, 0xf0, 0x67, 0x83, 0x3c, 0x19, 0xe0, 0xcf, 0x06, 0x78, 0x33, 0xc1, 0x9e, 0x0c, 0xf0,
    0x67, 0x83, 0x3c, 0x19, 0xe0, 0xcf, 0x06, 0x78, 0x33, 0xc1, 0x9e, 0x0c, 0xf0, 0x67, 0x83, 0x3c,
    0x19, 0xe0, 0xcf, 0x06, 0x78, 0x33, 0xc1, 0x9e, 0x0c, 0xf0, 0x67, 0x83, 0x3c, 0x19, 0xe0, 0xcf,
    0x06, 0x78, 0x33, 0xc1, 0x9e, 0x0c, 0xf0, 0x67, 0x83, 0x3c, 0x19, 0xe0, 0xcf, 0x06, 0x78, 0x33,
    0xc1, 0x9e, 0x0c, 0xf0, 0x67, 0x83, 0x3c, 0x19, 0xe0, 0xcf, 0x06, 0x78, 0x33, 0xc1, 0x9e, 0x0c,
    0xf0, 0x67, 0x83, 0x3c, 0x19, 0xd0, 0x18, 0x05, 0xb3, 0x56, 0x1a, 0xf0, 0x67, 0x83, 0x3c, 0x19,
    0xe0, 0xcf, 0x06, 0x78, 0x33, 0xc1, 0x9e, 0x0c, 0xf0, 0x67, 0x83, 0x3c, 0x19, 0xe0, 0xcf, 0x06,
    0x78, 0x33, 0xc1, 0x9e, 0x0c, 0xf0, 0x67, 0x83, 0x3c, 0x19, 0xe0, 0xcf, 0x06, 0x78, 0x33, 0xc1,
    0x9e, 0x0c, 0xf0, 0x67, 0x83, 0x3c, 0x19, 0xe0, 0xcf, 0x06, 0x78, 0x33, 0xc1, 0x9e, 0x0c, 0xf0,
    0x67, 0x83, 0x3c, 0x19, 0xe0, 0xcf, 0x06, 0x78, 0x33, 0xc1, 0x9e, 0x0c, 0xf0, 0x67, 0x83, 0x3c,
    0x19, 0xe0, 0xcf, 0x06, 0x78, 0x33, 0xc1, 0x9e, 0x0c, 0xf0, 0x67, 0x83, 0x3c, 0x19, 0xe0, 0xcf,
    0x06, 0x78, 0x33, 0xc1, 0x9e, 0x0c, 0xf0, 0x67, 0x83, 0x3c, 0x19, 0xe0, 0xcf, 0x06, 0x78, 0x33,
    0xc1, 0x9e, 0x0c, 0xf0, 0x67, 0x83, 0x3c, 0x19, 0xe0, 0xcf, 0x06, 0x78, 0x33, 0xc1, 0x9e, 0x0c,
    0xf0, 0x67, 0x83, 0x3c, 0x19, 0xe0, 0xcf, 0x06, 0x78, 0x33, 0xc1, 0x9e, 0x0c, 0xf0, 0x67, 0x83,
    0x3c, 0x19, 0xe0, 0xcf, 0x06, 0x74, 0x06, 0x01, 0x6c, 0xd5, 0x86, 0xbc, 0x19, 0xe0, 0xcf, 0x06,
    0x78, 0x33, 0xc1, 0x9e, 0x0c, 0xf0, 0x67, 0x83, 0x3c, 0x19, 0xe0, 0xcf, 0x06, 0x78, 0x33, 0xc1,
    0x9e, 0x0c, 0xf0, 0x67, 0x83, 0x3c, 0x19, 0xe0, 0xcf, 0x06, 0x78, 0x33, 0xc1, 0x9e, 0x0c, 0xf0,
    0x67, 0x83, 0x3c, 0x19, 0xe0, 0xcf, 0x06, 0x78, 0x33, 0xc1, 0x9e, 0x0c, 0xf0, 0x67, 0x83, 0x3c,
    0x19, 0xe0, 0xcf, 0x06, 0x78, 0x33, 0xc1, 0x9e, 0x0c, 0xf0, 0x67, 0x83, 0x3c, 0x19, 0xe0, 0xcf,
    0x06, 0x78, 0x33, 0xc1, 0x9e, 0x0c, 0xf0, 0x67, 0x83, 0x3c, 0x19, 0xe0, 0xcf, 0x06, 0x78, 0x33,
    0xc1, 0x9e, 0x0c, 0xf0, 0x67, 0x83, 0x3c, 0x19, 0xe0, 0xcf, 0x06, 0x78, 0x33, 0xc1, 0x9e, 0x0c,
    0xf0, 0x67, 0x83, 0x3c, 0x19, 0xe0, 0xcf, 0x06, 0x78, 0x33, 0xc1, 0x9e, 0x0c, 0xf0, 0x67, 0x83,
    0x3c, 0x19, 0xe0, 0xcf, 0x06, 0x78, 0x33, 0xc1, 0x9e, 0x0c, 0xf0, 0x67, 0x83, 0x3c, 0x19, 0xe0,
    0xcf, 0x06, 0x78, 0x33, 0xc1, 0x9d, 0x01, 0x80, 0x5b, 0x35, 0x61, 0xaf, 0x06, 0x78, 0x33, 0xc1,
    0x9e, 0x0c, 0xf0, 0x67, 0x83, 0x3c, 0x19, 0xe0, 0xcf, 0x06, 0x78, 0x33, 0xc1, 0x9e, 0x0c, 0xf0,
    0x67, 0x83, 0x3c, 0x19, 0xe0, 0xcf, 0x06, 0x78, 0x33, 0xc1, 0x9e, 0x0c, 0xf0, 0x67, 0x83, 0x3c,
    0x19, 0xe0, 0xcf, 0x06, 0x78, 0x33, 0xc1, 0x9e, 0x0c, 0xf0, 0x67, 0x83, 0x3c, 0x19, 0xe0, 0xcf,
    0x06, 0x78, 0x33, 0xc1, 0x9e, 0x0c, 0xf0, 0x67, 0x83, 0x3c, 0x19, 0xe0, 0xcf, 0x06, 0x78, 0x33,
    0xc1, 0x9e, 0x0c, 0xf0, 0x67, 0x83, 0x3c, 0x19, 0xe0, 0xcf, 0x06, 0x78, 0x33, 0xc1, 0x9e, 0x0c,
    0xf0, 0x67, 0x83, 0x3c, 0x19, 0xe0, 0xcf, 0x06, 0x78, 0x33, 0xc1, 0x9e, 0x0c, 0xf0, 0x67, 0x83,
    0x3c, 0x19, 0xe0, 0xcf, 0x06, 0x78, 0x33, 0xc1, 0x9e, 0x0c, 0xf0, 0x67, 0x83, 0x3c, 0x19, 0xe0,
    0xcf, 0x06, 0x78, 0x33, 0xc1, 0x9e, 0x0c, 0xf0, 0x67, 0x83, 0x3c, 0x19, 0xe0, 0xcf, 0x06, 0x78,
    0x33, 0xc1, 0x9e, 0x0c, 0xf0, 0x67, 0x40, 0x60, 0x16, 0xcd, 0x58, 0x6b, 0xc1, 0x9e, 0x0c, 0xf0,
    0x67, 0x83, 0x3c, 0x19, 0xe0, 0xcf, 0x06, 0x78, 0x33, 0xc1, 0x9e, 0x0c, 0xf0, 0x67, 0x83, 0x3c,
    0x19, 0xe0, 0xcf, 0x06, 0x78, 0x33, 0xc1, 0x9e, 0x0c, 0xf0, 0x67, 0x83, 0x3c, 0x19, 0xe0, 0xcf,
    0x06, 0x78, 0x33, 0xc1, 0x9e, 0x0c, 0xf0, 0x67, 0x83, 0x3c, 0x19, 0xe0, 0xcf, 0x06, 0x78, 0x33,
    0xc1, 0x9e, 0x0c, 0xf0, 0x67, 0x83, 0x3c, 0x19, 0xe0, 0xcf, 0x06, 0x78, 0x33, 0xc1, 0x9e, 0x0c,
    0xf0, 0x67, 0x83, 0x3c, 0x19, 0xe0, 0xcf, 0x06, 0x78, 0x33, 0xc1, 0x9e, 0x0c, 0xf0, 0x67, 0x83,
    0x3c, 0x19, 0xe0, 0xcf, 0x06, 0x78, 0x33, 0xc1, 0x9e, 0x0c, 0xf0, 0x67, 0x83, 0x3c, 0x19, 0xe0,
    0xcf, 0x06, 0x78, 0x33, 0xc1, 0x9e, 0x0c, 0xf0, 0x67, 0x83, 0x3c, 0x19, 0xe0, 0xcf, 0x06, 0x78,
    0x33, 0xc1, 0x9e, 0x0c, 0xf0, 0x67, 0x83, 0x3c, 0x19, 0xe0, 0xcf, 0x06, 0x78, 0x33, 0xc1, 0x9e,
    0x0c, 0xf0, 0x67, 0x83, 0x3c, 0x19, 0xd0, 0x18, 0x05, 0xb3, 0x56, 0x1a, 0xf0, 0x67, 0x83, 0x3c,
    0x19, 0xe0, 0xcf, 0x06, 0x78, 0x33, 0xc1, 0x9e, 0x0c, 0xf0, 0x67, 0x83, 0x3c, 0x19, 0xe0, 0xcf,
    0x06, 0x78, 0x33, 0xc1, 0x9e, 0x0c, 0xf0, 0x67, 0x83, 0x3c, 0x19, 0xe0, 0xcf, 0x06, 0x78, 0x33,
    0xc1, 0x9e, 0x0c, 0xf0, 0x67, 0x83, 0x3c, 0x19, 0xe0, 0xcf, 0x06, 0x78, 0x33, 0xc1, 0x9e, 0x0c,
    0xf0, 0x67, 0x83, 0x3c, 0x19, 0xe0, 0xcf, 0x06, 0x78, 0x33, 0xc1, 0x9e, 0x0c, 0xf0, 0x67, 0x83,
    0x3c, 0x19, 0xe0, 0xcf, 0x06, 0x78, 0x33, 0xc1, 0x9e, 0x0c, 0xf0, 0x67, 0x83, 0x3c, 0x19, 0xe0,
    0xcf, 0x06, 0x78, 0x33, 0xc1, 0x9e, 0x0c, 0xf0, 0x67, 0x83, 0x3c, 0x19, 0xe0, 0xcf, 0x06, 0x78,
    0x33, 0xc1, 0x9e, 0x0c, 0xf0, 0x67, 0x83, 0x3c, 0x19, 0xe0, 0xcf, 0x06, 0x78, 0x33, 0xc1, 0x9e,
    0x0c, 0xf0, 0x67, 0x83, 0x3c, 0x19, 0xe0, 0xcf, 0x06, 0x78, 0x33, 0xc1, 0x9e, 0x0c, 0xf0, 0x67,
    0x83, 0x3c, 0x19, 0xe0, 0xcf, 0x06, 0x74, 0x06, 0x01, 0x6c, 0xd5, 0x86, 0xbc, 0x19, 0xe0, 0xcf,
    0x06, 0x78, 0x33, 0xc1, 0x9e, 0x0c, 0xf0, 0x67, 0x83, 0x3c, 0x19, 0xe0, 0xcf, 0x06, 0x78, 0x33,
    0xc1, 0x9e, 0x0c, 0xf0, 0x67, 0x83, 0x3c, 0x19, 0xe0, 0xcf, 0x06, 0x78, 0x33, 0xc1, 0x9e, 0x0c,
    0xf0, 0x67, 0x83, 0x3c, 0x19, 0xe0, 0xcf, 0x06, 0x78, 0x33, 0xc1, 0x9e, 0x0c, 0xf0, 0x67, 0x83,
    0x3c, 0x19, 0xe0, 0xcf, 0x06, 0x78, 0x33, 0xc1, 0x9e, 0x0c, 0xf0, 0x67, 0x83, 0x3c, 0x19, 0xe0,
    0xcf, 0x06, 0x78, 0x33, 0xc1, 0x9e, 0x0c, 0xf0, 0x67, 0x83, 0x3c, 0x19, 0xe0, 0xcf, 0x06, 0x78,
    0x33, 0xc1, 0x9e, 0x0c, 0xf0, 0x67, 0x83, 0x3c, 0x19, 0xe0, 0xcf, 0x06, 0x78, 0x33, 0xc1, 0x9e,
    0x0c, 0xf0, 0x67, 0x83, 0x3c, 0x19, 0xe0, 0xcf, 0x06, 0x78, 0x33, 0xc1, 0x9e, 0x0c, 0xf0, 0x67,
    0x83, 0x3c, 0x19, 0xe0, 0xcf, 0x06, 0x78, 0x33, 0xc1, 0x9e, 0x0c, 0xf0, 0x67, 0x83, 0x3c, 0x19,
    0xe0, 0xcf, 0x06, 0x78, 0x33, 0xc1, 0x9d, 0x01, 0x80, 0x5b, 0x35, 0x61, 0xaf, 0x06, 0x78, 0x33,
    0xc1, 0x9e, 0x0c, 0xf0, 0x67, 0x83, 0x3c, 0x19, 0xe0, 0xcf, 0x06, 0x78, 0x33, 0xc1, 0x9e, 0x0c,
    0xf0, 0x67, 0x83, 0x3c, 0x19, 0xe0, 0xcf, 0x06, 0x78, 0x33, 0xc1, 0x9e, 0x0c, 0xf0, 0x67, 0x83,
    0x3c, 0x19, 0xe0, 0xcf, 0x06, 0x78, 0x33, 0xc1, 0x9e, 0x0c, 0xf0, 0x67, 0x83, 0x3c, 0x19, 0xe0,
    0xcf, 0x06, 0x78, 0x33, 0xc1, 0x9e, 0x0c, 0xf0, 0x67, 0x83, 0x3c, 0x19, 0xe0, 0xcf, 0x06, 0x78,
    0x33, 0xc1, 0x9e, 0x0c, 0xf0, 0x67, 0x83, 0x3c, 0x19, 0xe0, 0xcf, 0x06, 0x78, 0x33, 0xc1, 0x9e,
    0x0c, 0xf0, 0x67, 0x83, 0x3c, 0x19, 0xe0, 0xcf, 0x06, 0x78, 0x33, 0xc1, 0x9e, 0x0c, 0xf0, 0x67,
    0x83, 0x3c, 0x19, 0xe0, 0xcf, 0x06, 0x78, 0x33, 0xc1, 0x9e, 0x0c, 0xf0, 0x67, 0x83, 0x3c, 0x19,
    0xe0, 0xcf, 0x06, 0x78, 0x33, 0xc1, 0x9e, 0x0c, 0xf0, 0x67, 0x83, 0x3c, 0x19, 0xe0, 0xcf, 0x06,
    0x78, 0x33, 0xc1, 0x9e, 0x0c, 0xf0, 0x67, 0x83, 0x3c, 0x19, 0xe0, 0xcf, 0x06, 0x78, 0x33, 0xc1,
    0x9e, 0x0c, 0xf0, 0x67, 0x83, 0x3c, 0x19, 0xe0, 0xcf, 0x06, 0x78, 0x33, 0xc1, 0x9e, 0x0c, 0xf0,
    0x67, 0x83, 0x3c, 0x19, 0xe0, 0xcf, 0x06, 0x78, 0x33, 0xc1, 0x89, 0x02, 0xa8, 0x03, 0x62, 0x89,
    0x2f, 0x06, 0xf8, 0x37, 0xc1, 0xbe, 0x0d, 0xf0, 0x6f, 0x83, 0x7c, 0x1b, 0xe0, 0xde, 0x52, 0xf8,
    0x33, 0xc1, 0x9e, 0x0c, 0xf0, 0x67, 0x83, 0x3c, 0x19, 0xe0, 0xcf, 0x06, 0x78, 0x33, 0xc1, 0x9e,
    0x0c, 0xf0, 0x67, 0x83, 0x3c, 0x19, 0xe0, 0xcf, 0x06, 0x78, 0x33, 0xc1, 0x9e, 0x0c, 0xf0, 0x67,
    0x83, 0x3c, 0x19, 0xe0, 0xcf, 0x06, 0x78, 0x33, 0xc1, 0x9e, 0x0c, 0xf0, 0x67, 0x83, 0x3c, 0x19,
    0xb0, 0x2a, 0x80, 0x36, 0x28, 0x92, 0xf0, 0x6f, 0x83, 0x7c, 0x1b, 0x45, 0x1f, 0x06, 0x78, 0x33,
    0xc1, 0x9e, 0x0c, 0xf0, 0x67, 0x83, 0x3c, 0x19, 0xe0, 0xcf, 0x06, 0x78, 0x33, 0xc1, 0x9e, 0x0c,
    0xf0, 0x67, 0x83, 0x3c, 0x19, 0xe0, 0xcf, 0x06, 0x78, 0x33, 0xc1, 0x9e, 0x0c, 0xf0, 0x67, 0x80,
    0x1e, 0x03, 0x00, 0xb6, 0x6a, 0xc3, 0x5e, 0x0c, 0xf0, 0x67, 0x83, 0x3c, 0x19, 0xe0, 0xcf, 0x06,
    0x78, 0x33, 0xc1, 0x9e, 0x0c, 0xf0, 0x67, 0x83, 0x3c, 0x19, 0xe0, 0xcf, 0x06, 0x78, 0x33, 0xc1,
    0x9e, 0x0c, 0xf0, 0x67, 0x83, 0x22, 0x05, 0x50, 0x06, 0xc5, 0x12, 0x5e, 0x0d, 0xe1, 0xaf, 0x83,
    0x3c, 0x19, 0xe0, 0xcf, 0x06, 0x78, 0x33, 0xc1, 0x9e, 0x0c, 0xf0, 0x67, 0x83, 0x3c, 0x19, 0xe0,
    0xcf, 0x06, 0x78, 0x33, 0xc1, 0x9e, 0x0c, 0xf0, 0x67, 0x83, 0x3c, 0x19, 0xe0, 0xcf, 0x06, 0x78,
    0x33, 0xc1, 0x9e, 0x0c, 0xf0, 0x67, 0x83, 0x3c, 0x19, 0xe0, 0xcf, 0x06, 0x78, 0x33, 0xc1, 0x9e,
    0x0c, 0xf0, 0x67, 0x83, 0x3c, 0x19, 0xe0, 0xcf, 0x06, 0x78, 0x33, 0xc1, 0x9e, 0x0c, 0xf0, 0x64,
    0xc0, 0xaa, 0x00, 0xd8, 0xa2, 0x4b, 0xc4, 0xfe, 0x0c, 0xf0, 0x67, 0x83, 0x3c, 0x19, 0xe0, 0xcf,
    0x06, 0x78, 0x33, 0xc1, 0x9e, 0x0c, 0xf0, 0x67, 0x83, 0x3c, 0x19, 0xe0, 0xcf, 0x06, 0x78, 0x33,
    0xc1, 0x9e, 0x0c, 0xf0, 0x67, 0x83, 0x3c, 0x19, 0xe0, 0xcf, 0x06, 0x78, 0x01, 0x60, 0x30, 0x0b,
    0x66, 0xac, 0x35, 0xe0, 0xcf, 0x06, 0x78, 0x33, 0xc1, 0x9e, 0x0c, 0xf0, 0x67, 0x83, 0x3c, 0x19,
    0xe0, 0xcf, 0x06, 0x78, 0x33, 0xc1, 0x9e, 0x0c, 0xf0, 0x67, 0x83, 0x3c, 0x19, 0xe0, 0xcf, 0x06,
    0x78, 0x33, 0xc1, 0x9e, 0x0c, 0xf0, 0x67, 0x83, 0x3c, 0x19, 0xe0, 0xcf, 0x06, 0x78, 0x33, 0xc1,
    0x9e, 0x0c, 0xf0, 0x67, 0x83, 0x3c, 0x19, 0xe0, 0xcf, 0x06, 0x78, 0x33, 0xc1, 0x9e, 0x0c, 0xf0,
    0x61, 0xc0, 0xae, 0x00, 0xd8, 0xe3, 0x61, 0x04, 0xfe, 0x0c, 0xf1, 0xa7, 0x8d, 0x3c, 0x4f, 0xe0,
    0xcf, 0x06, 0x78, 0x33, 0xc1, 0x9e, 0x0c, 0xf0, 0x67, 0x83, 0x3c, 0x19, 0xe0, 0xcf, 0x06, 0x78,
    0x33, 0xc1, 0x9e, 0x0c, 0xf0, 0x67, 0x83, 0x3c, 0x19, 0xe0, 0xcf, 0x06, 0x78, 0x33, 0xc1, 0x9e,
    0x0c, 0xf0, 0x67, 0x83, 0x3c, 0x19, 0xe0, 0xcf, 0x06, 0x78, 0x33, 0xc1, 0x9e, 0x0c, 0xf0, 0x67,
    0x83, 0x3c, 0x19, 0xe0, 0xcf, 0x06, 0x78, 0x33, 0xc1, 0x9e, 0x0c, 0xf0, 0x67, 0x83, 0x3c, 0x19,
    0xe0, 0xcf, 0x06, 0x7c, 0x06, 0x01, 0x6c, 0xd5, 0x86, 0xbc, 0x19, 0xe0, 0xcf, 0x06, 0x78, 0x33,
    0xc1, 0x9e, 0x0c, 0xf0, 0x67, 0x83, 0x3c, 0x19, 0xe0, 0xc9, 0x81, 0x5c, 0x01, 0xb1, 0xc6, 0xc2,
    0x09, 0xfc, 0x19, 0xe0, 0xcf, 0x06, 0x78, 0x33, 0xc1, 0x9e, 0x0c, 0xf0, 0x67, 0x83, 0x3d, 0x39,
    0xe2, 0x7f, 0x06, 0x78, 0x33, 0xc1, 0x9e, 0x0c, 0xf0, 0x67, 0x83, 0x3c, 0x19, 0xe0, 0xcf, 0x06,
    0x78, 0x33, 0xc1, 0x9e, 0x0c, 0xf0, 0x67, 0x83, 0x3c, 0x19, 0xe0, 0xcf, 0x06, 0x78, 0x33, 0xc1,
    0x9e, 0x0c, 0x28, 0x15, 0xc0, 0x1b, 0x1c, 0x6c, 0x20, 0x6b, 0xc3, 0x5e, 0x42, 0xf0, 0x67, 0x83,
    0x3c, 0x19, 0xe0, 0xcf, 0x06, 0x78, 0x33, 0xc1, 0x9e, 0x0c, 0xf0, 0x67, 0x83, 0x3c, 0x19, 0xe0,
    0xcf, 0x06, 0x78, 0x33, 0xc1, 0x9e, 0x0c, 0xf0, 0x67, 0x83, 0x3c, 0x19, 0xe0, 0xcf, 0x06, 0x78,
    0x33, 0xc1, 0x9e, 0x0c, 0xf0, 0x67, 0x83, 0x3c, 0x19, 0xe0, 0xcf, 0x06, 0x78, 0x33, 0xc1, 0x9e,
    0x0c, 0xf0, 0x67, 0x83, 0x3c, 0x19, 0xe0, 0xcf, 0x06, 0x78, 0x33, 0xc1, 0x9e, 0x0c, 0xf0, 0x65,
    0xc0, 0x60, 0x16, 0xcd, 0x58, 0x6b, 0xc1, 0x9e, 0x0c, 0xf0, 0x67, 0x83, 0x3c, 0x19, 0xe0, 0xcf,
    0x06, 0x78, 0x33, 0xc1, 0x9e, 0x0c, 0xf0, 0x67, 0x83, 0x3c, 0x19, 0xe0, 0xcf, 0x06, 0x78, 0x33,
    0xc1, 0x9e, 0x0c, 0xf0, 0x67, 0x83, 0x3c, 0x19, 0xe0, 0xcf, 0x06, 0x78, 0x33, 0xc1, 0x9e, 0x0c,
    0xf0, 0x67, 0x83, 0x3c, 0x19, 0xe0, 0xcf, 0x06, 0x78, 0x33, 0xc1, 0x9e, 0x0c, 0xf0, 0x67, 0x83,
    0x3c, 0x19, 0xe0, 0xcf, 0x06, 0x78, 0x33, 0xc1, 0x9e, 0x0c, 0xf0, 0x67, 0x83, 0x3c, 0x19, 0xe0,
    0xcf, 0x06, 0x78, 0x33, 0xc1, 0x9e, 0x0c, 0xf0, 0x67, 0x83, 0x3c, 0x19, 0xe0, 0xcf, 0x06, 0x78,
    0x33, 0xc1, 0x9e, 0x0c, 0xf0, 0x67, 0x83, 0x3c, 0x19, 0x90, 0x2a, 0x80, 0x36, 0x28, 0x92, 0xf0,
    0x6f, 0x0d, 0x7c, 0x19, 0xe0, 0xcf, 0x06, 0x78, 0x33, 0xc1, 0x9e, 0x0c, 0xf0, 0x67, 0x83, 0x3c,
    0x19, 0xe0, 0xcf, 0x06, 0x78, 0x33, 0xc1, 0x2d, 0x09, 0x01, 0x95, 0x7b, 0x50, 0x1a, 0xf0, 0xd7,
    0x86, 0xbc, 0x19, 0xe0, 0xcf, 0x06, 0x79, 0x3b, 0xc3, 0x5e, 0x1a, 0xc1, 0x47, 0x94, 0x3c, 0x19,
    0xe0, 0xcf, 0x06, 0x78, 0x33, 0xc1, 0x9e, 0x0c, 0xf0, 0x67, 0x83, 0x3c, 0x19, 0xe0, 0xcf, 0x06,
    0x78, 0x33, 0xc1, 0x9e, 0x0c, 0xf0, 0x67, 0x83, 0x3c, 0x19, 0xe0, 0xcf, 0x06, 0x78, 0x33, 0xc1,
    0x9e, 0x0c, 0xf0, 0x67, 0x83, 0x3c, 0x19, 0xe0, 0xcf, 0x06, 0x78, 0x33, 0xc1, 0x9e, 0x0c, 0xf0,
    0x67, 0x83, 0x3c, 0x19, 0xe0, 0xcf, 0x06, 0x78, 0x33, 0xc1, 0x9e, 0x0c, 0xf0, 0x67, 0x83, 0x3c,
    0x19, 0xe0, 0xcf, 0x06, 0x78, 0x33, 0xc1, 0x9e, 0x0c, 0xf0, 0x67, 0x83, 0x3c, 0x19, 0xe0, 0xcf,
    0x06, 0x78, 0x33, 0xc1, 0x9e, 0x0c, 0xf0, 0x67, 0x83, 0x3c, 0x19, 0xe0, 0xcf, 0x06, 0x78, 0x33,
    0xc1, 0x9e, 0x0c, 0xf0, 0x67, 0x83, 0x3c, 0x19, 0xe0, 0xcf, 0x06, 0x78, 0x33, 0xc1, 0x9e, 0x0c,
    0xf0, 0x67, 0x83, 0x3c, 0x19, 0xe0, 0xcf, 0x06, 0x78, 0x33, 0xc1, 0x9e, 0x0c, 0xf0, 0x67, 0x83,
    0x3c, 0x19, 0xe0, 0xcf, 0x06, 0x78, 0x33, 0xc1, 0x9e, 0x0c, 0xf0, 0x67, 0x83, 0x3c, 0x19, 0xe0,
    0xcf, 0x06, 0x78, 0x33, 0xc1, 0x9e, 0x0c, 0xf0, 0x67, 0x83, 0x3c, 0x19, 0xe0, 0xcf, 0x06, 0x78,
    0x33, 0xc1, 0x9e, 0x0c, 0xf0, 0x67, 0x83, 0x3c, 0x19, 0xe0, 0xcf, 0x06, 0x78, 0x33, 0xc1, 0x9e,
    0x0c, 0xf0, 0x67, 0x83, 0x3c, 0x19, 0xe0, 0xcf, 0x06, 0x78, 0x33, 0xc1, 0x9e, 0x0c, 0xf0, 0x67,
    0x83, 0x3c, 0x19, 0xe0, 0xcf, 0x06, 0x78, 0x33, 0xc1, 0x9e, 0x0c, 0xf0, 0x67, 0x83, 0x3c, 0x19,
    0xe0, 0xcf, 0x06, 0x78, 0x33, 0xc1, 0x9e, 0x0c, 0xf0, 0x67, 0x83, 0x3c, 0x19, 0xe0, 0xcf, 0x06,
    0x78, 0x33, 0xc1, 0x9e, 0x0c, 0xf0, 0x67, 0x83, 0x3c, 0x19, 0xe0, 0xcf, 0x06, 0x78, 0x33, 0xc1,
    0x9e, 0x0c, 0xf0, 0x67, 0x83, 0x3c, 0x19, 0xe0, 0xcf, 0x06, 0x78, 0x33, 0xc1, 0x9e, 0x0c, 0xf0,
    0x67, 0x83, 0x3c, 0x19, 0xe0, 0xcf, 0x06, 0x78, 0x33, 0xc1, 0x9e, 0x0c, 0xf0, 0x67, 0x83, 0x3c,
    0x19, 0xe0, 0xcf, 0x06, 0x78, 0x33, 0xc1, 0x8b, 0x90, 0xa0, 0xce, 0x32, 0x14, 0x08, 0x94, 0x22,
    0x05, 0x41, 0x80, 0x52, 0x24, 0x10, 0x98, 0x24, 0x06, 0x21, 0x4c, 0x91, 0x42, 0x70, 0x1e, 0x5a,
    0x48, 0x5c, 0x60, 0x9c, 0x01, 0x2b, 0xd0, 0xbe, 0x20, 0xd1, 0xa7, 0x4a, 0x61, 0x3c, 0x4b, 0x0c,
    0xe3, 0x19, 0x27, 0x88, 0xe1, 0x3c, 0x53, 0x0c, 0xe5, 0x1a, 0x25, 0x88, 0xa1, 0x54, 0x61, 0x13,
    0x0d, 0x78, 0x58, 0x60, 0xb4, 0x01, 0x23, 0xc4, 0xbd, 0xe0, 0xd1, 0xcc, 0x51, 0x40, 0x43, 0x44,
    0x89, 0xc2, 0x30, 0x56, 0x12, 0x21, 0xe1, 0x28, 0x32, 0x0c, 0x04, 0x92, 0x21, 0x00, 0x87, 0xf2,
    0xcd, 0xfd, 0x84, 0x92, 0xc4, 0x30, 0x9a, 0x28, 0x86, 0x52, 0x84, 0x43, 0x4a, 0x54, 0x4f, 0x11,
    0xc2, 0xb8, 0xc6, 0x24, 0xd2, 0x51, 0x1f, 0x1e, 0xf4, 0x1b, 0xac, 0x9f, 0x06, 0x78, 0x33, 0xc1,
    0x9e, 0x0c, 0xf0, 0x67, 0x83, 0x3c, 0x19, 0xe0, 0xcf, 0x06, 0x78, 0x33, 0xc1, 0x9e, 0x0c, 0xf0,
    0x67, 0x83, 0x3c, 0x18, 0xd8, 0x49, 0x2c, 0x43, 0x09, 0xa2, 0x88, 0x65, 0x28, 0x51, 0x2c, 0x45,
    0x0a, 0xa3, 0x08, 0xa5, 0x44, 0xf1, 0x1c, 0x2b, 0x8c, 0x62, 0x4d, 0x25, 0x11, 0xf6, 0x62, 0x89,
    0x13, 0x84, 0x60, 0xac, 0x31, 0x0a, 0x64, 0x8a, 0x13, 0x84, 0xa0, 0xcc, 0x31, 0x12, 0x48, 0x84,
    0x13, 0x05, 0x00, 0xf0, 0x7f, 0x84, 0x7d, 0x4e, 0x91, 0xc2, 0x78, 0x96, 0x19, 0xc6, 0x32, 0x4f,
    0x11, 0xc2, 0x78, 0xa6, 0x19, 0xca, 0x31, 0x35, 0x37, 0x12, 0x71, 0x1f, 0x64, 0x28, 0x11, 0x28,
    0x44, 0x0a, 0x83, 0x00, 0xa4, 0x48, 0x21, 0x30, 0x48, 0x0c, 0x83, 0x00, 0x4d, 0x4f, 0x84, 0x53,
    0xfe, 0x00, 0xbe, 0x16, 0x00, 0x5a, 0xb8, 0x8c, 0x45, 0x78, 0x0a, 0x41, 0x13
};

// BITSTREAM5: 10781 bytes compressed, 98763 bytes original from /tmp/bs5.hs

static const uint8_t bitstream6_data[] = {
    0xff, 0xc0, 0x2a, 0x16, 0x1b, 0x95, 0xd2, 0x75, 0x20, 0xa6, 0x51, 0xa8, 0xb3, 0x5a, 0xac, 0xb6,
    0x65, 0x35, 0xa3, 0x4b, 0x66, 0xd4, 0x3a, 0x0d, 0x0a, 0x8f, 0x41, 0x04, 0x8c, 0xd8, 0x36, 0x20,
    0x01, 0xde, 0xec, 0xc0, 0x85, 0xff, 0x9d, 0x8a, 0x0b, 0xc4, 0x03, 0x2a, 0x0c, 0x46, 0x21, 0x43,
    0x91, 0x01, 0xca, 0x81, 0x10, 0x80, 0x4e, 0x28, 0xc0, 0x72, 0x81, 0x00, 0xcb, 0xf7, 0xfc, 0xfe,
    0xff, 0xbf, 0xf4, 0x1a, 0x45, 0x53, 0x71, 0x91, 0x8e, 0xe2, 0x8a, 0xd5, 0x4a, 0x2c, 0x08, 0x02,
    0x39, 0x9e, 0x80, 0x67, 0x83, 0x3c, 0x19, 0xe0, 0xcf, 0x06, 0x78, 0x33, 0xc1, 0x9e, 0x0c, 0xf0,
    0x67, 0x83, 0x3c, 0x19, 0xe0, 0xcf, 0x06, 0x78, 0x33, 0xc1, 0x9e, 0x0c, 0xf0, 0x67, 0x83, 0x3c,
    0x19, 0xe0, 0xcf, 0x06, 0x78, 0x33, 0xc1, 0x9e, 0x0c, 0xf0, 0x67, 0x83, 0x3c, 0x19, 0xe0, 0xcf,
    0x06, 0x78, 0x33, 0xc1, 0x9e, 0x0c, 0xf0, 0x67, 0x83, 0x3c, 0x19, 0xf0, 0x08, 0x14, 0xc0, 0x1d,
    0x18, 0x30, 0xd7, 0x86, 0xbc, 0x85, 0xe0, 0xcf, 0x06, 0x78, 0x33, 0xc1, 0x9e, 0x0c, 0xf0, 0x67,
    0x83, 0x3c, 0x19, 0xe0, 0xcf, 0x06, 0x78, 0x33, 0xc1, 0x9e, 0x0c, 0xf0, 0x67, 0x83, 0x3c, 0x19,
    0xe0, 0xcf, 0x06, 0x78, 0x33, 0xc1, 0x9e, 0x0c, 0xf0, 0x67, 0x83, 0x16, 0x05, 0x50, 0x06, 0xbf,
    0x53, 0x0c, 0x0d, 0x28, 0x80, 0x35, 0xe9, 0x98, 0x01, 0xaf, 0x8d, 0x7c, 0x6b, 0x21, 0xad, 0x21,
    0x79, 0x0b, 0xc1, 0x9e, 0x0c, 0x28, 0x15, 0xc0, 0x1b, 0x1c, 0x6c, 0x20, 0x9f, 0xc1, 0x9e, 0x0c,
    0xf0, 0x67, 0x83, 0x3c, 0x19, 0xe0, 0xcf, 0x06, 0x78, 0x33, 0xc1, 0x9e, 0x0c, 0xf0, 0x67, 0x83,
    0x3c, 0x19, 0xe0, 0xcf, 0x06, 0x78, 0x33, 0xc1, 0x9e, 0x0c, 0xf0, 0x67, 0x83, 0x3c, 0x19, 0xe0,
    0xcd, 0x82, 0x4c, 0x81, 0xd1, 0xbc, 0xd5, 0x83, 0x8a, 0x60, 0x0e, 0x8f, 0xe6, 0x00, 0x3b, 0xe0,
    0xe1, 0x90, 0x03, 0x5e, 0x4d, 0xfd, 0x06, 0xf8, 0x37, 0xc1, 0xbe, 0x0d, 0xf0, 0x6c, 0x4a, 0x78,
    0x00, 0xe7, 0x9a, 0xd9, 0x83, 0x9e, 0x0d, 0xf0, 0x6f, 0x83, 0x7c, 0x1b, 0xe0, 0xd5, 0x7e, 0xf8,
    0x33, 0xc1, 0x9e, 0x0c, 0xf0, 0x67, 0x83, 0x3c, 0x19, 0xe0, 0xcf, 0x06, 0x78, 0x33, 0xc1, 0x9e,
    0x0c, 0xf0, 0x67, 0x83, 0x3c, 0x19, 0xe0, 0xcf, 0x06, 0x78, 0x33, 0xc1, 0x9e, 0x0c, 0xf0, 0x67,
    0x83, 0x3a, 0x09, 0x14, 0x07, 0x47, 0xfa, 0xfa, 0x1b, 0xf0, 0xdf, 0x91, 0x3c, 0x19, 0xe0, 0xcf,
    0x06, 0x78, 0x33, 0xc1, 0x9e, 0x0c, 0xf0, 0x67, 0x83, 0x3c, 0x19, 0xe0, 0xcf, 0x06, 0x78, 0x33,
    0xc1, 0x9e, 0x0c, 0xf0, 0x67, 0x83, 0x3c, 0x19, 0xe0, 0xcf, 0x06, 0x78, 0x33, 0xc1, 0x9e, 0x0c,
    0xf0, 0x67, 0x83, 0x3c, 0x19, 0xe0, 0xcf, 0x06, 0x78, 0x33, 0xc1, 0x9e, 0x0c, 0xf0, 0x67, 0x83,
    0x3c, 0x19, 0xe0, 0xcf, 0x06, 0x78, 0x33, 0xc1, 0x9e, 0x0c, 0xf0, 0x67, 0x83, 0x3c, 0x19, 0xe0,
    0xcf, 0x06, 0x78, 0x33, 0xc1, 0x9e, 0x0c, 0xf0, 0x67, 0x83, 0x3c, 0x19, 0xe0, 0xcf, 0x06, 0x78,
    0x33, 0xc1, 0x9e, 0x0c, 0xf0, 0x67, 0x83, 0x3c, 0x19, 0xe0, 0xcf, 0x06, 0x78, 0x33, 0xc1, 0x9e,
    0x0c, 0xf0, 0x67, 0x83, 0x3c, 0x19, 0xe0, 0xcf, 0x06, 0x78, 0x33, 0xc1, 0x9e, 0x0c, 0xf0, 0x67,
    0x83, 0x3c, 0x19, 0xe0, 0xcf, 0x06, 0x78, 0x33, 0xc1, 0x9e, 0x0c, 0xf0, 0x67, 0x83, 0x3c, 0x19,
    0xe0, 0xcf, 0x06, 0x78, 0x33, 0xc1, 0x9e, 0x0c, 0xf0, 0x67, 0x83, 0x3c, 0x19, 0xe0, 0xcf, 0x06,
    0x78, 0x33, 0xc1, 0x9e, 0x0c, 0xf0, 0x67, 0x83, 0x3c, 0x19, 0xe0, 0xcf, 0x06, 0x78, 0x32, 0x20,
    0x55, 0x00, 0x6c, 0x51, 0x25, 0xe0, 0xde, 0x1a, 0xf8, 0x33, 0xc1, 0x9e, 0x0c, 0xf0, 0x67, 0x83,
    0x3c, 0x19, 0xe0, 0xcf, 0x06, 0x78, 0x33, 0xc1, 0x9e, 0x0c, 0xf0, 0x67, 0x83, 0x3c, 0x19, 0xe0,
    0xcf, 0x06, 0x78, 0x33, 0xc1, 0x9e, 0x0c, 0xf0, 0x67, 0x83, 0x3c, 0x19, 0xe0, 0xcf, 0x06, 0x78,
    0x33, 0xc1, 0x9e, 0x0c, 0xf0, 0x67, 0x83, 0x3c, 0x19, 0xe0, 0xcf, 0x06, 0x78, 0x33, 0xc1, 0x9e,
    0x0c, 0xf0, 0x67, 0x83, 0x3c, 0x19, 0xe0, 0xcf, 0x06, 0x78, 0x33, 0xc1, 0x9e, 0x0c, 0xf0, 0x67,
    0x83, 0x3c, 0x19, 0xe0, 0xcf, 0x06, 0x78, 0x33, 0xc1, 0x9e, 0x0c, 0xf0, 0x67, 0x83, 0x3c, 0x19,
    0xe0, 0xcf, 0x06, 0x78, 0x33, 0xc1, 0x9e, 0x0c, 0xf0, 0x67, 0x83, 0x3c, 0x19, 0xe0, 0xcf, 0x06,
    0x78, 0x33, 0xc1, 0x9e, 0x0c, 0xf0, 0x67, 0x83, 0x3c, 0x19, 0xe0, 0xcf, 0x06, 0x78, 0x33, 0xc1,
    0x9e, 0x0c, 0xf0, 0x67, 0x83, 0x3c, 0x19, 0xe0, 0xcf, 0x06, 0x78, 0x33, 0xc1, 0x9e, 0x0c, 0xf0,
    0x67, 0x83, 0x3c, 0x19, 0xe0, 0xcf, 0x06, 0x78, 0x33, 0xc1, 0x9e, 0x0c, 0xf0, 0x67, 0x83, 0x3c,
    0x19, 0xe0, 0xcf, 0x06, 0x78, 0x33, 0xc1, 0x9e, 0x0c, 0xf0, 0x67, 0x83, 0x3c, 0x19, 0xe0, 0xcf,
    0x06, 0x78, 0x33, 0xc1, 0x9e, 0x0c, 0xf0, 0x64, 0xc0, 0x60, 0x16, 0xcd, 0x58, 0x6b, 0xc1, 0x9e,
    0x0c, 0xf0, 0x67, 0x83, 0x3c, 0x19, 0xe0, 0xcf, 0x06, 0x78, 0x33, 0xc1, 0x9e, 0x0c, 0xf0, 0x67,
    0x83, 0x3c, 0x19, 0xe0, 0xcf, 0x06, 0x78, 0x33, 0xc1, 0x9e, 0x0c, 0xf0, 0x67, 0x83, 0x3c, 0x19,
    0xe0, 0xcf, 0x06, 0x78, 0x33, 0xc1, 0x9e, 0x0c, 0xf0, 0x67, 0x83, 0x3c, 0x19, 0xe0, 0xcf, 0x06,
    0x78, 0x33, 0xc1, 0x9e, 0x0c, 0xf0, 0x67, 0x83, 0x3c, 0x19, 0xe0, 0xcf, 0x06, 0x78, 0x33, 0xc1,
    0x9e, 0x0c, 0xf0, 0x67, 0x83, 0x3c, 0x19, 0xe0, 0xcf, 0x06, 0x78, 0x33, 0xc1, 0x9e, 0x0c, 0xf0,
    0x67, 0x83, 0x3c, 0x19, 0xe0, 0xcf, 0x06, 0x78, 0x33, 0xc1, 0x9e, 0x0c, 0xf0, 0x67, 0x83, 0x3c,
    0x19, 0xe0, 0xcf, 0x06, 0x78, 0x33, 0xc1, 0x9e, 0x0c, 0xf0, 0x67, 0x83, 0x3c, 0x19, 0xe0, 0xcf,
    0x06, 0x78, 0x33, 0xc1, 0x9e, 0x0c, 0xf0, 0x67, 0x83, 0x3c, 0x19, 0xe0, 0xcf, 0x06, 0x78, 0x33,
    0xc1, 0x9e, 0x0c, 0xf0, 0x67, 0x83, 0x3c, 0x19, 0xd0, 0x18, 0x05, 0xb3, 0x56, 0x1a, 0xf0, 0x67,
    0x83, 0x3c, 0x19, 0xe0, 0xcf, 0x06, 0x78, 0x33, 0xc1, 0x9e, 0x0c, 0xf0, 0x67, 0x83, 0x3c, 0x19,
    0xe0, 0xcf, 0x06, 0x78, 0x33, 0xc1, 0x9e, 0x0c, 0xf0, 0x67, 0x83, 0x3c, 0x19, 0xe0, 0xcf, 0x06,
    0x78, 0x33, 0xc1, 0x9e, 0x0c, 0xf0, 0x67, 0x83, 0x3c, 0x19, 0xe0, 0xcf, 0x06, 0x78, 0x33, 0xc1,
    0x9e, 0x0c, 0xf0, 0x67, 0x83, 0x3c, 0x19, 0xe0, 0xcf, 0x06, 0x78, 0x33, 0xc1, 0x9e, 0x0c, 0xf0,
    0x67, 0x83, 0x3c, 0x19, 0xe0, 0xcf, 0x06, 0x78, 0x33, 0xc1, 0x9e, 0x0c, 0xf0, 0x67, 0x83, 0x3c,
    0x19, 0xe0, 0xcf, 0x06, 0x78, 0x33, 0xc1, 0x9e, 0x0c, 0xf0, 0x67, 0x83, 0x3c, 0x19, 0xe0, 0xcf,
    0x06, 0x78, 0x33, 0xc1, 0x9e, 0x0c, 0xf0, 0x67, 0x83, 0x3c, 0x19, 0xe0, 0xcf, 0x06, 0x78, 0x33,
    0xc1, 0x9e, 0x0c, 0xf0, 0x67, 0x83, 0x3c, 0x19, 0xe0, 0xcf, 0x06, 0x78, 0x33, 0xc1, 0x9e, 0x0c,
    0xf0, 0x67, 0x83, 0x3c, 0x19, 0xe0, 0xcf, 0x06, 0x74, 0x06, 0x01, 0x6c, 0xd5, 0x86, 0xbc, 0x19,
    0xe0, 0xcf, 0x06, 0x78, 0x33, 0xc1, 0x9e, 0x0c, 0xf0, 0x67, 0x83, 0x3c, 0x19, 0xe0, 0xcf, 0x06,
    0x78, 0x33, 0xc1, 0x9e, 0x0c, 0xf0, 0x67, 0x83, 0x3c, 0x19, 0xe0, 0xcf, 0x06, 0x78, 0x33, 0xc1,
    0x9e, 0x0c, 0xf0, 0x67, 0x83, 0x3c, 0x19, 0xe0, 0xcf, 0x06, 0x78, 0x33, 0xc1, 0x9e, 0x0c, 0xf0,
    0x67, 0x83, 0x3c, 0x19, 0xe0, 0xcf, 0x06, 0x78, 0x33, 0xc1, 0x9e, 0x0c, 0xf0, 0x67, 0x83, 0x3c,
    0x19, 0xe0, 0xcf, 0x06, 0x78, 0x33, 0xc1, 0x9e, 0x0c, 0xf0, 0x67, 0x83, 0x3c, 0x19, 0xe0, 0xcf,
    0x06, 0x78, 0x33, 0xc1, 0x9e, 0x0c, 0xf0, 0x67, 0x83, 0x3c, 0x19, 0xe0, 0xcf, 0x06, 0x78, 0x33,
    0xc1, 0x9e, 0x0c, 0xf0, 0x67, 0x83, 0x3c, 0x19, 0xe0, 0xcf, 0x06, 0x78, 0x33, 0xc1, 0x9e, 0x0c,
    0xf0, 0x67, 0x83, 0x3c, 0x19, 0xe0, 0xcf, 0x06, 0x78, 0x33, 0xc1, 0x9e, 0x0c, 0xf0, 0x67, 0x83,
    0x3c, 0x19, 0xe0, 0xcf, 0x06, 0x78, 0x33, 0xc1, 0x9d, 0x01, 0x80, 0x5b, 0x35, 0x61, 0xaf, 0x06,
    0x78, 0x33, 0xc1, 0x9e, 0x0c, 0xf0, 0x67, 0x83, 0x3c, 0x19, 0xe0, 0xcf, 0x06, 0x78, 0x33, 0xc1,
    0x9e, 0x0c, 0xf0, 0x67, 0x83, 0x3c, 0x19, 0xe0, 0xcf, 0x06, 0x78, 0x33, 0xc1, 0x9e, 0x0c, 0xf0,
    0x67, 0x83, 0x3c, 0x19, 0xe0, 0xcf, 0x06, 0x78, 0x33, 0xc1, 0x9e, 0x0c, 0xf0, 0x67, 0x83, 0x3c,
    0x19, 0xe0, 0xcf, 0x06, 0x78, 0x33, 0xc1, 0x9e, 0x0c, 0xf0, 0x67, 0x83, 0x3c, 0x19, 0xe0, 0xcf,
    0x06, 0x78, 0x33, 0xc1, 0x9e, 0x0c, 0xf0, 0x67, 0x83, 0x3c, 0x19, 0xe0, 0xcf, 0x06, 0x78, 0x33,
    0xc1, 0x9e, 0x0c, 0xf0, 0x67, 0x83, 0x3c, 0x19, 0xe0, 0xcf, 0x06, 0x78, 0x33, 0xc1, 0x9e, 0x0c,
    0xf0, 0x67, 0x83, 0x3c, 0x19, 0xe0, 0xcf, 0x06, 0x78, 0x33, 0xc1, 0x9e, 0x0c, 0xf0, 0x67, 0x83,
    0x3c, 0x19, 0xe0, 0xcf, 0x06, 0x78, 0x33, 0xc1, 0x9e, 0x0c, 0xf0, 0x67, 0x83, 0x3c, 0x19, 0xe0,
    0xcf, 0x06, 0x78, 0x33, 0xc1, 0x9e, 0x0c, 0xf0, 0x67, 0x83, 0x3c, 0x19, 0xe0, 0xcf, 0x06, 0x78,
    0x33, 0xc1, 0x9e, 0x0c, 0xf0, 0x67, 0x83, 0x3c, 0x19, 0xe0, 0xcf, 0x06, 0x78, 0x33, 0xc1, 0x9e,
    0x0c, 0xf0, 0x67, 0x83, 0x3c, 0x19, 0xe0, 0xcf, 0x06, 0x78, 0x33, 0xc1, 0x9e, 0x0c, 0xf0, 0x67,
    0x83, 0x3c, 0x19, 0xe0, 0xcf, 0x06, 0x78, 0x33, 0xc1, 0x9e, 0x0c, 0xf0, 0x67, 0x83, 0x3c, 0x19,
    0xe0, 0xcf, 0x06, 0x78, 0x33, 0xc1, 0x9e, 0x0c, 0xf0, 0x67, 0x83, 0x3c, 0x19, 0xe0, 0xcf, 0x06,
    0x78, 0x33, 0xc1, 0x9e, 0x0c, 0xf0, 0x67, 0x83, 0x3c, 0x19, 0xe0, 0xcf, 0x06, 0x78, 0x33, 0xc1,
    0x9e, 0x0c, 0xf0, 0x67, 0x83, 0x3c, 0x19, 0xe0, 0xcf, 0x06, 0x78, 0x33, 0xc1, 0x9e, 0x0c, 0xf0,
    0x67, 0x83, 0x3c, 0x19, 0xe0, 0xcf, 0x06, 0x78, 0x33, 0xc1, 0x9e, 0x0c, 0xf0, 0x67, 0x83, 0x3c,
    0x19, 0xe0, 0xcf, 0x06, 0x78, 0x33, 0xc1, 0x9e, 0x0c, 0xf0, 0x67, 0x83, 0x3c, 0x19, 0xe0, 0xcf,
    0x06, 0x78, 0x33, 0xc1, 0x9f, 0x00, 0x80, 0xc0, 0x2d, 0x9a, 0xb0, 0xd7, 0x83, 0x3c, 0x19, 0xe0,
    0xcf, 0x06, 0x78, 0x33, 0xc1, 0x9e, 0x0c, 0xf0, 0x67, 0x83, 0x3c, 0x19, 0xe0, 0xcf, 0x06, 0x78,
    0x33, 0xc1, 0x9e, 0x0c, 0xf0, 0x67, 0x83, 0x3c, 0x19, 0xe0, 0xcf, 0x06, 0x78, 0x33, 0xc1, 0x9e,
    0x0c, 0xf0, 0x67, 0x83, 0x3c, 0x19, 0xe0, 0xcf, 0x06, 0x78, 0x33, 0xc1, 0x9e, 0x0c, 0xf0, 0x67,
    0x83, 0x3c, 0x19, 0xe0, 0xcf, 0x06, 0x78, 0x33, 0xc1, 0x9e, 0x0c, 0xf0, 0x67, 0x83, 0x3c, 0x19,
    0xe0, 0xcf, 0x06, 0x78, 0x33, 0xc1, 0x9e, 0x0c, 0xf0, 0x67, 0x83, 0x3c, 0x19, 0xe0, 0xcf, 0x06,
    0x78, 0x33, 0xc1, 0x9e, 0x0c, 0xf0, 0x67, 0x83, 0x3c, 0x19, 0xe0, 0xcf, 0x06, 0x78, 0x33, 0xc1,
    0x9e, 0x0c, 0xf0, 0x67, 0x83, 0x3c, 0x19, 0xe0, 0xcf, 0x06, 0x78, 0x33, 0xc1, 0x9e, 0x0c, 0xf0,
    0x67, 0x83, 0x3c, 0x19, 0xe0, 0xcf, 0x06, 0x78, 0x33, 0xc1, 0x9e, 0x0c, 0xf0, 0x67, 0x83, 0x3c,
    0x19, 0xe0, 0xcf, 0x06, 0x78, 0x33, 0xa0, 0x30, 0x0b, 0x66, 0xac, 0x35, 0xe0, 0xcf, 0x06, 0x78,
    0x33, 0xc1, 0x9e, 0x0c, 0xf0, 0x67, 0x83, 0x3c, 0x19, 0xe0, 0xcf, 0x06, 0x78, 0x33, 0xc1, 0x9e,
    0x0c, 0xf0, 0x67, 0x83, 0x3c, 0x19, 0xe0, 0xcf, 0x06, 0x78, 0x33, 0xc1, 0x9e, 0x0c, 0xf0, 0x67,
    0x83, 0x3c, 0x19, 0xe0, 0xcf, 0x06, 0x78, 0x33, 0xc1, 0x9e, 0x0c, 0xf0, 0x67, 0x83, 0x3c, 0x19,
    0xe0, 0xcf, 0x06, 0x78, 0x33, 0xc1, 0x9e, 0x0c, 0xf0, 0x67, 0x83, 0x3c, 0x19, 0xe0, 0xcf, 0x06,
    0x78, 0x33, 0xc1, 0x9e, 0x0c, 0xf0, 0x67, 0x83, 0x3c, 0x19, 0xe0, 0xcf, 0x06, 0x78, 0x33, 0xc1,
    0x9e, 0x0c, 0xf0, 0x67, 0x83, 0x3c, 0x19, 0xe0, 0xcf, 0x06, 0x78, 0x33, 0xc1, 0x9e, 0x0c, 0xf0,
    0x67, 0x83, 0x3c, 0x19, 0xe0, 0xcf, 0x06, 0x78, 0x33, 0xc1, 0x9e, 0x0c, 0xf0, 0x67, 0x83, 0x3c,
    0x19, 0xe0, 0xcf, 0x06, 0x78, 0x33, 0xc1, 0x9e, 0x0c, 0xf0, 0x67, 0x83, 0x3c, 0x19, 0xe0, 0xcf,
    0x06, 0x78, 0x33, 0xc1, 0x9e, 0x0c, 0xe8, 0x0c, 0x02, 0xd9, 0xab, 0x0d, 0x78, 0x33, 0xc1, 0x9e,
    0x0c, 0xf0, 0x67, 0x83, 0x3c, 0x19, 0xe0, 0xcf, 0x06, 0x78, 0x33, 0xc1, 0x9e, 0x0c, 0xf0, 0x67,
    0x83, 0x3c, 0x19, 0xe0, 0xcf, 0x06, 0x78, 0x33, 0xc1, 0x9e, 0x0c, 0xf0, 0x67, 0x83, 0x3c, 0x19,
    0xe0, 0xcf, 0x06, 0x78, 0x33, 0xc1, 0x9e, 0x0c, 0xf0, 0x67, 0x83, 0x3c, 0x19, 0xe0, 0xcf, 0x06,
    0x78, 0x33, 0xc1, 0x9e, 0x0c, 0xf0, 0x67, 0x83, 0x3c, 0x19, 0xe0, 0xcf, 0x06, 0x78, 0x33, 0xc1,
    0x9e, 0x0c, 0xf0, 0x67, 0x83, 0x3c, 0x19, 0xe0, 0xcf, 0x06, 0x78, 0x33, 0xc1, 0x9e, 0x0c, 0xf0,
    0x67, 0x83, 0x3c, 0x19, 0xe0, 0xcf, 0x06, 0x78, 0x33, 0xc1, 0x9e, 0x0c, 0xf0, 0x67, 0x83, 0x3c,
    0x19, 0xe0, 0xcf, 0x06, 0x78, 0x33, 0xc1, 0x9e, 0x0c, 0xf0, 0x67, 0x83, 0x3c, 0x19, 0xe0, 0xcf,
    0x06, 0x78, 0x33, 0xc1, 0x9e, 0x0c, 0xf0, 0x67, 0x83, 0x3c, 0x19, 0xe0, 0xcf, 0x06, 0x78, 0x33,
    0xc1, 0x9e, 0x0c, 0xf0, 0x67, 0x83, 0x3a, 0x03, 0x00, 0xb6, 0x6a, 0xc3, 0x5e, 0x0c, 0xf0, 0x67,
    0x83, 0x3c, 0x19, 0xe0, 0xcf, 0x06, 0x78, 0x33, 0xc1, 0x9e, 0x0c, 0xf0, 0x67, 0x83, 0x3c, 0x19,
    0xe0, 0xcf, 0x06, 0x78, 0x33, 0xc1, 0x9e, 0x0c, 0xf0, 0x67, 0x83, 0x3c, 0x19, 0xe0, 0xcf, 0x06,
    0x78, 0x33, 0xc1, 0x9e, 0x0c, 0xf0, 0x67, 0x83, 0x3c, 0x19, 0xe0, 0xcf, 0x06, 0x78, 0x33, 0xc1,
    0x9e, 0x0c, 0xf0, 0x67, 0x83, 0x3c, 0x19, 0xe0, 0xcf, 0x06, 0x78, 0x33, 0xc1, 0x9e, 0x0c, 0xf0,
    0x67, 0x83, 0x3c, 0x19, 0xe0, 0xcf, 0x06, 0x78, 0x33, 0xc1, 0x9e, 0x0c, 0xf0, 0x67, 0x83, 0x3c,
    0x19, 0xe0, 0xcf, 0x06, 0x78, 0x33, 0xc1, 0x9e, 0x0c, 0xf0, 0x67, 0x83, 0x3c, 0x19, 0xe0, 0xcf,
    0x06, 0x78, 0x33, 0xc1, 0x9e, 0x0c, 0xf0, 0x67, 0x83, 0x3c, 0x19, 0xe0, 0xcf, 0x06, 0x78, 0x33,
    0xc1, 0x9e, 0x0c, 0xf0, 0x67, 0x83, 0x3c, 0x19, 0xe0, 0xcf, 0x06, 0x78, 0x33, 0xc1, 0x9e, 0x0c,
    0xf0, 0x67, 0x83, 0x3c, 0x19, 0xe0, 0xce, 0x80, 0xc0, 0x2d, 0x9a, 0xb0, 0xd7, 0x83, 0x3c, 0x19,
    0xe0, 0xcf, 0x06, 0x78, 0x33, 0xc1, 0x9e, 0x0c, 0xf0, 0x67, 0x83, 0x3c, 0x19, 0xe0, 0xcf, 0x06,
    0x78, 0x33, 0xc1, 0x9e, 0x0c, 0xf0, 0x67, 0x83, 0x3c, 0x19, 0xe0, 0xcf, 0x06, 0x78, 0x33, 0xc1,
    0x9e, 0x0c, 0xf0, 0x67, 0x83, 0x3c, 0x19, 0xe0, 0xcf, 0x06, 0x78, 0x33, 0xc1, 0x9e, 0x0c, 0xf0,
    0x67, 0x83, 0x3c, 0x19, 0xe0, 0xcf, 0x06, 0x78, 0x33, 0xc1, 0x9e, 0x0c, 0xf0, 0x67, 0x83, 0x3c,
    0x19, 0xe0, 0xcf, 0x06, 0x78, 0x33, 0xc1, 0x9e, 0x0c, 0xf0, 0x67, 0x83, 0x3c, 0x19, 0xe0, 0xcf,
    0x06, 0x78, 0x33, 0xc1, 0x9e, 0x0c, 0xf0, 0x67, 0x83, 0x3c, 0x19, 0xe0, 0xcf, 0x06, 0x78, 0x33,
    0xc1, 0x9e, 0x0c, 0xf0, 0x67, 0x83, 0x3c, 0x19, 0xe0, 0xcf, 0x06, 0x78, 0x33, 0xc1, 0x9e, 0x0c,
    0xf0, 0x67, 0x83, 0x3c, 0x19, 0xe0, 0xcf, 0x06, 0x78, 0x33, 0xc1, 0x9e, 0x0c, 0xf0, 0x67, 0x83,
    0x3c, 0x19, 0xe0, 0xcf, 0x06, 0x78, 0x33, 0xa0, 0x30, 0x0b, 0x66, 0xac, 0x35, 0xe0, 0xcf, 0x06,
    0x78, 0x33, 0xc1, 0x9e, 0x0c, 0xf0, 0x67, 0x83, 0x3c, 0x19, 0xe0, 0xcf, 0x06, 0x78, 0x33, 0xc1,
    0x9e, 0x0c, 0xf0, 0x67, 0x83, 0x3c, 0x19, 0xe0, 0xcf, 0x06, 0x78, 0x33, 0xc1, 0x9e, 0x0c, 0xf0,
    0x67, 0x83, 0x3c, 0x19, 0xe0, 0xcf, 0x06, 0x78, 0x33, 0xc1, 0x9e, 0x0c, 0xf0, 0x67, 0x83, 0x3c,
    0x19, 0xe0, 0xcf, 0x06, 0x78, 0x33, 0xc1, 0x9e, 0x0c, 0xf0, 0x67, 0x83, 0x3c, 0x19, 0xe0, 0xcf,
    0x06, 0x78, 0x33, 0xc1, 0x9e, 0x0c, 0xf0, 0x67, 0x83, 0x3c, 0x19, 0xe0, 0xcf, 0x06, 0x78, 0x33,
    0xc1, 0x9e, 0x0c, 0xf0, 0x67, 0x83, 0x3c, 0x19, 0xe0, 0xcf, 0x06, 0x78, 0x33, 0xc1, 0x9e, 0x0c,
    0xf0, 0x67, 0x83, 0x3c, 0x19, 0xe0, 0xcf, 0x06, 0x78, 0x33, 0xc1, 0x9e, 0x0c, 0xf0, 0x67, 0x83,
    0x3c, 0x19, 0xe0, 0xcf, 0x06, 0x78, 0x33, 0xc1, 0x9e, 0x0c, 0xf0, 0x67, 0x83, 0x3c, 0x19, 0xe0,
    0xcf, 0x06, 0x78, 0x33, 0xc1, 0x9e, 0x0c, 0xe8, 0x0c, 0x02, 0xd9, 0xab, 0x0d, 0x78, 0x33, 0xc1,
    0x9e, 0x0c, 0xf0, 0x67, 0x83, 0x3c, 0x19, 0xe0, 0xcf, 0x06, 0x78, 0x33, 0xc1, 0x9e, 0x0c, 0xf0,
    0x67, 0x83, 0x3c, 0x19, 0xe0, 0xcf, 0x06, 0x78, 0x33, 0xc1, 0x9e, 0x0c, 0xf0, 0x67, 0x83, 0x3c,
    0x19, 0xe0, 0xcf, 0x06, 0x78, 0x33, 0xc1, 0x9e, 0x0c, 0xf0, 0x67, 0x83, 0x3c, 0x19, 0xe0, 0xcf,
    0x06, 0x78, 0x33, 0xc1, 0x9e, 0x0c, 0xf0, 0x67, 0x83, 0x3c, 0x19, 0xe0, 0xcf, 0x06, 0x78, 0x33,
    0xc1, 0x9e, 0x0c, 0xf0, 0x67, 0x83, 0x3c, 0x19, 0xe0, 0xcf, 0x06, 0x78, 0x33, 0xc1, 0x9e, 0x0c,
    0xf0, 0x67, 0x83, 0x3c, 0x19, 0xe0, 0xcf, 0x06, 0x78, 0x33, 0xc1, 0x9e, 0x0c, 0xf0, 0x67, 0x83,
    0x3c, 0x19, 0xe0, 0xcf, 0x06, 0x78, 0x33, 0xc1, 0x9e, 0x0c, 0xf0, 0x67, 0x83, 0x3c, 0x19, 0xe0,
    0xcf, 0x06, 0x78, 0x33, 0xc1, 0x9e, 0x0c, 0xf0, 0x67, 0x83, 0x3c, 0x19, 0xe0, 0xcf, 0x06, 0x78,
    0x33, 0xc1, 0x9e, 0x0c, 0xf0, 0x67, 0x83, 0x3a, 0x03, 0x00, 0xb6, 0x6a, 0xc3, 0x5e, 0x0c, 0xf0,
    0x67, 0x83, 0x3c, 0x19, 0xe0, 0xcf, 0x06, 0x78, 0x33, 0xc1, 0x9e, 0x0c, 0xf0, 0x67, 0x83, 0x3c,
    0x19, 0xe0, 0xcf, 0x06, 0x78, 0x33, 0xc1, 0x9e, 0x0c, 0xf0, 0x67, 0x83, 0x3c, 0x19, 0xe0, 0xcf,
    0x06, 0x78, 0x33, 0xc1, 0x9e, 0x0c, 0xf0, 0x67, 0x83, 0x3c, 0x19, 0xe0, 0xcf, 0x06, 0x78, 0x33,
    0xc1, 0x9e, 0x0c, 0xf0, 0x67, 0x83, 0x3c, 0x19, 0xe0, 0xcf, 0x06, 0x78, 0x33, 0xc1, 0x9e, 0x0c,
    0xf0, 0x67, 0x83, 0x3c, 0x19, 0xe0, 0xcf, 0x06, 0x78, 0x33, 0xc1, 0x9e, 0x0c, 0xf0, 0x67, 0x83,
    0x3c, 0x19, 0xe0, 0xcf, 0x06, 0x78, 0x33, 0xc1, 0x9e, 0x0c, 0xf0, 0x67, 0x83, 0x3c, 0x19, 0xe0,
    0xcf, 0x06, 0x78, 0x33, 0xc1, 0x9e, 0x0c, 0xf0, 0x67, 0x83, 0x3c, 0x19, 0xe0, 0xcf, 0x06, 0x78,
    0x33, 0xc1, 0x9e, 0x0c, 0xf0, 0x67, 0x83, 0x3c, 0x19, 0xe0, 0xcf, 0x06, 0x78, 0x33, 0xc1, 0x9e,
    0x0c, 0xf0, 0x67, 0x83, 0x3c, 0x19, 0xe0, 0xcf, 0x06, 0x78, 0x33, 0xc1, 0x9e, 0x0c, 0xf0, 0x67,
    0x83, 0x3c, 0x19, 0xe0, 0xcf, 0x06, 0x78, 0x33, 0xc1, 0x9e, 0x0c, 0xf0, 0x67, 0x83, 0x3c, 0x19,
    0xe0, 0xcf, 0x06, 0x78, 0x33, 0xc1, 0x9e, 0x0c, 0xf0, 0x67, 0x83, 0x3c, 0x19, 0xe0, 0xcf, 0x06,
    0x78, 0x33, 0xc1, 0x9e, 0x0c, 0xf0, 0x67, 0x83, 0x3c, 0x19, 0xe0, 0xcf, 0x06, 0x78, 0x33, 0xc1,
    0x9e, 0x0c, 0xf0, 0x67, 0x83, 0x3c, 0x19, 0xe0, 0xcf, 0x06, 0x78, 0x33, 0xc1, 0x9e, 0x0c, 0xf0,
    0x67, 0x83, 0x3c, 0x19, 0xe0, 0xcf, 0x06, 0x78, 0x33, 0xc1, 0x9e, 0x0c, 0xf0, 0x67, 0x83, 0x3c,
    0x19, 0xe0, 0xcf, 0x06, 0x78, 0x33, 0xc1, 0x9e, 0x0c, 0xf0, 0x67, 0x83, 0x3c, 0x19, 0xe0, 0xcf,
    0x06, 0x78, 0x33, 0xc1, 0x9e, 0x0c, 0xf0, 0x67, 0x83, 0x3c, 0x19, 0xe0, 0xcf, 0x06, 0x78, 0x33,
    0xc1, 0x9e, 0x0c, 0xf0, 0x67, 0x83, 0x3c, 0x19, 0xe0, 0xcf, 0x06, 0x78, 0x33, 0xc1, 0x9e, 0x0c,
    0xf0, 0x67, 0x83, 0x3e, 0x01, 0x01, 0x80, 0x5b, 0x35, 0x61, 0xaf, 0x06, 0x78, 0x33, 0xc1, 0x9e,
    0x0c, 0xf0, 0x67, 0x83, 0x3c, 0x19, 0xe0, 0xcf, 0x06, 0x78, 0x33, 0xc1, 0x9e, 0x0c, 0xf0, 0x67,
    0x83, 0x3c, 0x19, 0xe0, 0xcf, 0x06, 0x78, 0x33, 0xc1, 0x9e, 0x0c, 0xf0, 0x67, 0x83, 0x3c, 0x19,
    0xe0, 0xcf, 0x06, 0x78, 0x33, 0x60, 0x55, 0x00, 0x6c, 0x51, 0x25, 0xe2, 0x7f, 0x06, 0x78, 0x33,
    0xc1, 0x9e, 0x0c, 0xf0, 0x67, 0x83, 0x3c, 0x19, 0xe0, 0xcf, 0x06, 0x78, 0x33, 0xc1, 0x9e, 0x0c,
    0xf0, 0x67, 0x83, 0x3c, 0x19, 0xe0, 0xcf, 0x06, 0x78, 0x33, 0xc1, 0x9e, 0x0c, 0xf0, 0x67, 0x83,
    0x3c, 0x19, 0xe0, 0xcf, 0x06, 0x78, 0x33, 0xc1, 0x9e, 0x0c, 0xf0, 0x67, 0x83, 0x3c, 0x19, 0xe0,
    0xcf, 0x06, 0x78, 0x30, 0xa0, 0x55, 0x00, 0x6c, 0x51, 0x25, 0xe1, 0xaf, 0x0d, 0x79, 0x0b, 0xc1,
    0x9e, 0x0c, 0xf0, 0x67, 0x96, 0xfc, 0xb7, 0xe1, 0xaf, 0x0d, 0x78, 0x33, 0xc1, 0x9e, 0x0c, 0xf0,
    0x67, 0x83, 0x3c, 0x19, 0xe0, 0xcf, 0x06, 0x78, 0x33, 0xc1, 0x9e, 0x0c, 0xf0, 0x67, 0x83, 0x3c,
    0x17, 0x10, 0x18, 0x05, 0xb3, 0x56, 0x1a, 0xf0, 0x67, 0x83, 0x3c, 0x19, 0xe0, 0xcf, 0x06, 0x78,
    0x33, 0xc1, 0x9e, 0x0c, 0xf0, 0x67, 0x83, 0x3c, 0x19, 0xe0, 0xcf, 0x06, 0x78, 0x33, 0xc1, 0x9e,
    0x0c, 0xf0, 0x67, 0x40, 0xaa, 0x00, 0xd8, 0xa2, 0x4b, 0xc3, 0x5e, 0x1a, 0xf2, 0x17, 0x83, 0x3c,
    0x19, 0xe0, 0xcf, 0x2d, 0xf9, 0x6f, 0xc3, 0x5e, 0x1a, 0xf0, 0x67, 0x83, 0x3c, 0x19, 0xe0, 0xcf,
    0x06, 0x78, 0x33, 0xc1, 0x9e, 0x0c, 0xf0, 0x67, 0x83, 0x3c, 0x19, 0xe0, 0xcf, 0x06, 0x78, 0x33,
    0xc1, 0x9e, 0x0c, 0xf0, 0x67, 0x83, 0x3c, 0x19, 0xe0, 0xcf, 0x06, 0x78, 0x33, 0xc1, 0x9e, 0x0c,
    0xf0, 0x67, 0x83, 0x3c, 0x19, 0xe0, 0xcf, 0x06, 0x78, 0x33, 0xc1, 0x9e, 0x0c, 0xf0, 0x67, 0x83,
    0x12, 0x05, 0x50, 0x06, 0xc5, 0x12, 0x5e, 0x1a, 0xf0, 0xd7, 0x90, 0xbc, 0x19, 0xe0, 0xcf, 0x06,
    0x79, 0x6f, 0xcb, 0x7e, 0x1a, 0xf0, 0xd7, 0x83, 0x3c, 0x19, 0xe0, 0xcf, 0x06, 0x78, 0x33, 0xc1,
    0x9e, 0x0c, 0xf0, 0x67, 0x83, 0x3c, 0x19, 0xe0, 0xcf, 0x06, 0x78, 0x33, 0xc1, 0x71, 0x01, 0x80,
    0x5b, 0x35, 0x61, 0xaf, 0x06, 0x78, 0x33, 0xc1, 0x9e, 0x0c, 0xf0, 0x67, 0x83, 0x3c, 0x19, 0xe0,
    0xcf, 0x06, 0x78, 0x33, 0xc1, 0x9e, 0x0c, 0xf0, 0x67, 0x83, 0x3c, 0x19, 0xe0, 0xcf, 0x06, 0x74,
    0x0a, 0xa0, 0x0d, 0x8a, 0x24, 0xbc, 0x35, 0xe1, 0xaf, 0x21, 0x78, 0x33, 0xc1, 0x9e, 0x0c, 0xf2,
    0xdf, 0x96, 0xfc, 0x35, 0xe1, 0xaf, 0x06, 0x78, 0x33, 0xc1, 0x9e, 0x0c, 0xf0, 0x67, 0x83, 0x3c,
    0x19, 0xe0, 0xcf, 0x06, 0x78, 0x33, 0xc1, 0x9e, 0x0c, 0xf0, 0x67, 0x83, 0x3c, 0x19, 0xe0, 0xcf,
    0x06, 0x78, 0x33, 0xc1, 0x9e, 0x0c, 0xf0, 0x67, 0x83, 0x3c, 0x19, 0xe0, 0xcf, 0x06, 0x78, 0x33,
    0xc1, 0x9e, 0x0c, 0xf0, 0x67, 0x83, 0x3c, 0x19, 0xe0, 0xcf, 0x06, 0x78, 0x31, 0x20, 0x55, 0x00,
    0x6c, 0x51, 0x25, 0xe1, 0xaf, 0x0d, 0x79, 0x0b, 0xc1, 0x9e, 0x0c, 0xf0, 0x67, 0x96, 0xfc, 0xb7,
    0xe1, 0xaf, 0x0d, 0x78, 0x33, 0xc1, 0x9e, 0x0c, 0xf0, 0x67, 0x83, 0x3c, 0x19, 0xe0, 0xcf, 0x06,
    0x78, 0x33, 0xc1, 0x9e, 0x0c, 0xf0, 0x67, 0x83, 0x3c, 0x17, 0x10, 0x18, 0x05, 0xb3, 0x56, 0x1a,
    0xf0, 0x67, 0x83, 0x3c, 0x19, 0xe0, 0xcf, 0x06, 0x78, 0x33, 0xc1, 0x9e, 0x0c, 0xf0, 0x67, 0x83,
    0x3c, 0x19, 0xe0, 0xcf, 0x06, 0x78, 0x33, 0xc1, 0x9e, 0x0c, 0xf0, 0x67, 0x40, 0xaa, 0x00, 0xd8,
    0xa2, 0x4b, 0xc3, 0x5e, 0x1a, 0xf2, 0x17, 0x83, 0x3c, 0x19, 0xe0, 0xcf, 0x2d, 0xf9, 0x6f, 0xc3,
    0x5e, 0x1a, 0xf0, 0x67, 0x83, 0x3c, 0x19, 0xe0, 0xcf, 0x06, 0x78, 0x33, 0xc1, 0x9e, 0x0c, 0xf0,
    0x67, 0x83, 0x3c, 0x19, 0xe0, 0xcf, 0x06, 0x78, 0x33, 0xc1, 0x9e, 0x0c, 0xf0, 0x67, 0x83, 0x3c,
    0x19, 0xe0, 0xcf, 0x06, 0x78, 0x33, 0xc1, 0x9e, 0x0c, 0xf0, 0x67, 0x83, 0x3c, 0x19, 0xe0, 0xcf,
    0x06, 0x78, 0x33, 0xc1, 0x9e, 0x0c, 0xf0, 0x67, 0x83, 0x12, 0x05, 0x50, 0x06, 0xc5, 0x12, 0x5e,
    0x1a, 0xf0, 0xd7, 0x90, 0xbc, 0x19, 0xe0, 0xcf, 0x06, 0x79, 0x6f, 0xcb, 0x7e, 0x1a, 0xf0, 0xd7,
    0x83, 0x3c, 0x19, 0xe0, 0xcf, 0x06, 0x78, 0x33, 0xc1, 0x9e, 0x0c, 0xf0, 0x67, 0x83, 0x3c, 0x19,
    0xe0, 0xcf, 0x06, 0x78, 0x33, 0xc1, 0x71, 0x01, 0x80, 0x5b, 0x35, 0x61, 0xaf, 0x06, 0x78, 0x33,
    0xc1, 0x9e, 0x0c, 0xf0, 0x67, 0x83, 0x3c, 0x19, 0xe0, 0xcf, 0x06, 0x78, 0x33, 0xc1, 0x9e, 0x0c,
    0xf0, 0x67, 0x83, 0x3c, 0x19, 0xe0, 0xcf, 0x06, 0x74, 0x0a, 0xa0, 0x0d, 0x8a, 0x24, 0xbc, 0x35,
    0xe1, 0xaf, 0x21, 0x78, 0x33, 0xc1, 0x9e, 0x0c, 0xf2, 0xdf, 0x96, 0xfc, 0x35, 0xe1, 0xaf, 0x06,
    0x78, 0x33, 0xc1, 0x9e, 0x0c, 0xf0, 0x67, 0x83, 0x3c, 0x19, 0xe0, 0xcf, 0x06, 0x78, 0x33, 0xc1,
    0x9e, 0x0c, 0xf0, 0x67, 0x83, 0x3c, 0x19, 0xe0, 0xcf, 0x06, 0x78, 0x33, 0xc1, 0x9e, 0x0c, 0xf0,
    0x67, 0x83, 0x3c, 0x19, 0xe0, 0xcf, 0x06, 0x78, 0x33, 0xc1, 0x9e, 0x0c, 0xf0, 0x67, 0x83, 0x3c,
    0x19, 0xe0, 0xcf, 0x06, 0x78, 0x31, 0x20, 0x55, 0x00, 0x6c, 0x51, 0x25, 0xe1, 0xaf, 0x0d, 0x79,
    0x0b, 0xc1, 0x9e, 0x0c, 0xf0, 0x67, 0x96, 0xfc, 0xb7, 0xe1, 0xaf, 0x0d, 0x78, 0x33, 0xc1, 0x9e,
    0x0c, 0xf0, 0x67, 0x83, 0x3c, 0x19, 0xe0, 0xcf, 0x06, 0x78, 0x33, 0xc1, 0x9e, 0x0c, 0xf0, 0x67,
    0x83, 0x3c, 0x17, 0x10, 0x18, 0x05, 0xb3, 0x56, 0x1a, 0xf0, 0x67, 0x83, 0x3c, 0x19, 0xe0, 0xcf,
    0x06, 0x78, 0x33, 0xc1, 0x9e, 0x0c, 0xf0, 0x67, 0x83, 0x3c, 0x19, 0xe0, 0xcf, 0x06, 0x78, 0x33,
    0xc1, 0x9e, 0x0c, 0xf0, 0x67, 0x40, 0xaa, 0x00, 0xd8, 0xa2, 0x4b, 0xc1, 0xbe, 0x0d, 0xf0, 0x6d,
    0x14, 0x7c, 0x19, 0xe0, 0xcf, 0x35, 0xf9, 0x3f, 0xc1, 0xbe, 0x6b, 0xf2, 0x8f, 0x83, 0x3c, 0x19,
    0xe0, 0xcf, 0x06, 0x78, 0x33, 0xc1, 0x9e, 0x0c, 0xf0, 0x67, 0x83, 0x3c, 0x19, 0xe0, 0xcf, 0x06,
    0x78, 0x33, 0xc1, 0x9e, 0x0c, 0xf0, 0x67, 0x83, 0x3c, 0x19, 0xe0, 0xcf, 0x06, 0x78, 0x33, 0xc1,
    0x9e, 0x0c, 0xf0, 0x67, 0x83, 0x3c, 0x19, 0xe0, 0xcf, 0x06, 0x78, 0x33, 0xc1, 0x9e, 0x0c, 0xf0,
    0x67, 0x83, 0x36, 0x05, 0x50, 0x06, 0xc5, 0x12, 0x5e, 0x1a, 0xf0, 0xd7, 0x90, 0xbc, 0x19, 0xe0,
    0xcf, 0x27, 0x79, 0x3a, 0x8b, 0x9e, 0x28, 0xf0, 0xd7, 0x94, 0x3c, 0x19, 0xe0, 0xcf, 0x06, 0x78,
    0x33, 0xc1, 0x9e, 0x0c, 0xf0, 0x67, 0x83, 0x3c, 0x19, 0xe0, 0xcf, 0x06, 0x78, 0x33, 0xc1, 0x9d,
    0x01, 0x80, 0x5b, 0x35, 0x61, 0xaf, 0x06, 0x78, 0x33, 0xc1, 0x9e, 0x0c, 0xf0, 0x67, 0x83, 0x3c,
    0x19, 0xe0, 0xcf, 0x06, 0x78, 0x33, 0xc1, 0x9e, 0x0c, 0xf0, 0x67, 0x83, 0x3c, 0x19, 0xe0, 0xcf,
    0x06, 0x74, 0x0a, 0xa0, 0x0d, 0x8a, 0x24, 0xbc, 0x1b, 0xe0, 0xdf, 0x06, 0xd1, 0x47, 0xc1, 0x9e,
    0x0c, 0xf3, 0x5f, 0x93, 0xfc, 0x1b, 0xe6, 0xbf, 0x28, 0xf8, 0x33, 0xc1, 0x9e, 0x0c, 0xf0, 0x67,
    0x83, 0x3c, 0x19, 0xe0, 0xcf, 0x06, 0x78, 0x33, 0xc1, 0x9e, 0x0c, 0xf0, 0x67, 0x83, 0x3c, 0x19,
    0xe0, 0xcf, 0x06, 0x78, 0x33, 0xc1, 0x9e, 0x0c, 0xf0, 0x67, 0x83, 0x3c, 0x19, 0xe0, 0xcf, 0x06,
    0x78, 0x33, 0xc1, 0x9e, 0x0c, 0xf0, 0x67, 0x83, 0x3c, 0x19, 0xe0, 0xcf, 0x06, 0x78, 0x33, 0x60,
    0x55, 0x00, 0x6c, 0x51, 0x25, 0xe0, 0xdf, 0x06, 0xf8, 0x36, 0x8a, 0x3e, 0x0c, 0xf0, 0x67, 0x9a,
    0xfc, 0x9f, 0xe0, 0xdf, 0x35, 0xf9, 0x47, 0xc1, 0x9e, 0x0c, 0xf0, 0x67, 0x83, 0x3c, 0x19, 0xe0,
    0xcf, 0x06, 0x78, 0x33, 0xc1, 0x9e, 0x0c, 0xf0, 0x67, 0x83, 0x3c, 0x19, 0xe0, 0x01, 0x80, 0xc0,
    0x2d, 0x9a, 0xb0, 0xd7, 0x83, 0x3c, 0x19, 0xe0, 0xcf, 0x06, 0x78, 0x33, 0xc1, 0x9e, 0x0c, 0xf0,
    0x67, 0x83, 0x3c, 0x19, 0xe0, 0xcf, 0x06, 0x78, 0x33, 0xc1, 0x9e, 0x0c, 0xf0, 0x67, 0x83, 0x3a,
    0x05, 0x50, 0x06, 0xc5, 0x12, 0x5e, 0x0d, 0xf0, 0x6f, 0x83, 0x68, 0xa3, 0xe0, 0xcf, 0x06, 0x79,
    0xaf, 0xc9, 0xfe, 0x0d, 0xf3, 0x5f, 0x94, 0x7c, 0x19, 0xe0, 0xcf, 0x06, 0x78, 0x33, 0xc1, 0x9e,
    0x0c, 0xf0, 0x67, 0x83, 0x3c, 0x19, 0xe0, 0xcf, 0x06, 0x78, 0x33, 0xc1, 0x9e, 0x0c, 0xf0, 0x67,
    0x83, 0x3c, 0x19, 0xe0, 0xcf, 0x06, 0x78, 0x33, 0xc1, 0x9e, 0x0c, 0xf0, 0x67, 0x83, 0x3c, 0x19,
    0xe0, 0xcf, 0x06, 0x78, 0x33, 0xc1, 0x9e, 0x0c, 0xf0, 0x67, 0x83, 0x3c, 0x19, 0xb0, 0x2a, 0x80,
    0x36, 0x28, 0x92, 0xf0, 0xd7, 0x86, 0xac, 0x51, 0xe5, 0x0f, 0x06, 0x78, 0x33, 0xc9, 0xfe, 0x0d,
    0xf0, 0x6f, 0x9a, 0xfc, 0xa3, 0xe0, 0xcf, 0x06, 0x78, 0x33, 0xc1, 0x9e, 0x0c, 0xf0, 0x67, 0x83,
    0x3c, 0x19, 0xe0, 0xcf, 0x06, 0x78, 0x33, 0xc1, 0x9e, 0x0c, 0xf0, 0x67, 0x83, 0x3c, 0x19, 0xe0,
    0xcf, 0x06, 0x78, 0x33, 0xc1, 0x9e, 0x0c, 0xf0, 0x67, 0x83, 0x3c, 0x19, 0xe0, 0xcf, 0x06, 0x78,
    0x33, 0xc1, 0x9e, 0x0c, 0xf0, 0x67, 0x83, 0x3c, 0x18, 0x30, 0x2a, 0x80, 0x36, 0x28, 0x92, 0xf0,
    0x6f, 0x83, 0x7c, 0x1b, 0x45, 0x1f, 0x06, 0x78, 0x33, 0xcd, 0x7e, 0x4f, 0xf0, 0x6f, 0x9a, 0xfc,
    0xa3, 0xe0, 0xcf, 0x06, 0x78, 0x33, 0xc1, 0x9e, 0x0c, 0xf0, 0x67, 0x83, 0x3c, 0x19, 0xe0, 0xcf,
    0x06, 0x78, 0x33, 0xc1, 0x9e, 0x0c, 0xf0, 0x67, 0x83, 0x3c, 0x19, 0xe0, 0xcf, 0x06, 0x78, 0x33,
    0xc1, 0x9e, 0x0c, 0xf0, 0x67, 0x83, 0x3c, 0x19, 0xe0, 0xcf, 0x06, 0x78, 0x33, 0xc1, 0x9e, 0x0c,
    0xf0, 0x67, 0x83, 0x3c, 0x19, 0xe0, 0xcd, 0x81, 0x54, 0x01, 0xb1, 0x44, 0x97, 0x83, 0x7c, 0x1b,
    0xe0, 0xda, 0x28, 0xf8, 0x33, 0xc1, 0x9e, 0x6b, 0xf2, 0x7f, 0x83, 0x7c, 0xd7, 0xe5, 0x1f, 0x06,
    0x78, 0x33, 0xc1, 0x9e, 0x0c, 0xf0, 0x67, 0x83, 0x3c, 0x19, 0xe0, 0xcf, 0x06, 0x78, 0x33, 0xc1,
    0x9e, 0x0c, 0xf0, 0x67, 0x80, 0x06, 0x03, 0x00, 0xb6, 0x6a, 0xc3, 0x5e, 0x0c, 0xf0, 0x67, 0x83,
    0x3c, 0x19, 0xe0, 0xcf, 0x06, 0x78, 0x33, 0xc1, 0x9e, 0x0c, 0xf0, 0x67, 0x83, 0x3c, 0x19, 0xe0,
    0xcf, 0x06, 0x78, 0x33, 0xc1, 0x9e, 0x0c, 0xe8, 0x15, 0x40, 0x1b, 0x14, 0x49, 0x78, 0x37, 0xc1,
    0xbe, 0x0d, 0xa2, 0x8f, 0x83, 0x3c, 0x19, 0xe6, 0xbf, 0x27, 0xf8, 0x37, 0xcd, 0x7e, 0x51, 0xf0,
    0x67, 0x83, 0x3c, 0x19, 0xe0, 0xcf, 0x06, 0x78, 0x33, 0xc1, 0x9e, 0x0c, 0xf0, 0x67, 0x83, 0x3c,
    0x19, 0xe0, 0xcf, 0x06, 0x78, 0x33, 0xc1, 0x9e, 0x0c, 0xf0, 0x67, 0x83, 0x3c, 0x19, 0xe0, 0xcf,
    0x06, 0x78, 0x33, 0xc1, 0x9e, 0x0c, 0xf0, 0x67, 0x83, 0x3c, 0x19, 0xe0, 0xcf, 0x06, 0x78, 0x33,
    0xc1, 0x9e, 0x0c, 0xf0, 0x66, 0xc0, 0xaa, 0x00, 0xd8, 0xa2, 0x4b, 0xc1, 0xbe, 0x0d, 0xf0, 0x6d,
    0x14, 0x7c, 0x19, 0xe0, 0xcf, 0x35, 0xf9, 0x3f, 0xc1, 0xbe, 0x6b, 0xf2, 0x8f, 0x83, 0x3c, 0x19,
    0xe0, 0xcf, 0x06, 0x78, 0x33, 0xc1, 0x9e, 0x0c, 0xf0, 0x67, 0x83, 0x3c, 0x19, 0xe0, 0xcf, 0x06,
    0x78, 0x33, 0xc0, 0x03, 0x01, 0x80, 0x5b, 0x35, 0x61, 0xaf, 0x06, 0x78, 0x33, 0xc1, 0x9e, 0x0c,
    0xf0, 0x67, 0x83, 0x3c, 0x19, 0xe0, 0xcf, 0x06, 0x78, 0x33, 0xc1, 0x9e, 0x0c, 0xf0, 0x67, 0x83,
    0x3c, 0x19, 0xe0, 0xcf, 0x06, 0x74, 0x0a, 0xa0, 0x0d, 0x8a, 0x24, 0xbc, 0x1b, 0xe0, 0xdf, 0x06,
    0xd1, 0x47, 0xc1, 0x9e, 0x0c, 0xf3, 0x5f, 0x93, 0xfc, 0x1b, 0xe6, 0xbf, 0x28, 0xf8, 0x33, 0xc1,
    0x9e, 0x0c, 0xf0, 0x67, 0x83, 0x3c, 0x19, 0xe0, 0xcf, 0x06, 0x78, 0x33, 0xc1, 0x9e, 0x0c, 0xf0,
    0x67, 0x83, 0x3c, 0x19, 0xe0, 0xcf, 0x06, 0x78, 0x33, 0xc1, 0x9e, 0x0c, 0xf0, 0x67, 0x83, 0x3c,
    0x19, 0xe0, 0xcf, 0x06, 0x78, 0x33, 0xc1, 0x9e, 0x0c, 0xf0, 0x67, 0x83, 0x3c, 0x19, 0xe0, 0xcf,
    0x06, 0x78, 0x33, 0x60, 0x55, 0x00, 0x6c, 0x51, 0x25, 0xe0, 0xdf, 0x06, 0xf8, 0x36, 0x8a, 0x3e,
    0x0c, 0xf0, 0x67, 0x9a, 0xfc, 0x9f, 0xe0, 0xdf, 0x35, 0xf9, 0x47, 0xc1, 0x9e, 0x0c, 0xf0, 0x67,
    0x83, 0x3c, 0x19, 0xe0, 0xcf, 0x06, 0x78, 0x33, 0xc1, 0x9e, 0x0c, 0xf0, 0x67, 0x83, 0x3c, 0x19,
    0xe0, 0x01, 0x80, 0xc0, 0x2d, 0x9a, 0xb0, 0xd7, 0x83, 0x3c, 0x19, 0xe0, 0xcf, 0x06, 0x78, 0x33,
    0xc1, 0x9e, 0x0c, 0xf0, 0x67, 0x83, 0x3c, 0x19, 0xe0, 0xcf, 0x06, 0x78, 0x33, 0xc1, 0x9e, 0x0c,
    0xf0, 0x67, 0x83, 0x3a, 0x05, 0x50, 0x06, 0xc5, 0x12, 0x5e, 0x0d, 0xf0, 0x6f, 0x83, 0x68, 0xa3,
    0xe0, 0xcf, 0x06, 0x79, 0xaf, 0xc9, 0xfe, 0x0d, 0xf3, 0x5f, 0x94, 0x7c, 0x19, 0xe0, 0xcf, 0x06,
    0x78, 0x33, 0xc1, 0x9e, 0x0c, 0xf0, 0x67, 0x83, 0x3c, 0x19, 0xe0, 0xcf, 0x06, 0x78, 0x33, 0xc1,
    0x9e, 0x0c, 0xf0, 0x67, 0x83, 0x3c, 0x19, 0xe0, 0xcf, 0x06, 0x78, 0x33, 0xc1, 0x9e, 0x0c, 0xf0,
    0x67, 0x83, 0x3c, 0x19, 0xe0, 0xcf, 0x06, 0x78, 0x33, 0xc1, 0x9e, 0x0c, 0xf0, 0x67, 0x83, 0x3c,
    0x19, 0xb0, 0x2a, 0x80, 0x36, 0x28, 0x92, 0xf0, 0x6f, 0x83, 0x7c, 0x1b, 0x45, 0x1f, 0x06, 0x78,
    0x33, 0xcd, 0x7e, 0x4f, 0xf0, 0x6f, 0x9a, 0xfc, 0xa3, 0xe0, 0xcf, 0x06, 0x78, 0x33, 0xc1, 0x9e,
    0x0c, 0xf0, 0x67, 0x83, 0x3c, 0x19, 0xe0, 0xcf, 0x06, 0x78, 0x33, 0xc1, 0x9e, 0x0c, 0xf0, 0x00,
    0xc0, 0x60, 0x16, 0xcd, 0x58, 0x6b, 0xc1, 0x9e, 0x0c, 0xf0, 0x67, 0x83, 0x3c, 0x19, 0xe0, 0xcf,
    0x06, 0x78, 0x33, 0xc1, 0x9e, 0x0c, 0xf0, 0x67, 0x83, 0x3c, 0x19, 0xe0, 0xcf, 0x06, 0x78, 0x33,
    0xc1, 0x9e, 0x0c, 0xf0, 0x67, 0x83, 0x3c, 0x19, 0xe0, 0xcf, 0x06, 0x78, 0x33, 0xc1, 0x9e, 0x0c,
    0xf0, 0x67, 0x83, 0x3c, 0x19, 0xe0, 0xcf, 0x06, 0x78, 0x33, 0xc1, 0x9e, 0x0c, 0xf0, 0x67, 0x83,
    0x3c, 0x19, 0xe0, 0xcf, 0x06, 0x78, 0x33, 0xc1, 0x9e, 0x0c, 0xf0, 0x67, 0x83, 0x3c, 0x19, 0xe0,
    0xcf, 0x06, 0x78, 0x33, 0xc1, 0x9e, 0x0c, 0xf0, 0x67, 0x83, 0x3c, 0x19, 0xe0, 0xcf, 0x06, 0x78,
    0x33, 0xc1, 0x9e, 0x0c, 0xf0, 0x67, 0x83, 0x3c, 0x19, 0xe0, 0xcf, 0x06, 0x78, 0x33, 0xc1, 0x9e,
    0x0c, 0xf0, 0x67, 0x83, 0x3c, 0x19, 0xe0, 0xcf, 0x06, 0x78, 0x33, 0xc1, 0x9e, 0x0c, 0xf0, 0x67,
    0x83, 0x3c, 0x19, 0xe0, 0xcf, 0x06, 0x78, 0x33, 0xc1, 0x9e, 0x0c, 0xf0, 0x67, 0x83, 0x3c, 0x19,
    0xd0, 0x18, 0x05, 0xb3, 0x56, 0x1a, 0xf0, 0x67, 0x83, 0x3c, 0x19, 0xe0, 0xcf, 0x06, 0x78, 0x33,
    0xc1, 0x9e, 0x0c, 0xf0, 0x67, 0x83, 0x3c, 0x19, 0xe0, 0xcf, 0x06, 0x78, 0x33, 0xc1, 0x9e, 0x0c,
    0xf0, 0x67, 0x83, 0x3c, 0x19, 0xe0, 0xcf, 0x06, 0x78, 0x33, 0xc1, 0x9e, 0x0c, 0xf0, 0x67, 0x83,
    0x3c, 0x19, 0xe0, 0xcf, 0x06, 0x78, 0x33, 0xc1, 0x9e, 0x0c, 0xf0, 0x67, 0x83, 0x3c, 0x19, 0xe0,
    0xcf, 0x06, 0x78, 0x33, 0xc1, 0x9e, 0x0c, 0xf0, 0x67, 0x83, 0x3c, 0x19, 0xe0, 0xcf, 0x06, 0x78,
    0x33, 0xc1, 0x9e, 0x0c, 0xf0, 0x67, 0x83, 0x3c, 0x19, 0xe0, 0xcf, 0x06, 0x78, 0x33, 0xc1, 0x9e,
    0x0c, 0xf0, 0x67, 0x83, 0x3c, 0x19, 0xe0, 0xcf, 0x06, 0x78, 0x33, 0xc1, 0x9e, 0x0c, 0xf0, 0x67,
    0x83, 0x3c, 0x19, 0xe0, 0xcf, 0x06, 0x78, 0x33, 0xc1, 0x9e, 0x0c, 0xf0, 0x67, 0x83, 0x3c, 0x19,
    0xe0, 0xcf, 0x06, 0x78, 0x33, 0xc1, 0x9e, 0x0c, 0xf0, 0x67, 0x83, 0x3c, 0x19, 0xe0, 0xcf, 0x06,
    0x74, 0x06, 0x01, 0x6c, 0xd5, 0x86, 0xbc, 0x19, 0xe0, 0xcf, 0x06, 0x78, 0x33, 0xc1, 0x9e, 0x0c,
    0xf0, 0x67, 0x83, 0x3c, 0x19, 0xe0, 0xcf, 0x06, 0x78, 0x33, 0xc1, 0x9e, 0x0c, 0xf0, 0x67, 0x83,
    0x3c, 0x19, 0xe0, 0xcf, 0x06, 0x78, 0x33, 0xc1, 0x9e, 0x0c, 0xf0, 0x67, 0x83, 0x3c, 0x19, 0xe0,
    0xcf, 0x06, 0x78, 0x33, 0xc1, 0x9e, 0x0c, 0xf0, 0x67, 0x83, 0x3c, 0x19, 0xe0, 0xcf, 0x06, 0x78,
    0x33, 0xc1, 0x9e, 0x0c, 0xf0, 0x67, 0x83, 0x3c, 0x19, 0xe0, 0xcf, 0x06, 0x78, 0x33, 0xc1, 0x9e,
    0x0c, 0xf0, 0x67, 0x83, 0x3c, 0x19, 0xe0, 0xcf, 0x06, 0x78, 0x33, 0xc1, 0x9e, 0x0c, 0xf0, 0x67,
    0x83, 0x3c, 0x19, 0xe0, 0xcf, 0x06, 0x78, 0x33, 0xc1, 0x9e, 0x0c, 0xf0, 0x67, 0x83, 0x3c, 0x19,
    0xe0, 0xcf, 0x06, 0x78, 0x33, 0xc1, 0x9e, 0x0c, 0xf0, 0x67, 0x83, 0x3c, 0x19, 0xe0, 0xcf, 0x06,
    0x78, 0x33, 0xc1, 0x9e, 0x0c, 0xf0, 0x67, 0x83, 0x3c, 0x19, 0xe0, 0xcf, 0x06, 0x78, 0x33, 0xc1,
    0x9d, 0x01, 0x80, 0x5b, 0x35, 0x61, 0xaf, 0x06, 0x78, 0x33, 0xc1, 0x9e, 0x0c, 0xf0, 0x67, 0x83,
    0x3c, 0x19, 0xe0, 0xcf, 0x06, 0x78, 0x33, 0xc1, 0x9e, 0x0c, 0xf0, 0x67, 0x83, 0x3c, 0x19, 0xe0,
    0xcf, 0x06, 0x78, 0x33, 0xc1, 0x9e, 0x0c, 0xf0, 0x67, 0x83, 0x3c, 0x19, 0xe0, 0xcf, 0x06, 0x78,
    0x33, 0xc1, 0x9e, 0x0c, 0xf0, 0x67, 0x83, 0x3c, 0x19, 0xe0, 0xcf, 0x06, 0x78, 0x33, 0xc1, 0x9e,
    0x0c, 0xf0, 0x67, 0x83, 0x3c, 0x19, 0xe0, 0xcf, 0x06, 0x78, 0x33, 0xc1, 0x9e, 0x0c, 0xf0, 0x67,
    0x83, 0x3c, 0x19, 0xe0, 0xcf, 0x06, 0x78, 0x33, 0xc1, 0x9e, 0x0c, 0xf0, 0x67, 0x83, 0x3c, 0x19,
    0xe0, 0xcf, 0x06, 0x78, 0x33, 0xc1, 0x9e, 0x0c, 0xf0, 0x67, 0x83, 0x3c, 0x19, 0xe0, 0xcf, 0x06,
    0x78, 0x33, 0xc1, 0x9e, 0x0c, 0xf0, 0x67, 0x83, 0x3c, 0x19, 0xe0, 0xcf, 0x06, 0x78, 0x33, 0xc1,
    0x9e, 0x0c, 0xf0, 0x67, 0x83, 0x3c, 0x19, 0xe0, 0xcf, 0x06, 0x78, 0x33, 0xc1, 0x9e, 0x0c, 0xf0,
    0x67, 0x40, 0x60, 0x16, 0xcd, 0x58, 0x6b, 0xc1, 0x9e, 0x0c, 0xf0, 0x67, 0x83, 0x3c, 0x19, 0xe0,
    0xcf, 0x06, 0x78, 0x33, 0xc1, 0x9e, 0x0c, 0xf0, 0x67, 0x83, 0x3c, 0x19, 0xe0, 0xcf, 0x06, 0x78,
    0x33, 0xc1, 0x9e, 0x0c, 0xf0, 0x67, 0x83, 0x3c, 0x19, 0xe0, 0xcf, 0x06, 0x78, 0x33, 0xc1, 0x9e,
    0x0c, 0xf0, 0x67, 0x83, 0x3c, 0x19, 0xe0, 0xcf, 0x06, 0x78, 0x33, 0xc1, 0x9e, 0x0c, 0xf0, 0x67,
    0x83, 0x3c, 0x19, 0xe0, 0xcf, 0x06, 0x78, 0x33, 0xc1, 0x9e, 0x0c, 0xf0, 0x67, 0x83, 0x3c, 0x19,
    0xe0, 0xcf, 0x06, 0x78, 0x33, 0xc1, 0x9e, 0x0c, 0xf0, 0x67, 0x83, 0x3c, 0x19, 0xe0, 0xcf, 0x06,
    0x78, 0x33, 0xc1, 0x9e, 0x0c, 0xf0, 0x67, 0x83, 0x3c, 0x19, 0xe0, 0xcf, 0x06, 0x78, 0x33, 0xc1,
    0x9e, 0x0c, 0xf0, 0x67, 0x83, 0x3c, 0x19, 0xe0, 0xcf, 0x06, 0x78, 0x33, 0xc1, 0x9e, 0x0c, 0xf0,
    0x67, 0x83, 0x3c, 0x19, 0xe0, 0xcf, 0x06, 0x78, 0x33, 0xc1, 0x9e, 0x0c, 0xf0, 0x67, 0x83, 0x3c,
    0x19, 0xe0, 0xcf, 0x06, 0x78, 0x33, 0xc1, 0x9e, 0x0c, 0xf0, 0x67, 0x83, 0x3c, 0x19, 0xe0, 0xcf,
    0x06, 0x78, 0x33, 0xc1, 0x9e, 0x0c, 0xf0, 0x67, 0x83, 0x3c, 0x19, 0xe0, 0xcf, 0x06, 0x78, 0x33,
    0xc1, 0x9e, 0x0c, 0xf0, 0x67, 0x83, 0x3c, 0x19, 0xe0, 0xcf, 0x06, 0x78, 0x33, 0xc1, 0x9e, 0x0c,
    0xf0, 0x67, 0x83, 0x3c, 0x19, 0xe0, 0xcf, 0x06, 0x78, 0x33, 0xc1, 0x9e, 0x0c, 0xf0, 0x67, 0x83,
    0x3c, 0x19, 0xe0, 0xcf, 0x06, 0x78, 0x33, 0xc1, 0x9e, 0x0c, 0xf0, 0x67, 0x83, 0x3c, 0x19, 0xe0,
    0xcf, 0x06, 0x78, 0x33, 0xc1, 0x9e, 0x0c, 0xf0, 0x67, 0x83, 0x3c, 0x19, 0xe0, 0xcf, 0x06, 0x78,
    0x33, 0xc1, 0x9e, 0x0c, 0xf0, 0x67, 0x83, 0x3c, 0x19, 0xe0, 0xcf, 0x06, 0x78, 0x33, 0xc1, 0x9e,
    0x0c, 0xf0, 0x67, 0x83, 0x3c, 0x19, 0xe0, 0xcf, 0x06, 0x78, 0x33, 0xc1, 0x9e, 0x0c, 0xf0, 0x67,
    0x83, 0x3c, 0x19, 0xe0, 0xcf, 0x06, 0x78, 0x33, 0xc1, 0x9e, 0x0c, 0xf0, 0x67, 0xc0, 0x20, 0x30,
    0x0b, 0x66, 0xac, 0x35, 0xe0, 0xcf, 0x06, 0x78, 0x33, 0xc1, 0x9e, 0x0c, 0xf0, 0x67, 0x83, 0x3c,
    0x19, 0xe0, 0xcf, 0x06, 0x78, 0x33, 0xc1, 0x9e, 0x0c, 0xf0, 0x67, 0x83, 0x3c, 0x19, 0xe0, 0xcf,
    0x06, 0x78, 0x33, 0xc1, 0x9e, 0x0c, 0xf0, 0x67, 0x83, 0x3c, 0x19, 0xe0, 0xcf, 0x06, 0x78, 0x33,
    0xc1, 0x9e, 0x0c, 0xf0, 0x67, 0x83, 0x3c, 0x19, 0xe0, 0xcf, 0x06, 0x78, 0x33, 0xc1, 0x9e, 0x0c,
    0xf0, 0x67, 0x83, 0x3c, 0x19, 0xe0, 0xcf, 0x06, 0x78, 0x33, 0xc1, 0x9e, 0x0c, 0xf0, 0x67, 0x83,
    0x3c, 0x19, 0xe0, 0xcf, 0x06, 0x78, 0x33, 0xc1, 0x9e, 0x0c, 0xf0, 0x67, 0x83, 0x3c, 0x19, 0xe0,
    0xcf, 0x06, 0x78, 0x33, 0xc1, 0x9e, 0x0c, 0xf0, 0x67, 0x83, 0x3c, 0x19, 0xe0, 0xcf, 0x06, 0x78,
    0x33, 0xc1, 0x9e, 0x0c, 0xf0, 0x67, 0x83, 0x3c, 0x19, 0xe0, 0xcf, 0x06, 0x78, 0x33, 0xc1, 0x9e,
    0x0c, 0xf0, 0x67, 0x83, 0x3c, 0x19, 0xe0, 0xcf, 0x06, 0x78, 0x33, 0xc1, 0x9e, 0x0c, 0xe8, 0x0c,
    0x02, 0xd9, 0xab, 0x0d, 0x78, 0x33, 0xc1, 0x9e, 0x0c, 0xf0, 0x67, 0x83, 0x3c, 0x19, 0xe0, 0xcf,
    0x06, 0x78, 0x33, 0xc1, 0x9e, 0x0c, 0xf0, 0x67, 0x83, 0x3c, 0x19, 0xe0, 0xcf, 0x06, 0x78, 0x33,
    0xc1, 0x9e, 0x0c, 0xf0, 0x67, 0x83, 0x3c, 0x19, 0xe0, 0xcf, 0x06, 0x78, 0x33, 0xc1, 0x9e, 0x0c,
    0xf0, 0x67, 0x83, 0x3c, 0x19, 0xe0, 0xcf, 0x06, 0x78, 0x33, 0xc1, 0x9e, 0x0c, 0xf0, 0x67, 0x83,
    0x3c, 0x19, 0xe0, 0xcf, 0x06, 0x78, 0x33, 0xc1, 0x9e, 0x0c, 0xf0, 0x67, 0x83, 0x3c, 0x19, 0xe0,
    0xcf, 0x06, 0x78, 0x33, 0xc1, 0x9e, 0x0c, 0xf0, 0x67, 0x83, 0x3c, 0x19, 0xe0, 0xcf, 0x06, 0x78,
    0x33, 0xc1, 0x9e, 0x0c, 0xf0, 0x67, 0x83, 0x3c, 0x19, 0xe0, 0xcf, 0x06, 0x78, 0x33, 0xc1, 0x9e,
    0x0c, 0xf0, 0x67, 0x83, 0x3c, 0x19, 0xe0, 0xcf, 0x06, 0x78, 0x33, 0xc1, 0x9e, 0x0c, 0xf0, 0x67,
    0x83, 0x3c, 0x19, 0xe0, 0xcf, 0x06, 0x78, 0x33, 0xc1, 0x9e, 0x0c, 0xf0, 0x67, 0x83, 0x3a, 0x03,
    0x00, 0xb6, 0x6a, 0xc3, 0x5e, 0x0c, 0xf0, 0x67, 0x83, 0x3c, 0x19, 0xe0, 0xcf, 0x06, 0x78, 0x33,
    0xc1, 0x9e, 0x0c, 0xf0, 0x67, 0x83, 0x3c, 0x19, 0xe0, 0xcf, 0x06, 0x78, 0x33, 0xc1, 0x9e, 0x0c,
    0xf0, 0x67, 0x83, 0x3c, 0x19, 0xe0, 0xcf, 0x06, 0x78, 0x33, 0xc1, 0x9e, 0x0c, 0xf0, 0x67, 0x83,
    0x3c, 0x19, 0xe0, 0xcf, 0x06, 0x78, 0x33, 0xc1, 0x9e, 0x0c, 0xf0, 0x67, 0x83, 0x3c, 0x19, 0xe0,
    0xcf, 0x06, 0x78, 0x33, 0xc1, 0x9e, 0x0c, 0xf0, 0x67, 0x83, 0x3c, 0x19, 0xe0, 0xcf, 0x06, 0x78,
    0x33, 0xc1, 0x9e, 0x0c, 0xf0, 0x67, 0x83, 0x3c, 0x19, 0xe0, 0xcf, 0x06, 0x78, 0x33, 0xc1, 0x9e,
    0x0c, 0xf0, 0x67, 0x83, 0x3c, 0x19, 0xe0, 0xcf, 0x06, 0x78, 0x33, 0xc1, 0x9e, 0x0c, 0xf0, 0x67,
    0x83, 0x3c, 0x19, 0xe0, 0xcf, 0x06, 0x78, 0x33, 0xc1, 0x9e, 0x0c, 0xf0, 0x67, 0x83, 0x3c, 0x19,
    0xe0, 0xcf, 0x06, 0x78, 0x33, 0xc1, 0x9e, 0x0c, 0xf0, 0x67, 0x83, 0x3c, 0x19, 0xe0, 0xce, 0x80,
    0xc0, 0x2d, 0x9a, 0xb0, 0xd7, 0x83, 0x3c, 0x19, 0xe0, 0xcf, 0x06, 0x78, 0x33, 0xc1, 0x9e, 0x0c,
    0xf0, 0x67, 0x83, 0x3c, 0x19, 0xe0, 0xcf, 0x06, 0x78, 0x33, 0xc1, 0x9e, 0x0c, 0xf0, 0x67, 0x83,
    0x3c, 0x19, 0xe0, 0xcf, 0x06, 0x78, 0x33, 0xc1, 0x9e, 0x0c, 0xf0, 0x67, 0x83, 0x3c, 0x19, 0xe0,
    0xcf, 0x06, 0x78, 0x33, 0xc1, 0x9e, 0x0c, 0xf0, 0x67, 0x83, 0x3c, 0x19, 0xe0, 0xcf, 0x06, 0x78,
    0x33, 0xc1, 0x9e, 0x0c, 0xf0, 0x67, 0x83, 0x3c, 0x19, 0xe0, 0xcf, 0x06, 0x78, 0x33, 0xc1, 0x9e,
    0x0c, 0xf0, 0x67, 0x83, 0x3c, 0x19, 0xe0, 0xcf, 0x06, 0x78, 0x33, 0xc1, 0x9e, 0x0c, 0xf0, 0x67,
    0x83, 0x3c, 0x19, 0xe0, 0xcf, 0x06, 0x78, 0x33, 0xc1, 0x9e, 0x0c, 0xf0, 0x67, 0x83, 0x3c, 0x19,
    0xe0, 0xcf, 0x06, 0x78, 0x33, 0xc1, 0x9e, 0x0c, 0xf0, 0x67, 0x83, 0x3c, 0x19, 0xe0, 0xcf, 0x06,
    0x78, 0x33, 0xc1, 0x9e, 0x0c, 0xf0, 0x67, 0x83, 0x3c, 0x19, 0xe0, 0xcf, 0x06, 0x78, 0x33, 0xc1,
    0x9e, 0x0c, 0xf0, 0x67, 0x83, 0x3c, 0x19, 0xe0, 0xcf, 0x06, 0x78, 0x33, 0xc1, 0x9e, 0x0c, 0xf0,
    0x67, 0x83, 0x3c, 0x19, 0xe0, 0xcf, 0x06, 0x78, 0x33, 0xc1, 0x9e, 0x0c, 0xf0, 0x67, 0x83, 0x3c,
    0x19, 0xe0, 0xcf, 0x06, 0x78, 0x33, 0xc1, 0x9e, 0x0c, 0xf0, 0x67, 0x83, 0x3c, 0x19, 0xe0, 0xcf,
    0x06, 0x78, 0x33, 0xc1, 0x9e, 0x0c, 0xf0, 0x67, 0x83, 0x3c, 0x19, 0xe0, 0xcf, 0x06, 0x78, 0x33,
    0xc1, 0x9e, 0x0c, 0xf0, 0x67, 0x83, 0x3c, 0x19, 0xe0, 0xcf, 0x06, 0x78, 0x33, 0xc1, 0x9e, 0x0c,
    0xf0, 0x67, 0x83, 0x3c, 0x19, 0xe0, 0xcf, 0x06, 0x78, 0x33, 0xc1, 0x9e, 0x0c, 0xf0, 0x67, 0x83,
    0x3c, 0x19, 0xe0, 0xcf, 0x06, 0x78, 0x33, 0xc1, 0x9e, 0x0c, 0xf0, 0x67, 0x83, 0x3c, 0x19, 0xe0,
    0xcf, 0x06, 0x78, 0x33, 0xc1, 0x9e, 0x0c, 0xf0, 0x67, 0x83, 0x3c, 0x19, 0xe0, 0xcf, 0x06, 0x78,
    0x33, 0xc1, 0x9e, 0x0c, 0xf0, 0x67, 0x83, 0x3c, 0x19, 0xe0, 0xcf, 0x06, 0x78, 0x33, 0xc1, 0x9e,
    0x0c, 0xf0, 0x67, 0x83, 0x3c, 0x19, 0xe0, 0xcf, 0x06, 0x78, 0x33, 0xc1, 0x9e, 0x0c, 0xf0, 0x67,
    0x83, 0x3c, 0x19, 0xe0, 0xcf, 0x06, 0x78, 0x33, 0xc1, 0x9e, 0x0c, 0xf0, 0x67, 0x83, 0x3c, 0x19,
    0xe0, 0xcf, 0x06, 0x78, 0x33, 0xc1, 0x9e, 0x0c, 0xf0, 0x67, 0x83, 0x3c, 0x19, 0xe0, 0xcf, 0x06,
    0x78, 0x33, 0xc1, 0x9e, 0x0c, 0xf0, 0x67, 0x83, 0x3c, 0x19, 0xe0, 0xcf, 0x06, 0x78, 0x33, 0xc1,
    0x9e, 0x0c, 0xf0, 0x67, 0x83, 0x3c, 0x19, 0xe0, 0xcf, 0x06, 0x78, 0x33, 0xc1, 0x9e, 0x0c, 0xf0,
    0x67, 0x83, 0x3c, 0x19, 0xe0, 0xcf, 0x06, 0x78, 0x33, 0xc1, 0x9e, 0x0c, 0xf0, 0x67, 0x83, 0x3c,
    0x19, 0xe0, 0xcf, 0x06, 0x78, 0x33, 0xc1, 0x9e, 0x0c, 0xf0, 0x67, 0x83, 0x3c, 0x19, 0xe0, 0xcf,
    0x06, 0x78, 0x33, 0xc1, 0x9e, 0x0c, 0xf0, 0x67, 0x83, 0x3c, 0x19, 0xe0, 0xcf, 0x06, 0x78, 0x33,
    0xc1, 0x9e, 0x0c, 0xf0, 0x67, 0x83, 0x3c, 0x00, 0x50, 0x18, 0x05, 0xb3, 0x56, 0x1a, 0xf0, 0x67,
    0x83, 0x3c, 0x19, 0xe0, 0xcf, 0x06, 0x78, 0x33, 0xc1, 0x9e, 0x0c, 0xf0, 0x67, 0x83, 0x3c, 0x19,
    0xe0, 0xcf, 0x06, 0x78, 0x33, 0xc1, 0x9e, 0x0c, 0xf0, 0x67, 0x83, 0x3c, 0x19, 0xe0, 0xcf, 0x06,
    0x78, 0x33, 0xc1, 0x9e, 0x0c, 0xf0, 0x67, 0x83, 0x3c, 0x19, 0xe0, 0xcf, 0x06, 0x78, 0x33, 0xc1,
    0x9e, 0x0c, 0xf0, 0x67, 0x83, 0x3c, 0x19, 0xe0, 0xcf, 0x06, 0x78, 0x33, 0xc1, 0x9e, 0x0c, 0xf0,
    0x67, 0x83, 0x3c, 0x19, 0xe0, 0xcf, 0x06, 0x78, 0x33, 0xc1, 0x9e, 0x0c, 0xf0, 0x67, 0x83, 0x3c,
    0x19, 0xe0, 0xcf, 0x06, 0x78, 0x33, 0xc1, 0x9e, 0x0c, 0xf0, 0x67, 0x83, 0x3c, 0x19, 0xe0, 0xcf,
    0x06, 0x78, 0x33, 0xc1, 0x9e, 0x0c, 0xf0, 0x67, 0x83, 0x3c, 0x19, 0xe0, 0xcf, 0x06, 0x78, 0x33,
    0xc1, 0x9e, 0x0c, 0xf0, 0x67, 0x83, 0x3c, 0x19, 0xe0, 0xcf, 0x06, 0x78, 0x33, 0xc1, 0x9e, 0x0c,
    0xf0, 0x67, 0x83, 0x3c, 0x19, 0xe0, 0xcf, 0x06, 0x74, 0x06, 0x01, 0x6c, 0xd5, 0x86, 0xbc, 0x19,
    0xe0, 0xcf, 0x06, 0x78, 0x33, 0xc1, 0x9e, 0x0c, 0xf0, 0x67, 0x83, 0x3c, 0x19, 0xe0, 0xcf, 0x06,
    0x78, 0x33, 0xc1, 0x9e, 0x0c, 0xf0, 0x67, 0x83, 0x3c, 0x19, 0xe0, 0xcf, 0x06, 0x78, 0x33, 0xc1,
    0x9e, 0x0c, 0xf0, 0x67, 0x83, 0x3c, 0x19, 0xe0, 0xcf, 0x06, 0x78, 0x33, 0xc1, 0x9e, 0x0c, 0xf0,
    0x67, 0x83, 0x3c, 0x19, 0xe0, 0xcf, 0x06, 0x78, 0x33, 0xc1, 0x9e, 0x0c, 0xf0, 0x67, 0x83, 0x3c,
    0x19, 0xe0, 0xcf, 0x06, 0x78, 0x33, 0xc1, 0x9e, 0x0c, 0xf0, 0x67, 0x83, 0x3c, 0x19, 0xe0, 0xcf,
    0x06, 0x78, 0x33, 0xc1, 0x9e, 0x0c, 0xf0, 0x67, 0x83, 0x3c, 0x19, 0xe0, 0xcf, 0x06, 0x78, 0x33,
    0xc1, 0x9e, 0x0c, 0xf0, 0x67, 0x83, 0x3c, 0x19, 0xe0, 0xcf, 0x06, 0x78, 0x33, 0xc1, 0x9e, 0x0c,
    0xf0, 0x67, 0x83, 0x3c, 0x19, 0xe0, 0xcf, 0x06, 0x78, 0x33, 0xc1, 0x9e, 0x0c, 0xf0, 0x67, 0x83,
    0x3c, 0x19, 0xe0, 0xcf, 0x06, 0x78, 0x33, 0xc1, 0x9d, 0x01, 0x80, 0x5b, 0x35, 0x61, 0xaf, 0x06,
    0x78, 0x33, 0xc1, 0x9e, 0x0c, 0xf0, 0x67, 0x83, 0x3c, 0x19, 0xe0, 0xcf, 0x06, 0x78, 0x33, 0xc1,
    0x9e, 0x0c, 0xf0, 0x67, 0x83, 0x3c, 0x19, 0xe0, 0xcf, 0x06, 0x78, 0x33, 0xc1, 0x9e, 0x0c, 0xf0,
    0x67, 0x83, 0x3c, 0x19, 0xe0, 0xcf, 0x06, 0x78, 0x33, 0xc1, 0x9e, 0x0c, 0xf0, 0x67, 0x83, 0x3c,
    0x19, 0xe0, 0xcf, 0x06, 0x78, 0x33, 0xc1, 0x9e, 0x0c, 0xf0, 0x67, 0x83, 0x3c, 0x19, 0xe0, 0xcf,
    0x06, 0x78, 0x33, 0xc1, 0x9e, 0x0c, 0xf0, 0x67, 0x83, 0x3c, 0x19, 0xe0, 0xcf, 0x06, 0x78, 0x33,
    0xc1, 0x9e, 0x0c, 0xf0, 0x67, 0x83, 0x3c, 0x19, 0xe0, 0xcf, 0x06, 0x78, 0x33, 0xc1, 0x9e, 0x0c,
    0xf0, 0x67, 0x83, 0x3c, 0x19, 0xe0, 0xcf, 0x06, 0x78, 0x33, 0xc1, 0x9e, 0x0c, 0xf0, 0x67, 0x83,
    0x3c, 0x19, 0xe0, 0xcf, 0x06, 0x78, 0x33, 0xc1, 0x9e, 0x0c, 0xf0, 0x67, 0x83, 0x3c, 0x19, 0xe0,
    0xcf, 0x06, 0x78, 0x33, 0xc1, 0x9e, 0x0c, 0xf0, 0x67, 0x40, 0x60, 0x16, 0xcd, 0x58, 0x6b, 0xc1,
    0x9e, 0x0c, 0xf0, 0x67, 0x83, 0x3c, 0x19, 0xe0, 0xcf, 0x06, 0x78, 0x33, 0xc1, 0x9e, 0x0c, 0xf0,
    0x67, 0x83, 0x3c, 0x19, 0xe0, 0xcf, 0x06, 0x78, 0x33, 0xc1, 0x9e, 0x0c, 0xf0, 0x67, 0x83, 0x3c,
    0x19, 0xe0, 0xcf, 0x06, 0x78, 0x33, 0xc1, 0x9e, 0x0c, 0xf0, 0x67, 0x83, 0x3c, 0x19, 0xe0, 0xcf,
    0x06, 0x78, 0x33, 0xc1, 0x9e, 0x0c, 0xf0, 0x67, 0x83, 0x3c, 0x19, 0xe0, 0xcf, 0x06, 0x78, 0x33,
    0xc1, 0x9e, 0x0c, 0xf0, 0x67, 0x83, 0x3c, 0x19, 0xe0, 0xcf, 0x06, 0x78, 0x33, 0xc1, 0x9e, 0x0c,
    0xf0, 0x67, 0x83, 0x3c, 0x19, 0xe0, 0xcf, 0x06, 0x78, 0x33, 0xc1, 0x9e, 0x0c, 0xf0, 0x67, 0x83,
    0x3c, 0x19, 0xe0, 0xcf, 0x06, 0x78, 0x33, 0xc1, 0x9e, 0x0c, 0xf0, 0x67, 0x83, 0x3c, 0x19, 0xe0,
    0xcf, 0x06, 0x78, 0x33, 0xc1, 0x9e, 0x0c, 0xf0, 0x67, 0x83, 0x3c, 0x19, 0xe0, 0xcf, 0x06, 0x78,
    0x33, 0xc1, 0x9e, 0x0c, 0xf0, 0x67, 0x83, 0x3c, 0x19, 0xe0, 0xcf, 0x06, 0x78, 0x33, 0xc1, 0x9e,
    0x0c, 0xf0, 0x67, 0x83, 0x3c, 0x19, 0xe0, 0xcf, 0x06, 0x78, 0x33, 0xc1, 0x9e, 0x0c, 0xf0, 0x67,
    0x83, 0x3c, 0x19, 0xe0, 0xcf, 0x06, 0x78, 0x33, 0xc1, 0x9e, 0x0c, 0xf0, 0x67, 0x83, 0x3c, 0x19,
    0xe0, 0xcf, 0x06, 0x78, 0x33, 0xc1, 0x9e, 0x0c, 0xf0, 0x67, 0x83, 0x3c, 0x19, 0xe0, 0xcf, 0x06,
    0x78, 0x33, 0xc1, 0x9e, 0x0c, 0xf0, 0x67, 0x83, 0x3c, 0x19, 0xe0, 0xcf, 0x06, 0x78, 0x33, 0xc1,
    0x9e, 0x0c, 0xf0, 0x67, 0x83, 0x3c, 0x19, 0xe0, 0xcf, 0x06, 0x78, 0x33, 0xc1, 0x9e, 0x0c, 0xf0,
    0x67, 0x83, 0x3c, 0x19, 0xe0, 0xcf, 0x06, 0x78, 0x33, 0xc1, 0x9e, 0x0c, 0xf0, 0x67, 0x83, 0x3c,
    0x19, 0xe0, 0xcf, 0x06, 0x78, 0x33, 0xc1, 0x9e, 0x0c, 0xf0, 0x67, 0x83, 0x3c, 0x19, 0xe0, 0xcf,
    0x06, 0x78, 0x33, 0xc1, 0x9e, 0x0c, 0xf0, 0x67, 0x83, 0x3c, 0x19, 0xe0, 0xcf, 0x06, 0x78, 0x33,
    0xc1, 0x9e, 0x0c, 0xf0, 0x67, 0xc0, 0x20, 0x30, 0x0b, 0x66, 0xac, 0x35, 0xe0, 0xcf, 0x06, 0x78,
    0x33, 0xc1, 0x9e, 0x0c, 0xf0, 0x67, 0x83, 0x3c, 0x19, 0xe0, 0xcf, 0x06, 0x78, 0x33, 0xc1, 0x9e,
    0x0c, 0xf0, 0x67, 0x83, 0x3c, 0x19, 0xe0, 0xcf, 0x06, 0x78, 0x33, 0xc1, 0x9e, 0x0c, 0xf0, 0x67,
    0x83, 0x3c, 0x19, 0xe0, 0xcf, 0x06, 0x78, 0x33, 0xc1, 0x9e, 0x0c, 0xf0, 0x67, 0x83, 0x3c, 0x19,
    0xe0, 0xcf, 0x06, 0x78, 0x33, 0xc1, 0x9e, 0x0c, 0xf0, 0x67, 0x83, 0x3c, 0x19, 0xe0, 0xcf, 0x06,
    0x78, 0x33, 0xc1, 0x9e, 0x0c, 0xf0, 0x67, 0x83, 0x3c, 0x19, 0xe0, 0xcf, 0x06, 0x78, 0x33, 0xc1,
    0x9e, 0x0c, 0xf0, 0x67, 0x83, 0x3c, 0x19, 0xe0, 0xcf, 0x06, 0x78, 0x33, 0xc1, 0x9e, 0x0c, 0xf0,
    0x67, 0x83, 0x3c, 0x19, 0xe0, 0xcf, 0x06, 0x78, 0x33, 0xc1, 0x9e, 0x0c, 0xf0, 0x67, 0x83, 0x3c,
    0x19, 0xe0, 0xcf, 0x06, 0x78, 0x33, 0xc1, 0x9e, 0x0c, 0xf0, 0x67, 0x83, 0x3c, 0x19, 0xe0, 0xcf,
    0x06, 0x78, 0x33, 0xc1, 0x9e, 0x0c, 0xe8, 0x0c, 0x02, 0xd9, 0xab, 0x0d, 0x78, 0x33, 0xc1, 0x9e,
    0x0c, 0xf0, 0x67, 0x83, 0x3c, 0x19, 0xe0, 0xcf, 0x06, 0x78, 0x33, 0xc1, 0x9e, 0x0c, 0xf0, 0x67,
    0x83, 0x3c, 0x19, 0xe0, 0xcf, 0x06, 0x78, 0x33, 0xc1, 0x9e, 0x0c, 0xf0, 0x67, 0x83, 0x3c, 0x19,
    0xe0, 0xcf, 0x06, 0x78, 0x33, 0xc1, 0x9e, 0x0c, 0xf0, 0x67, 0x83, 0x3c, 0x19, 0xe0, 0xcf, 0x06,
    0x78, 0x33, 0xc1, 0x9e, 0x0c, 0xf0, 0x67, 0x83, 0x3c, 0x19, 0xe0, 0xcf, 0x06, 0x78, 0x33, 0xc1,
    0x9e, 0x0c, 0xf0, 0x67, 0x83, 0x3c, 0x19, 0xe0, 0xcf, 0x06, 0x78, 0x33, 0xc1, 0x9e, 0x0c, 0xf0,
    0x67, 0x83, 0x3c, 0x19, 0xe0, 0xcf, 0x06, 0x78, 0x33, 0xc1, 0x9e, 0x0c, 0xf0, 0x67, 0x83, 0x3c,
    0x19, 0xe0, 0xcf, 0x06, 0x78, 0x33, 0xc1, 0x9e, 0x0c, 0xf0, 0x67, 0x83, 0x3c, 0x19, 0xe0, 0xcf,
    0x06, 0x78, 0x33, 0xc1, 0x9e, 0x0c, 0xf0, 0x67, 0x83, 0x3c, 0x19, 0xe0, 0xcf, 0x06, 0x78, 0x33,
    0xc1, 0x9e, 0x0c, 0xf0, 0x67, 0x83, 0x3a, 0x03, 0x00, 0xb6, 0x6a, 0xc3, 0x5e, 0x0c, 0xf0, 0x67,
    0x83, 0x3c, 0x19, 0xe0, 0xcf, 0x06, 0x78, 0x33, 0xc1, 0x9e, 0x0c, 0xf0, 0x67, 0x83, 0x3c, 0x19,
    0xe0, 0xcf, 0x06, 0x78, 0x33, 0xc1, 0x9e, 0x0c, 0xf0, 0x67, 0x83, 0x3c, 0x19, 0xe0, 0xcf, 0x06,
    0x78, 0x33, 0xc1, 0x9e, 0x0c, 0xf0, 0x67, 0x83, 0x3c, 0x19, 0xe0, 0xcf, 0x06, 0x78, 0x33, 0xc1,
    0x9e, 0x0c, 0xf0, 0x67, 0x83, 0x3c, 0x19, 0xe0, 0xcf, 0x06, 0x78, 0x33, 0xc1, 0x9e, 0x0c, 0xf0,
    0x67, 0x83, 0x3c, 0x19, 0xe0, 0xcf, 0x06, 0x78, 0x33, 0xc1, 0x9e, 0x0c, 0xf0, 0x67, 0x83, 0x3c,
    0x19, 0xe0, 0xcf, 0x06, 0x78, 0x33, 0xc1, 0x9e, 0x0c, 0xf0, 0x67, 0x83, 0x3c, 0x19, 0xe0, 0xcf,
    0x06, 0x78, 0x33, 0xc1, 0x9e, 0x0c, 0xf0, 0x67, 0x83, 0x3c, 0x19, 0xe0, 0xcf, 0x06, 0x78, 0x33,
    0xc1, 0x9e, 0x0c, 0xf0, 0x67, 0x83, 0x3c, 0x19, 0xe0, 0xcf, 0x06, 0x78, 0x33, 0xc1, 0x9e, 0x0c,
    0xf0, 0x67, 0x83, 0x3c, 0x19, 0xe0, 0xce, 0x80, 0xc0, 0x2d, 0x9a, 0xb0, 0xd7, 0x83, 0x3c, 0x19,
    0xe0, 0xcf, 0x06, 0x78, 0x33, 0xc1, 0x9e, 0x0c, 0xf0, 0x67, 0x83, 0x3c, 0x19, 0xe0, 0xcf, 0x06,
    0x78, 0x33, 0xc1, 0x9e, 0x0c, 0xf0, 0x67, 0x83, 0x3c, 0x19, 0xe0, 0xcf, 0x06, 0x78, 0x33, 0xc1,
    0x9e, 0x0c, 0xf0, 0x67, 0x83, 0x3c, 0x19, 0xe0, 0xcf, 0x06, 0x78, 0x33, 0xc1, 0x9e, 0x0c, 0xf0,
    0x67, 0x83, 0x3c, 0x19, 0xe0, 0xcf, 0x06, 0x78, 0x33, 0xc1, 0x9e, 0x0c, 0xf0, 0x67, 0x83, 0x3c,
    0x19, 0xe0, 0xcf, 0x06, 0x78, 0x33, 0xc1, 0x9e, 0x0c, 0xf0, 0x67, 0x83, 0x3c, 0x19, 0xe0, 0xcf,
    0x06, 0x78, 0x33, 0xc1, 0x9e, 0x0c, 0xf0, 0x67, 0x83, 0x3c, 0x19, 0xe0, 0xcf, 0x06, 0x78, 0x33,
    0xc1, 0x9e, 0x0c, 0xf0, 0x67, 0x83, 0x3c, 0x19, 0xe0, 0xcf, 0x06, 0x78, 0x33, 0xc1, 0x9e, 0x0c,
    0xf0, 0x67, 0x83, 0x3c, 0x19, 0xe0, 0xcf, 0x06, 0x78, 0x33, 0xc1, 0x9e, 0x0c, 0xf0, 0x67, 0x83,
    0x3c, 0x19, 0xe0, 0xcf, 0x06, 0x78, 0x33, 0xa0, 0x30, 0x0b, 0x66, 0xac, 0x35, 0xe0, 0xcf, 0x06,
    0x78, 0x33, 0xc1, 0x9e, 0x0c, 0xf0, 0x67, 0x83, 0x3c, 0x19, 0xe0, 0xcf, 0x06, 0x78, 0x33, 0xc1,
    0x9e, 0x0c, 0xf0, 0x67, 0x83, 0x3c, 0x19, 0xe0, 0xcf, 0x06, 0x78, 0x33, 0xc1, 0x9e, 0x0c, 0xf0,
    0x67, 0x83, 0x3c, 0x19, 0xe0, 0xcf, 0x06, 0x78, 0x33, 0xc1, 0x9e, 0x0c, 0xf0, 0x67, 0x83, 0x3c,
    0x19, 0xe0, 0xcf, 0x06, 0x78, 0x33, 0xc1, 0x9e, 0x0c, 0xf0, 0x67, 0x83, 0x3c, 0x19, 0xe0, 0xcf,
    0x06, 0x78, 0x33, 0xc1, 0x9e, 0x0c, 0xf0, 0x67, 0x83, 0x3c, 0x19, 0xe0, 0xcf, 0x06, 0x78, 0x33,
    0xc1, 0x9e, 0x0c, 0xf0, 0x67, 0x83, 0x3c, 0x19, 0xe0, 0xcf, 0x06, 0x78, 0x33, 0xc1, 0x9e, 0x0c,
    0xf0, 0x67, 0x83, 0x3c, 0x19, 0xe0, 0xcf, 0x06, 0x78, 0x33, 0xc1, 0x9e, 0x0c, 0xf0, 0x67, 0x83,
    0x3c, 0x19, 0xe0, 0xcf, 0x06, 0x78, 0x33, 0xc1, 0x9e, 0x0c, 0xf0, 0x67, 0x83, 0x3c, 0x19, 0xe0,
    0xcf, 0x06, 0x78, 0x33, 0xc1, 0x9e, 0x0c, 0xe8, 0x0c, 0x02, 0xd9, 0xab, 0x0d, 0x78, 0x33, 0xc1,
    0x9e, 0x0c, 0xf0, 0x67, 0x83, 0x3c, 0x19, 0xe0, 0xcf, 0x06, 0x78, 0x33, 0xc1, 0x9e, 0x0c, 0xf0,
    0x67, 0x83, 0x3c, 0x19, 0xe0, 0xcf, 0x06, 0x78, 0x33, 0xc1, 0x9e, 0x0c, 0xf0, 0x67, 0x83, 0x3c,
    0x19, 0xe0, 0xcf, 0x06, 0x78, 0x33, 0xc1, 0x9e, 0x0c, 0xf0, 0x67, 0x83, 0x3c, 0x19, 0xe0, 0xcf,
    0x06, 0x78, 0x33, 0xc1, 0x9e, 0x0c, 0xf0, 0x67, 0x83, 0x3c, 0x19, 0xe0, 0xcf, 0x06, 0x78, 0x33,
    0xc1, 0x9e, 0x0c, 0xf0, 0x67, 0x83, 0x3c, 0x19, 0xe0, 0xcf, 0x06, 0x78, 0x33, 0xc1, 0x9e, 0x0c,
    0xf0, 0x67, 0x83, 0x3c, 0x19, 0xe0, 0xcf, 0x06, 0x78, 0x33, 0xc1, 0x9e, 0x0c, 0xf0, 0x67, 0x83,
    0x3c, 0x19, 0xe0, 0xcf, 0x06, 0x78, 0x33, 0xc1, 0x9e, 0x0c, 0xf0, 0x67, 0x83, 0x3c, 0x19, 0xe0,
    0xcf, 0x06, 0x78, 0x33, 0xc1, 0x9e, 0x0c, 0xf0, 0x67, 0x83, 0x3c, 0x19, 0xe0, 0xcf, 0x06, 0x78,
    0x33, 0xc1, 0x9e, 0x0c, 0xf0, 0x67, 0x83, 0x3a, 0x03, 0x00, 0xb6, 0x6a, 0xc3, 0x5e, 0x0c, 0xf0,
    0x67, 0x83, 0x3c, 0x19, 0xe0, 0xcf, 0x06, 0x78, 0x33, 0xc1, 0x9e, 0x0c, 0xf0, 0x67, 0x83, 0x3c,
    0x19, 0xe0, 0xcf, 0x06, 0x78, 0x33, 0xc1, 0x9e, 0x0c, 0xf0, 0x67, 0x83, 0x3c, 0x19, 0xe0, 0xcf,
    0x06, 0x78, 0x33, 0xc1, 0x9e, 0x0c, 0xf0, 0x67, 0x83, 0x3c, 0x19, 0xe0, 0xcf, 0x06, 0x78, 0x33,
    0xc1, 0x9e, 0x0c, 0xf0, 0x67, 0x83, 0x3c, 0x19, 0xe0, 0xcf, 0x06, 0x78, 0x33, 0xc1, 0x9e, 0x0c,
    0xf0, 0x67, 0x83, 0x3c, 0x19, 0xe0, 0xcf, 0x06, 0x78, 0x33, 0xc1, 0x9e, 0x0c, 0xf0, 0x67, 0x83,
    0x3c, 0x19, 0xe0, 0xcf, 0x06, 0x78, 0x33, 0xc1, 0x9e, 0x0c, 0xf0, 0x67, 0x83, 0x3c, 0x19, 0xe0,
    0xcf, 0x06, 0x78, 0x33, 0xc1, 0x9e, 0x0c, 0xf0, 0x67, 0x83, 0x3c, 0x19, 0xe0, 0xcf, 0x06, 0x78,
    0x33, 0xc1, 0x9e, 0x0c, 0xf0, 0x67, 0x83, 0x3c, 0x19, 0xe0, 0xcf, 0x06, 0x78, 0x33, 0xc1, 0x9e,
    0x0c, 0xf0, 0x67, 0x83, 0x3c, 0x19, 0xe0, 0xce, 0x80, 0xc0, 0x2d, 0x9a, 0xb0, 0xd7, 0x83, 0x3c,
    0x19, 0xe0, 0xcf, 0x06, 0x78, 0x33, 0xc1, 0x9e, 0x0c, 0xf0, 0x67, 0x83, 0x3c, 0x19, 0xe0, 0xcf,
    0x06, 0x78, 0x33, 0xc1, 0x9e, 0x0c, 0xf0, 0x67, 0x83, 0x3c, 0x19, 0xe0, 0xcf, 0x06, 0x78, 0x33,
    0xc1, 0x9e, 0x0c, 0xf0, 0x67, 0x83, 0x3c, 0x19, 0xe0, 0xcf, 0x06, 0x78, 0x33, 0xc1, 0x9e, 0x0c,
    0xf0, 0x67, 0x83, 0x3c, 0x19, 0xe0, 0xcf, 0x06, 0x78, 0x33, 0xc1, 0x9e, 0x0c, 0xf0, 0x67, 0x83,
    0x3c, 0x19, 0xe0, 0xcf, 0x06, 0x78, 0x33, 0xc1, 0x9e, 0x0c, 0xf0, 0x67, 0x83, 0x3c, 0x19, 0xe0,
    0xcf, 0x06, 0x78, 0x33, 0xc1, 0x9e, 0x0c, 0xf0, 0x67, 0x83, 0x3c, 0x19, 0xe0, 0xcf, 0x06, 0x78,
    0x33, 0xc1, 0x9e, 0x0c, 0xf0, 0x67, 0x83, 0x3c, 0x19, 0xe0, 0xcf, 0x06, 0x78, 0x33, 0xc1, 0x9e,
    0x0c, 0xf0, 0x67, 0x83, 0x3c, 0x19, 0xe0, 0xcf, 0x06, 0x78, 0x33, 0xc1, 0x9e, 0x0c, 0xf0, 0x67,
    0x83, 0x3c, 0x19, 0xe0, 0xcf, 0x06, 0x78, 0x33, 0xc1, 0x9e, 0x0c, 0xf0, 0x67, 0x83, 0x3c, 0x19,
    0xe0, 0xcf, 0x06, 0x78, 0x33, 0xc1, 0x9e, 0x0c, 0xf0, 0x67, 0x83, 0x3c, 0x19, 0xe0, 0xcf, 0x06,
    0x78, 0x33, 0xc1, 0x9e, 0x0c, 0xf0, 0x67, 0x83, 0x3c, 0x19, 0xe0, 0xcf, 0x06, 0x78, 0x33, 0xc1,
    0x9e, 0x0c, 0xf0, 0x67, 0x83, 0x3c, 0x19, 0xe0, 0xcf, 0x06, 0x78, 0x33, 0xc1, 0x9e, 0x0c, 0xf0,
    0x67, 0x83, 0x3c, 0x19, 0xe0, 0xcf, 0x06, 0x78, 0x33, 0xc1, 0x9e, 0x0c, 0xf0, 0x67, 0x83, 0x3c,
    0x19, 0xe0, 0xcf, 0x06, 0x78, 0x33, 0xc1, 0x9e, 0x0c, 0xf0, 0x67, 0x83, 0x3c, 0x19, 0xe0, 0xcf,
    0x06, 0x78, 0x33, 0xc1, 0x9e, 0x0c, 0xf0, 0x67, 0x83, 0x3c, 0x19, 0xe0, 0xcf, 0x06, 0x78, 0x33,
    0xc1, 0x9e, 0x0c, 0xf0, 0x67, 0x83, 0x3c, 0x19, 0xe0, 0xcf, 0x06, 0x78, 0x33, 0xc1, 0x9e, 0x0c,
    0xf0, 0x67, 0x83, 0x3c, 0x19, 0xe0, 0xcf, 0x06, 0x78, 0x33, 0xc1, 0x9e, 0x0c, 0xf0, 0x67, 0x83,
    0x3c, 0x19, 0xe0, 0xcf, 0x80, 0x40, 0x60, 0x16, 0xcd, 0x58, 0x6b, 0xc1, 0x9e, 0x0c, 0xf0, 0x67,
    0x83, 0x3c, 0x19, 0xe0, 0xcf, 0x06, 0x78, 0x33, 0xc1, 0x9e, 0x0c, 0xf0, 0x67, 0x83, 0x3c, 0x19,
    0xe0, 0xcf, 0x06, 0x78, 0x33, 0xc1, 0x9e, 0x0c, 0xf0, 0x67, 0x83, 0x3c, 0x19, 0xe0, 0xcf, 0x06,
    0x78, 0x33, 0xc1, 0x9e, 0x0c, 0xf0, 0x67, 0x83, 0x3c, 0x19, 0xe0, 0xcf, 0x06, 0x78, 0x33, 0xc1,
    0x9e, 0x0c, 0xf0, 0x67, 0x83, 0x3c, 0x19, 0xe0, 0xcf, 0x06, 0x78, 0x33, 0xc1, 0x9e, 0x0c, 0xf0,
    0x67, 0x83, 0x3c, 0x19, 0xe0, 0xcf, 0x06, 0x78, 0x33, 0xc1, 0x9e, 0x0c, 0xf0, 0x67, 0x83, 0x3c,
    0x19, 0xe0, 0xcf, 0x06, 0x78, 0x33, 0xc1, 0x9e, 0x0c, 0xf0, 0x67, 0x83, 0x3c, 0x19, 0xe0, 0xcf,
    0x06, 0x78, 0x33, 0xc1, 0x9e, 0x0c, 0xf0, 0x67, 0x83, 0x3c, 0x19, 0xe0, 0xcf, 0x06, 0x78, 0x33,
    0xc1, 0x9e, 0x0c, 0xf0, 0x67, 0x83, 0x3c, 0x19, 0xe0, 0xcf, 0x06, 0x78, 0x33, 0xc1, 0x9e, 0x0c,
    0xf0, 0x67, 0x83, 0x3c, 0x19, 0xd0, 0x18, 0x05, 0xb3, 0x56, 0x1a, 0xf0, 0x67, 0x83, 0x3c, 0x19,
    0xe0, 0xcf, 0x06, 0x78, 0x33, 0xc1, 0x9e, 0x0c, 0xf0, 0x67, 0x83, 0x3c, 0x19, 0xe0, 0xcf, 0x06,
    0x78, 0x33, 0xc1, 0x9e, 0x0c, 0xf0, 0x67, 0x83, 0x3c, 0x19, 0xe0, 0xcf, 0x06, 0x78, 0x33, 0xc1,
    0x9e, 0x0c, 0xf0, 0x67, 0x83, 0x3c, 0x19, 0xe0, 0xcf, 0x06, 0x78, 0x33, 0xc1, 0x9e, 0x0c, 0xf0,
    0x67, 0x83, 0x3c, 0x19, 0xe0, 0xcf, 0x06, 0x78, 0x33, 0xc1, 0x9e, 0x0c, 0xf0, 0x67, 0x83, 0x3c,
    0x19, 0xe0, 0xcf, 0x06, 0x78, 0x33, 0xc1, 0x9e, 0x0c, 0xf0, 0x67, 0x83, 0x3c, 0x19, 0xe0, 0xcf,
    0x06, 0x78, 0x33, 0xc1, 0x9e, 0x0c, 0xf0, 0x67, 0x83, 0x3c, 0x19, 0xe0, 0xcf, 0x06, 0x78, 0x33,
    0xc1, 0x9e, 0x0c, 0xf0, 0x67, 0x83, 0x3c, 0x19, 0xe0, 0xcf, 0x06, 0x78, 0x33, 0xc1, 0x9e, 0x0c,
    0xf0, 0x67, 0x83, 0x3c, 0x19, 0xe0, 0xcf, 0x06, 0x78, 0x33, 0xc1, 0x9e, 0x0c, 0xf0, 0x67, 0x83,
    0x3c, 0x19, 0xe0, 0xcf, 0x06, 0x74, 0x06, 0x01, 0x6c, 0xd5, 0x86, 0xbc, 0x19, 0xe0, 0xcf, 0x06,
    0x78, 0x33, 0xc1, 0x9e, 0x0c, 0xf0, 0x67, 0x83, 0x3c, 0x19, 0xe0, 0xcf, 0x06, 0x78, 0x33, 0xc1,
    0x9e, 0x0c, 0xf0, 0x67, 0x83, 0x3c, 0x19, 0xe0, 0xcf, 0x06, 0x78, 0x33, 0xc1, 0x9e, 0x0c, 0xf0,
    0x67, 0x83, 0x3c, 0x19, 0xe0, 0xcf, 0x06, 0x78, 0x33, 0xc1, 0x9e, 0x0c, 0xf0, 0x67, 0x83, 0x3c,
    0x19, 0xe0, 0xcf, 0x06, 0x78, 0x33, 0xc1, 0x9e, 0x0c, 0xf0, 0x67, 0x83, 0x3c, 0x19, 0xe0, 0xcf,
    0x06, 0x78, 0x33, 0xc1, 0x9e, 0x0c, 0xf0, 0x67, 0x83, 0x3c, 0x19, 0xe0, 0xcf, 0x06, 0x78, 0x33,
    0xc1, 0x9e, 0x0c, 0xf0, 0x67, 0x83, 0x3c, 0x19, 0xe0, 0xcf, 0x06, 0x78, 0x33, 0xc1, 0x9e, 0x0c,
    0xf0, 0x67, 0x83, 0x3c, 0x19, 0xe0, 0xcf, 0x06, 0x78, 0x33, 0xc1, 0x9e, 0x0c, 0xf0, 0x67, 0x83,
    0x3c, 0x19, 0xe0, 0xcf, 0x06, 0x78, 0x33, 0xc1, 0x9e, 0x0c, 0xf0, 0x67, 0x83, 0x3c, 0x19, 0xe0,
    0xcf, 0x06, 0x78, 0x33, 0xc1, 0x9d, 0x01, 0x80, 0x5b, 0x35, 0x61, 0xaf, 0x06, 0x78, 0x33, 0xc1,
    0x9e, 0x0c, 0xf0, 0x67, 0x83, 0x3c, 0x19, 0xe0, 0xcf, 0x06, 0x78, 0x33, 0xc1, 0x9e, 0x0c, 0xf0,
    0x67, 0x83, 0x3c, 0x19, 0xe0, 0xcf, 0x06, 0x78, 0x33, 0xc1, 0x9e, 0x0c, 0xf0, 0x67, 0x83, 0x3c,
    0x19, 0xe0, 0xcf, 0x06, 0x78, 0x33, 0xc1, 0x9e, 0x0c, 0xf0, 0x67, 0x83, 0x3c, 0x19, 0xe0, 0xcf,
    0x06, 0x78, 0x33, 0xc1, 0x9e, 0x0c, 0xf0, 0x67, 0x83, 0x3c, 0x19, 0xe0, 0xcf, 0x06, 0x78, 0x33,
    0xc1, 0x9e, 0x0c, 0xf0, 0x67, 0x83, 0x3c, 0x19, 0xe0, 0xcf, 0x06, 0x78, 0x33, 0xc1, 0x9e, 0x0c,
    0xf0, 0x67, 0x83, 0x3c, 0x19, 0xe0, 0xcf, 0x06, 0x78, 0x33, 0xc1, 0x9e, 0x0c, 0xf0, 0x67, 0x83,
    0x3c, 0x19, 0xe0, 0xcf, 0x06, 0x78, 0x33, 0xc1, 0x9e, 0x0c, 0xf0, 0x67, 0x83, 0x3c, 0x19, 0xe0,
    0xcf, 0x06, 0x78, 0x33, 0xc1, 0x9e, 0x0c, 0xf0, 0x67, 0x83, 0x3c, 0x19, 0xe0, 0xcf, 0x06, 0x78,
    0x33, 0xc1, 0x9e, 0x0c, 0xf0, 0x67, 0x40, 0x60, 0x16, 0xcd, 0x58, 0x6b, 0xc1, 0x9e, 0x0c, 0xf0,
    0x67, 0x83, 0x3c, 0x19, 0xe0, 0xcf, 0x06, 0x78, 0x33, 0xc1, 0x9e, 0x0c, 0xf0, 0x67, 0x83, 0x3c,
    0x19, 0xe0, 0xcf, 0x06, 0x78, 0x33, 0xc1, 0x9e, 0x0c, 0xf0, 0x67, 0x83, 0x3c, 0x19, 0xe0, 0xcf,
    0x06, 0x78, 0x33, 0xc1, 0x9e, 0x0c, 0xf0, 0x67, 0x83, 0x3c, 0x19, 0xe0, 0xcf, 0x06, 0x78, 0x33,
    0xc1, 0x9e, 0x0c, 0xf0, 0x67, 0x83, 0x3c, 0x19, 0xe0, 0xcf, 0x06, 0x78, 0x33, 0xc1, 0x9e, 0x0c,
    0xf0, 0x67, 0x83, 0x3c, 0x19, 0xe0, 0xcf, 0x06, 0x78, 0x33, 0xc1, 0x9e, 0x0c, 0xf0, 0x67, 0x83,
    0x3c, 0x19, 0xe0, 0xcf, 0x06, 0x78, 0x33, 0xc1, 0x9e, 0x0c, 0xf0, 0x67, 0x83, 0x3c, 0x19, 0xe0,
    0xcf, 0x06, 0x78, 0x33, 0xc1, 0x9e, 0x0c, 0xf0, 0x67, 0x83, 0x3c, 0x19, 0xe0, 0xcf, 0x06, 0x78,
    0x33, 0xc1, 0x9e, 0x0c, 0xf0, 0x67, 0x83, 0x3c, 0x19, 0xe0, 0xcf, 0x06, 0x78, 0x33, 0xc1, 0x9e,
    0x0c, 0xf0, 0x67, 0x83, 0x3c, 0x19, 0xd0, 0x18, 0x05, 0xb3, 0x56, 0x1a, 0xf0, 0x67, 0x83, 0x3c,
    0x19, 0xe0, 0xcf, 0x06, 0x78, 0x33, 0xc1, 0x9e, 0x0c, 0xf0, 0x67, 0x83, 0x3c, 0x19, 0xe0, 0xcf,
    0x06, 0x78, 0x33, 0xc1, 0x9e, 0x0c, 0xf0, 0x67, 0x83, 0x3c, 0x19, 0xe0, 0xcf, 0x06, 0x78, 0x33,
    0xc1, 0x9e, 0x0c, 0xf0, 0x67, 0x83, 0x3c, 0x19, 0xe0, 0xcf, 0x06, 0x78, 0x33, 0xc1, 0x9e, 0x0c,
    0xf0, 0x67, 0x83, 0x3c, 0x19, 0xe0, 0xcf, 0x06, 0x78, 0x33, 0xc1, 0x9e, 0x0c, 0xf0, 0x67, 0x83,
    0x3c, 0x19, 0xe0, 0xcf, 0x06, 0x78, 0x33, 0xc1, 0x9e, 0x0c, 0xf0, 0x67, 0x83, 0x3c, 0x19, 0xe0,
    0xcf, 0x06, 0x78, 0x33, 0xc1, 0x9e, 0x0c, 0xf0, 0x67, 0x83, 0x3c, 0x19, 0xe0, 0xcf, 0x06, 0x78,
    0x33, 0xc1, 0x9e, 0x0c, 0xf0, 0x67, 0x83, 0x3c, 0x19, 0xe0, 0xcf, 0x06, 0x78, 0x33, 0xc1, 0x9e,
    0x0c, 0xf0, 0x67, 0x83, 0x3c, 0x19, 0xe0, 0xcf, 0x06, 0x78, 0x33, 0xc1, 0x9e, 0x0c, 0xf0, 0x67,
    0x83, 0x3c, 0x19, 0xe0, 0xcf, 0x06, 0x74, 0x06, 0x01, 0x6c, 0xd5, 0x86, 0xbc, 0x19, 0xe0, 0xcf,
    0x06, 0x78, 0x33, 0xc1, 0x9e, 0x0c, 0xf0, 0x67, 0x83, 0x3c, 0x19, 0xe0, 0xcf, 0x06, 0x78, 0x33,
    0xc1, 0x9e, 0x0c, 0xf0, 0x67, 0x83, 0x3c, 0x19, 0xe0, 0xcf, 0x06, 0x78, 0x33, 0xc1, 0x9e, 0x0c,
    0xf0, 0x67, 0x83, 0x3c, 0x19, 0xe0, 0xcf, 0x06, 0x78, 0x33, 0xc1, 0x9e, 0x0c, 0xf0, 0x67, 0x83,
    0x3c, 0x19, 0xe0, 0xcf, 0x06, 0x78, 0x33, 0xc1, 0x9e, 0x0c, 0xf0, 0x67, 0x83, 0x3c, 0x19, 0xe0,
    0xcf, 0x06, 0x78, 0x33, 0xc1, 0x9e, 0x0c, 0xf0, 0x67, 0x83, 0x3c, 0x19, 0xe0, 0xcf, 0x06, 0x78,
    0x33, 0xc1, 0x9e, 0x0c, 0xf0, 0x67, 0x83, 0x3c, 0x19, 0xe0, 0xcf, 0x06, 0x78, 0x33, 0xc1, 0x9e,
    0x0c, 0xf0, 0x67, 0x83, 0x3c, 0x19, 0xe0, 0xcf, 0x06, 0x78, 0x33, 0xc1, 0x9e, 0x0c, 0xf0, 0x67,
    0x83, 0x3c, 0x19, 0xe0, 0xcf, 0x06, 0x78, 0x33, 0xc1, 0x9e, 0x0c, 0xf0, 0x67, 0x83, 0x3c, 0x19,
    0xe0, 0xcf, 0x06, 0x78, 0x33, 0xc1, 0x9d, 0x01, 0x80, 0x5b, 0x35, 0x61, 0xaf, 0x06, 0x78, 0x33,
    0xc1, 0x9e, 0x0c, 0xf0, 0x67, 0x83, 0x3c, 0x19, 0xe0, 0xcf, 0x06, 0x78, 0x33, 0xc1, 0x9e, 0x0c,
    0xf0, 0x67, 0x83, 0x3c, 0x19, 0xe0, 0xcf, 0x06, 0x78, 0x33, 0xc1, 0x9e, 0x0c, 0xf0, 0x67, 0x83,
    0x3c, 0x19, 0xe0, 0xcf, 0x06, 0x78, 0x33, 0xc1, 0x9e, 0x0c, 0xf0, 0x67, 0x83, 0x3c, 0x19, 0xe0,
    0xcf, 0x06, 0x78, 0x33, 0xc1, 0x9e, 0x0c, 0xf0, 0x67, 0x83, 0x3c, 0x19, 0xe0, 0xcf, 0x06, 0x78,
    0x33, 0xc1, 0x9e, 0x0c, 0xf0, 0x67, 0x83, 0x3c, 0x19, 0xe0, 0xcf, 0x06, 0x78, 0x33, 0xc1, 0x9e,
    0x0c, 0xf0, 0x67, 0x83, 0x3c, 0x19, 0xe0, 0xcf, 0x06, 0x78, 0x33, 0xc1, 0x9e, 0x0c, 0xf0, 0x67,
    0x83, 0x3c, 0x19, 0xe0, 0xcf, 0x06, 0x78, 0x33, 0xc1, 0x9e, 0x0c, 0xf0, 0x67, 0x83, 0x3c, 0x19,
    0xe0, 0xcf, 0x06, 0x78, 0x33, 0xc1, 0x9e, 0x0c, 0xf0, 0x67, 0x83, 0x3c, 0x19, 0xe0, 0xcf, 0x06,
    0x78, 0x33, 0xc1, 0x9e, 0x0c, 0xf0, 0x67, 0x83, 0x3c, 0x19, 0xe0, 0xcf, 0x06, 0x78, 0x33, 0xc1,
    0x9e, 0x0c, 0xf0, 0x67, 0x83, 0x3c, 0x19, 0xe0, 0xcf, 0x06, 0x78, 0x33, 0xc1, 0x9e, 0x0c, 0xf0,
    0x67, 0x83, 0x3c, 0x19, 0xe0, 0xcf, 0x06, 0x78, 0x33, 0xc1, 0x89, 0x02, 0xa8, 0x03, 0x62, 0x89,
    0x2f, 0x06, 0xf8, 0x37, 0xc1, 0xbe, 0x0d, 0xf0, 0x6f, 0x83, 0x7c, 0x1b, 0xe0, 0xde, 0x52, 0xf8,
    0x33, 0xc1, 0x9e, 0x0c, 0xf0, 0x67, 0x83, 0x3c, 0x19, 0xe0, 0xcf, 0x06, 0x78, 0x33, 0xc1, 0x9e,
    0x0c, 0xf0, 0x67, 0x83, 0x3c, 0x19, 0xe0, 0xcf, 0x06, 0x78, 0x33, 0xc1, 0x9e, 0x0c, 0xf0, 0x67,
    0x83, 0x3c, 0x19, 0xe0, 0xcf, 0x06, 0x78, 0x33, 0xc1, 0x9e, 0x0c, 0xf0, 0x67, 0x83, 0x3c, 0x19,
    0xb0, 0x2a, 0x80, 0x36, 0x28, 0x92, 0xf0, 0x6f, 0x83, 0x7c, 0x1b, 0x45, 0x1f, 0x06, 0x78, 0x33,
    0xc1, 0x9e, 0x0c, 0xf0, 0x67, 0x83, 0x3c, 0x19, 0xe0, 0xcf, 0x06, 0x78, 0x33, 0xc1, 0x9e, 0x0c,
    0xf0, 0x67, 0x83, 0x3c, 0x19, 0xe0, 0xcf, 0x06, 0x78, 0x33, 0xc1, 0x9e, 0x0c, 0xf0, 0x67, 0x80,
    0x1e, 0x03, 0x00, 0xb6, 0x6a, 0xc3, 0x5e, 0x0c, 0xf0, 0x67, 0x83, 0x3c, 0x19, 0xe0, 0xcf, 0x06,
    0x78, 0x33, 0xc1, 0x9e, 0x0c, 0xf0, 0x67, 0x83, 0x3c, 0x19, 0xe0, 0xcf, 0x06, 0x78, 0x33, 0xc1,
    0x9e, 0x0c, 0xf0, 0x67, 0x83, 0x22, 0x05, 0x50, 0x06, 0xc5, 0x12, 0x5e, 0x0d, 0xe1, 0xaf, 0x83,
    0x3c, 0x19, 0xe0, 0xcf, 0x06, 0x78, 0x33, 0xc1, 0x9e, 0x0c, 0xf0, 0x67, 0x83, 0x3c, 0x19, 0xe0,
    0xcf, 0x06, 0x78, 0x33, 0xc1, 0x9e, 0x0c, 0xf0, 0x67, 0x83, 0x3c, 0x19, 0xe0, 0xcf, 0x06, 0x78,
    0x33, 0xc1, 0x9e, 0x0c, 0xf0, 0x67, 0x83, 0x3c, 0x19, 0xe0, 0xcf, 0x06, 0x78, 0x33, 0xc1, 0x9e,
    0x0c, 0xf0, 0x67, 0x83, 0x3c, 0x19, 0xe0, 0xcf, 0x06, 0x78, 0x33, 0xc1, 0x9e, 0x0c, 0xf0, 0x64,
    0xc0, 0xaa, 0x00, 0xd8, 0xa2, 0x4b, 0xc4, 0xfe, 0x0c, 0xf0, 0x67, 0x83, 0x3c, 0x19, 0xe0, 0xcf,
    0x06, 0x78, 0x33, 0xc1, 0x9e, 0x0c, 0xf0, 0x67, 0x83, 0x3c, 0x19, 0xe0, 0xcf, 0x06, 0x78, 0x33,
    0xc1, 0x9e, 0x0c, 0xf0, 0x67, 0x83, 0x3c, 0x19, 0xe0, 0xcf, 0x06, 0x78, 0x01, 0x60, 0x30, 0x0b,
    0x66, 0xac, 0x35, 0xe0, 0xcf, 0x06, 0x78, 0x33, 0xc1, 0x9e, 0x0c, 0xf0, 0x67, 0x83, 0x3c, 0x19,
    0xe0, 0xcf, 0x06, 0x78, 0x33, 0xc1, 0x9e, 0x0c, 0xf0, 0x67, 0x83, 0x3c, 0x19, 0xe0, 0xcf, 0x06,
    0x78, 0x33, 0xc1, 0x9e, 0x0c, 0xf0, 0x67, 0x83, 0x3c, 0x19, 0xe0, 0xcf, 0x06, 0x78, 0x33, 0xc1,
    0x9e, 0x0c, 0xf0, 0x67, 0x83, 0x3c, 0x19, 0xe0, 0xcf, 0x06, 0x78, 0x33, 0xc1, 0x9e, 0x0c, 0xf0,
    0x61, 0xc0, 0xae, 0x00, 0xd8, 0xe3, 0x61, 0x03, 0x5e, 0x1a, 0xf2, 0x17, 0x83, 0x3c, 0x19, 0xe0,
    0xcf, 0x06, 0x78, 0x33, 0xc1, 0x9e, 0x0c, 0xf0, 0x67, 0x83, 0x3c, 0x19, 0xe0, 0xcf, 0x06, 0x78,
    0x33, 0xc1, 0x9e, 0x0c, 0xf0, 0x67, 0x83, 0x3c, 0x19, 0xe0, 0xcf, 0x06, 0x78, 0x33, 0xc1, 0x9e,
    0x0c, 0xf0, 0x67, 0x83, 0x3c, 0x19, 0xe0, 0xcf, 0x06, 0x78, 0x33, 0xc1, 0x9e, 0x0c, 0xf0, 0x67,
    0x83, 0x3c, 0x19, 0xe0, 0xcf, 0x06, 0x78, 0x33, 0xc1, 0x9e, 0x0c, 0xf0, 0x67, 0x83, 0x3c, 0x19,
    0xe0, 0xcf, 0x06, 0x7c, 0x06, 0x01, 0x6c, 0xd5, 0x86, 0xbc, 0x19, 0xe0, 0xcf, 0x06, 0x78, 0x33,
    0xc1, 0x9e, 0x0c, 0xf0, 0x67, 0x83, 0x3c, 0x19, 0xe0, 0xc9, 0x81, 0x5c, 0x01, 0xb1, 0xc6, 0xc2,
    0x09, 0xfc, 0x19, 0xe0, 0xcf, 0x06, 0x78, 0x33, 0xc1, 0x9e, 0x0c, 0xf0, 0x67, 0x83, 0x3d, 0x39,
    0xe2, 0x7f, 0x06, 0x78, 0x33, 0xc1, 0x9e, 0x0c, 0xf0, 0x67, 0x83, 0x3c, 0x19, 0xe0, 0xcf, 0x06,
    0x78, 0x33, 0xc1, 0x9e, 0x0c, 0xf0, 0x67, 0x83, 0x3c, 0x19, 0xe0, 0xcf, 0x06, 0x78, 0x33, 0xc1,
    0x9e, 0x0c, 0x28, 0x15, 0xc0, 0x1b, 0x1c, 0x6c, 0x20, 0x6b, 0xc3, 0x5e, 0x42, 0xf0, 0x67, 0x83,
    0x3c, 0x19, 0xe0, 0xcf, 0x06, 0x78, 0x33, 0xc1, 0x9e, 0x0c, 0xf0, 0x67, 0x83, 0x3c, 0x19, 0xe0,
    0xcf, 0x06, 0x78, 0x33, 0xc1, 0x9e, 0x0c, 0xf0, 0x67, 0x83, 0x3c, 0x19, 0xe0, 0xcf, 0x06, 0x78,
    0x33, 0xc1, 0x9e, 0x0c, 0xf0, 0x67, 0x83, 0x3c, 0x19, 0xe0, 0xcf, 0x06, 0x78, 0x33, 0xc1, 0x9e,
    0x0c, 0xf0, 0x67, 0x83, 0x3c, 0x19, 0xe0, 0xcf, 0x06, 0x78, 0x33, 0xc1, 0x9e, 0x0c, 0xf0, 0x65,
    0xc0, 0x60, 0x16, 0xcd, 0x58, 0x6b, 0xc1, 0x9e, 0x0c, 0xf0, 0x67, 0x83, 0x3c, 0x19, 0xe0, 0xcf,
    0x06, 0x78, 0x33, 0xc1, 0x9e, 0x0c, 0xf0, 0x67, 0x83, 0x3c, 0x19, 0xe0, 0xcf, 0x06, 0x78, 0x33,
    0xc1, 0x9e, 0x0c, 0xf0, 0x67, 0x83, 0x3c, 0x19, 0xe0, 0xcf, 0x06, 0x78, 0x33, 0xc1, 0x9e, 0x0c,
    0xf0, 0x67, 0x83, 0x3c, 0x19, 0xe0, 0xcf, 0x06, 0x78, 0x33, 0xc1, 0x9e, 0x0c, 0xf0, 0x67, 0x83,
    0x3c, 0x19, 0xe0, 0xcf, 0x06, 0x78, 0x33, 0xc1, 0x9e, 0x0c, 0xf0, 0x67, 0x83, 0x3c, 0x19, 0xe0,
    0xcf, 0x06, 0x78, 0x33, 0xc1, 0x9e, 0x0c, 0xf0, 0x67, 0x83, 0x3c, 0x19, 0xe0, 0xcf, 0x06, 0x78,
    0x33, 0xc1, 0x9e, 0x0c, 0xf0, 0x67, 0x83, 0x3c, 0x19, 0x90, 0x2a, 0x80, 0x36, 0x28, 0x92, 0xf0,
    0x6f, 0x0d, 0x7c, 0x19, 0xe0, 0xcf, 0x06, 0x78, 0x33, 0xc1, 0x9e, 0x0c, 0xf0, 0x67, 0x83, 0x3c,
    0x19, 0xe0, 0xcf, 0x06, 0x78, 0x33, 0xc1, 0x2d, 0x09, 0x01, 0x95, 0x7b, 0x50, 0x1a, 0xf0, 0xd7,
    0x86, 0xbc, 0x19, 0xe0, 0xcf, 0x06, 0x79, 0x3b, 0xc3, 0x5e, 0x1a, 0xc1, 0x47, 0x94, 0x3c, 0x19,
    0xe0, 0xcf, 0x06, 0x78, 0x33, 0xc1, 0x9e, 0x0c, 0xf0, 0x67, 0x83, 0x3c, 0x19, 0xe0, 0xcf, 0x06,
    0x78, 0x33, 0xc1, 0x9e, 0x0c, 0xf0, 0x67, 0x83, 0x3c, 0x19, 0xe0, 0xcf, 0x06, 0x78, 0x33, 0xc1,
    0x9e, 0x0c, 0xf0, 0x67, 0x83, 0x3c, 0x19, 0xe0, 0xcf, 0x06, 0x78, 0x33, 0xc1, 0x9e, 0x0c, 0xf0,
    0x67, 0x83, 0x3c, 0x19, 0xe0, 0xcf, 0x06, 0x78, 0x33, 0xc1, 0x9e, 0x0c, 0xf0, 0x67, 0x83, 0x3c,
    0x19, 0xe0, 0xcf, 0x06, 0x78, 0x33, 0xc1, 0x9e, 0x0c, 0xf0, 0x67, 0x83, 0x3c, 0x19, 0xe0, 0xcf,
    0x06, 0x78, 0x33, 0xc1, 0x9e, 0x0c, 0xf0, 0x67, 0x83, 0x3c, 0x19, 0xe0, 0xcf, 0x06, 0x78, 0x33,
    0xc1, 0x9e, 0x0c, 0xf0, 0x67, 0x83, 0x3c, 0x19, 0xe0, 0xcf, 0x06, 0x78, 0x33, 0xc1, 0x9e, 0x0c,
    0xf0, 0x67, 0x83, 0x3c, 0x19, 0xe0, 0xcf, 0x06, 0x78, 0x33, 0xc1, 0x9e, 0x0c, 0xf0, 0x67, 0x83,
    0x3c, 0x19, 0xe0, 0xcf, 0x06, 0x78, 0x33, 0xc1, 0x9e, 0x0c, 0xf0, 0x67, 0x83, 0x3c, 0x19, 0xe0,
    0xcf, 0x06, 0x78, 0x33, 0xc1, 0x9e, 0x0c, 0xf0, 0x67, 0x83, 0x3c, 0x19, 0xe0, 0xcf, 0x06, 0x78,
    0x33, 0xc1, 0x9e, 0x0c, 0xf0, 0x67, 0x83, 0x3c, 0x19, 0xe0, 0xcf, 0x06, 0x78, 0x33, 0xc1, 0x9e,
    0x0c, 0xf0, 0x67, 0x83, 0x3c, 0x19, 0xe0, 0xcf, 0x06, 0x78, 0x33, 0xc1, 0x9e, 0x0c, 0xf0, 0x67,
    0x83, 0x3c, 0x19, 0xe0, 0xcf, 0x06, 0x78, 0x33, 0xc1, 0x9e, 0x0c, 0xf0, 0x67, 0x83, 0x3c, 0x19,
    0xe0, 0xcf, 0x06, 0x78, 0x33, 0xc1, 0x9e, 0x0c, 0xf0, 0x67, 0x83, 0x3c, 0x19, 0xe0, 0xcf, 0x06,
    0x78, 0x33, 0xc1, 0x9e, 0x0c, 0xf0, 0x67, 0x83, 0x3c, 0x19, 0xe0, 0xcf, 0x06, 0x78, 0x33, 0xc1,
    0x9e, 0x0c, 0xf0, 0x67, 0x83, 0x3c, 0x19, 0xe0, 0xcf, 0x06, 0x78, 0x33, 0xc1, 0x9e, 0x0c, 0xf0,
    0x67, 0x83, 0x3c, 0x19, 0xe0, 0xcf, 0x06, 0x78, 0x33, 0xc1, 0x9e, 0x0c, 0xf0, 0x67, 0x83, 0x3c,
    0x19, 0xe0, 0xcf, 0x06, 0x78, 0x33, 0xc1, 0x8b, 0x90, 0xa0, 0xce, 0x32, 0x14, 0x08, 0x94, 0x22,
    0x05, 0x41, 0x80, 0x52, 0x24, 0x10, 0x98, 0x24, 0x06, 0x21, 0x4c, 0x91, 0x42, 0x70, 0x1e, 0x5a,
    0x48, 0x5c, 0x60, 0x9c, 0x01, 0x2b, 0xd0, 0xbe, 0x20, 0xd1, 0xa7, 0x4a, 0x61, 0x3c, 0x4b, 0x0c,
    0xe3, 0x19, 0x27, 0x88, 0xe1, 0x3c, 0x53, 0x0c, 0xe5, 0x1a, 0x25, 0x88, 0xa1, 0x54, 0x61, 0x13,
    0x0d, 0x78, 0x58, 0x60, 0xb4, 0x01, 0x23, 0xc4, 0xbd, 0xe0, 0xd1, 0xcc, 0x51, 0x40, 0x43, 0x44,
    0x89, 0xc2, 0x30, 0x56, 0x12, 0x21, 0xe1, 0x28, 0x32, 0x0c, 0x04, 0x92, 0x21, 0x00, 0x87, 0xf2,
    0xcd, 0xfd, 0x84, 0x92, 0xc4, 0x30, 0x9a, 0x28, 0x86, 0x52, 0x84, 0x43, 0x4a, 0x54, 0x4f, 0x11,
    0xc2, 0xb8, 0xc6, 0x24, 0xd2, 0x51, 0x1f, 0x1e, 0xf4, 0x1b, 0xac, 0x9f, 0x06, 0x78, 0x33, 0xc1,
    0x9e, 0x0c, 0xf0, 0x67, 0x83, 0x3c, 0x19, 0xe0, 0xcf, 0x06, 0x78, 0x33, 0xc1, 0x9e, 0x0c, 0xf0,
    0x67, 0x83, 0x3c, 0x18, 0xd8, 0x49, 0x2c, 0x43, 0x09, 0xa2, 0x88, 0x65, 0x28, 0x51, 0x2c, 0x45,
    0x0a, 0xa3, 0x08, 0xa5, 0x44, 0xf1, 0x1c, 0x2b, 0x8c, 0x62, 0x4d, 0x25, 0x11, 0xf6, 0x62, 0x89,
    0x13, 0x84, 0x60, 0xac, 0x31, 0x0a, 0x64, 0x8a, 0x13, 0x84, 0xa0, 0xcc, 0x31, 0x12, 0x48, 0x84,
    0x13, 0x05, 0x00, 0xf0, 0x7f, 0x84, 0x7d, 0x4e, 0x91, 0xc2, 0x78, 0x96, 0x19, 0xc6, 0x32, 0x4f,
    0x11, 0xc2, 0x78, 0xa6, 0x19, 0xca, 0x31, 0x35, 0x37, 0x12, 0x71, 0x1f, 0x64, 0x28, 0x11, 0x28,
    0x44, 0x0a, 0x83, 0x00, 0xa4, 0x48, 0x21, 0x30, 0x48, 0x0c, 0x83, 0x00, 0x4d, 0x4f, 0x84, 0x53,
    0xfe, 0x00, 0xbe, 0x16, 0x00, 0x5a, 0xb8, 0x8c, 0x45, 0x78, 0x0a, 0x41, 0x13
};

// BITSTREAM6: 10781 bytes compressed, 98763 bytes original from /tmp/bs6.hs

static const uint8_t bitstream7_data[] = {
    0xff, 0xc0, 0x2a, 0x16, 0x1b, 0x95, 0xd2, 0x75, 0x20, 0xa6, 0x51, 0xa8, 0xb3, 0x5a, 0xac, 0xb6,
    0x65, 0x35, 0xa3, 0x4b, 0x66, 0xd4, 0x3a, 0x0d, 0x0a, 0x8f, 0x41, 0x04, 0x8c, 0xd8, 0x36, 0x20,
    0x01, 0xde, 0xec, 0xc0, 0x85, 0xff, 0x9d, 0x8a, 0x0b, 0xc4, 0x03, 0x2a, 0x0c, 0x46, 0x21, 0x43,
    0x91, 0x01, 0xca, 0x81, 0x10, 0x80, 0x4e, 0x28, 0xc0, 0x72, 0x81, 0x00, 0xcb, 0xf7, 0xfc, 0xfe,
    0xff, 0xbf, 0xf4, 0x1a, 0x45, 0x53, 0x71, 0x91, 0x8e, 0xe2, 0x8a, 0xd5, 0x4a, 0x2c, 0x08, 0x02,
    0x39, 0x9e, 0x80, 0x67, 0x83, 0x3c, 0x19, 0xe0, 0xcf, 0x06, 0x78, 0x33, 0xc1, 0x9e, 0x0c, 0xf0,
    0x67, 0x83, 0x3c, 0x19, 0xe0, 0xcf, 0x06, 0x78, 0x33, 0xc1, 0x9e, 0x0c, 0xf0, 0x67, 0x83, 0x3c,
    0x19, 0xe0, 0xcf, 0x06, 0x78, 0x33, 0xc1, 0x9e, 0x0c, 0xf0, 0x67, 0x83, 0x3c, 0x19, 0xe0, 0xcf,
    0x06, 0x78, 0x33, 0xc1, 0x9e, 0x0c, 0xf0, 0x67, 0x83, 0x3c, 0x19, 0xf0, 0x08, 0x14, 0xc0, 0x1d,
    0x18, 0x30, 0xd7, 0x86, 0xbc, 0x85, 0xe0, 0xcf, 0x06, 0x78, 0x33, 0xc1, 0x9e, 0x0c, 0xf0, 0x67,
    0x83, 0x3c, 0x19, 0xe0, 0xcf, 0x06, 0x78, 0x33, 0xc1, 0x9e, 0x0c, 0xf0, 0x67, 0x83, 0x3c, 0x19,
    0xe0, 0xcf, 0x06, 0x78, 0x33, 0xc1, 0x9e, 0x0c, 0xf0, 0x67, 0x83, 0x16, 0x05, 0x50, 0x06, 0xbf,
    0x53, 0x0c, 0x0d, 0x28, 0x80, 0x35, 0xe9, 0x98, 0x01, 0xaf, 0x8d, 0x7c, 0x6b, 0x21, 0xad, 0x21,
    0x79, 0x0b, 0xc1, 0x9e, 0x0c, 0x28, 0x15, 0xc0, 0x1b, 0x1c, 0x6c, 0x20, 0x9f, 0xc1, 0x9e, 0x0c,
    0xf0, 0x67, 0x83, 0x3c, 0x19, 0xe0, 0xcf, 0x06, 0x78, 0x33, 0xc1, 0x9e, 0x0c, 0xf0, 0x67, 0x83,
    0x3c, 0x19, 0xe0, 0xcf, 0x06, 0x78, 0x33, 0xc1, 0x9e, 0x0c, 0xf0, 0x67, 0x83, 0x3c, 0x19, 0xe0,
    0xcd, 0x82, 0x4c, 0x81, 0xd1, 0xbc, 0xd5, 0x83, 0x8a, 0x60, 0x0e, 0x8f, 0xe6, 0x00, 0x3b, 0xe0,
    0xe1, 0x90, 0x03, 0x5e, 0x4d, 0xfd, 0x06, 0xf8, 0x37, 0xc1, 0xbe, 0x0d, 0xf0, 0x6c, 0x4a, 0x78,
    0x00, 0xe7, 0x9a, 0xd9, 0x83, 0x9e, 0x0d, 0xf0, 0x6f, 0x83, 0x7c, 0x1b, 0xe0, 0xd5, 0x7e, 0xf8,
    0x33, 0xc1, 0x9e, 0x0c, 0xf0, 0x67, 0x83, 0x3c, 0x19, 0xe0, 0xcf, 0x06, 0x78, 0x33, 0xc1, 0x9e,
    0x0c, 0xf0, 0x67, 0x83, 0x3c, 0x19, 0xe0, 0xcf, 0x06, 0x78, 0x33, 0xc1, 0x9e, 0x0c, 0xf0, 0x67,
    0x83, 0x3a, 0x09, 0x14, 0x07, 0x47, 0xfa, 0xfa, 0x1b, 0xf0, 0xdf, 0x91, 0x3c, 0x19, 0xe0, 0xcf,
    0x06, 0x78, 0x33, 0xc1, 0x9e, 0x0c, 0xf0, 0x67, 0x83, 0x3c, 0x19, 0xe0, 0xcf, 0x06, 0x78, 0x33,
    0xc1, 0x9e, 0x0c, 0xf0, 0x67, 0x83, 0x3c, 0x19, 0xe0, 0xcf, 0x06, 0x78, 0x33, 0xc1, 0x9e, 0x0c,
    0xf0, 0x67, 0x83, 0x3c, 0x19, 0xe0, 0xcf, 0x06, 0x78, 0x33, 0xc1, 0x9e, 0x0c, 0xf0, 0x67, 0x83,
    0x3c, 0x19, 0xe0, 0xcf, 0x06, 0x78, 0x33, 0xc1, 0x9e, 0x0c, 0xf0, 0x67, 0x83, 0x3c, 0x19, 0xe0,
    0xcf, 0x06, 0x78, 0x33, 0xc1, 0x9e, 0x0c, 0xf0, 0x67, 0x83, 0x3c, 0x19, 0xe0, 0xcf, 0x06, 0x78,
    0x33, 0xc1, 0x9e, 0x0c, 0xf0, 0x67, 0x83, 0x3c, 0x19, 0xe0, 0xcf, 0x06, 0x78, 0x33, 0xc1, 0x9e,
    0x0c, 0xf0, 0x67, 0x83, 0x3c, 0x19, 0xe0, 0xcf, 0x06, 0x78, 0x33, 0xc1, 0x9e, 0x0c, 0xf0, 0x67,
    0x83, 0x3c, 0x19, 0xe0, 0xcf, 0x06, 0x78, 0x33, 0xc1, 0x9e, 0x0c, 0xf0, 0x67, 0x83, 0x3c, 0x19,
    0xe0, 0xcf, 0x06, 0x78, 0x33, 0xc1, 0x9e, 0x0c, 0xf0, 0x67, 0x83, 0x3c, 0x19, 0xe0, 0xcf, 0x06,
    0x78, 0x33, 0xc1, 0x9e, 0x0c, 0xf0, 0x67, 0x83, 0x3c, 0x19, 0xe0, 0xcf, 0x06, 0x78, 0x32, 0x20,
    0x55, 0x00, 0x6c, 0x51, 0x25, 0xe0, 0xde, 0x1a, 0xf8, 0x33, 0xc1, 0x9e, 0x0c, 0xf0, 0x67, 0x83,
    0x3c, 0x19, 0xe0, 0xcf, 0x06, 0x78, 0x33, 0xc1, 0x9e, 0x0c, 0xf0, 0x67, 0x83, 0x3c, 0x19, 0xe0,
    0xcf, 0x06, 0x78, 0x33, 0xc1, 0x9e, 0x0c, 0xf0, 0x67, 0x83, 0x3c, 0x19, 0xe0, 0xcf, 0x06, 0x78,
    0x33, 0xc1, 0x9e, 0x0c, 0xf0, 0x67, 0x83, 0x3c, 0x19, 0xe0, 0xcf, 0x06, 0x78, 0x33, 0xc1, 0x9e,
    0x0c, 0xf0, 0x67, 0x83, 0x3c, 0x19, 0xe0, 0xcf, 0x06, 0x78, 0x33, 0xc1, 0x9e, 0x0c, 0xf0, 0x67,
    0x83, 0x3c, 0x19, 0xe0, 0xcf, 0x06, 0x78, 0x33, 0xc1, 0x9e, 0x0c, 0xf0, 0x67, 0x83, 0x3c, 0x19,
    0xe0, 0xcf, 0x06, 0x78, 0x33, 0xc1, 0x9e, 0x0c, 0xf0, 0x67, 0x83, 0x3c, 0x19, 0xe0, 0xcf, 0x06,
    0x78, 0x33, 0xc1, 0x9e, 0x0c, 0xf0, 0x67, 0x83, 0x3c, 0x19, 0xe0, 0xcf, 0x06, 0x78, 0x33, 0xc1,
    0x9e, 0x0c, 0xf0, 0x67, 0x83, 0x3c, 0x19, 0xe0, 0xcf, 0x06, 0x78, 0x33, 0xc1, 0x9e, 0x0c, 0xf0,
    0x67, 0x83, 0x3c, 0x19, 0xe0, 0xcf, 0x06, 0x78, 0x33, 0xc1, 0x9e, 0x0c, 0xf0, 0x67, 0x83, 0x3c,
    0x19, 0xe0, 0xcf, 0x06, 0x78, 0x33, 0xc1, 0x9e, 0x0c, 0xf0, 0x67, 0x83, 0x3c, 0x19, 0xe0, 0xcf,
    0x06, 0x78, 0x33, 0xc1, 0x9e, 0x0c, 0xf0, 0x64, 0xc0, 0x60, 0x16, 0xcd, 0x58, 0x6b, 0xc1, 0x9e,
    0x0c, 0xf0, 0x67, 0x83, 0x3c, 0x19, 0xe0, 0xcf, 0x06, 0x78, 0x33, 0xc1, 0x9e, 0x0c, 0xf0, 0x67,
    0x83, 0x3c, 0x19, 0xe0, 0xcf, 0x06, 0x78, 0x33, 0xc1, 0x9e, 0x0c, 0xf0, 0x67, 0x83, 0x3c, 0x19,
    0xe0, 0xcf, 0x06, 0x78, 0x33, 0xc1, 0x9e, 0x0c, 0xf0, 0x67, 0x83, 0x3c, 0x19, 0xe0, 0xcf, 0x06,
    0x78, 0x33, 0xc1, 0x9e, 0x0c, 0xf0, 0x67, 0x83, 0x3c, 0x19, 0xe0, 0xcf, 0x06, 0x78, 0x33, 0xc1,
    0x9e, 0x0c, 0xf0, 0x67, 0x83, 0x3c, 0x19, 0xe0, 0xcf, 0x06, 0x78, 0x33, 0xc1, 0x9e, 0x0c, 0xf0,
    0x67, 0x83, 0x3c, 0x19, 0xe0, 0xcf, 0x06, 0x78, 0x33, 0xc1, 0x9e, 0x0c, 0xf0, 0x67, 0x83, 0x3c,
    0x19, 0xe0, 0xcf, 0x06, 0x78, 0x33, 0xc1, 0x9e, 0x0c, 0xf0, 0x67, 0x83, 0x3c, 0x19, 0xe0, 0xcf,
    0x06, 0x78, 0x33, 0xc1, 0x9e, 0x0c, 0xf0, 0x67, 0x83, 0x3c, 0x19, 0xe0, 0xcf, 0x06, 0x78, 0x33,
    0xc1, 0x9e, 0x0c, 0xf0, 0x67, 0x83, 0x3c, 0x19, 0xd0, 0x18, 0x05, 0xb3, 0x56, 0x1a, 0xf0, 0x67,
    0x83, 0x3c, 0x19, 0xe0, 0xcf, 0x06, 0x78, 0x33, 0xc1, 0x9e, 0x0c, 0xf0, 0x67, 0x83, 0x3c, 0x19,
    0xe0, 0xcf, 0x06, 0x78, 0x33, 0xc1, 0x9e, 0x0c, 0xf0, 0x67, 0x83, 0x3c, 0x19, 0xe0, 0xcf, 0x06,
    0x78, 0x33, 0xc1, 0x9e, 0x0c, 0xf0, 0x67, 0x83, 0x3c, 0x19, 0xe0, 0xcf, 0x06, 0x78, 0x33, 0xc1,
    0x9e, 0x0c, 0xf0, 0x67, 0x83, 0x3c, 0x19, 0xe0, 0xcf, 0x06, 0x78, 0x33, 0xc1, 0x9e, 0x0c, 0xf0,
    0x67, 0x83, 0x3c, 0x19, 0xe0, 0xcf, 0x06, 0x78, 0x33, 0xc1, 0x9e, 0x0c, 0xf0, 0x67, 0x83, 0x3c,
    0x19, 0xe0, 0xcf, 0x06, 0x78, 0x33, 0xc1, 0x9e, 0x0c, 0xf0, 0x67, 0x83, 0x3c, 0x19, 0xe0, 0xcf,
    0x06, 0x78, 0x33, 0xc1, 0x9e, 0x0c, 0xf0, 0x67, 0x83, 0x3c, 0x19, 0xe0, 0xcf, 0x06, 0x78, 0x33,
    0xc1, 0x9e, 0x0c, 0xf0, 0x67, 0x83, 0x3c, 0x19, 0xe0, 0xcf, 0x06, 0x78, 0x33, 0xc1, 0x9e, 0x0c,
    0xf0, 0x67, 0x83, 0x3c, 0x19, 0xe0, 0xcf, 0x06, 0x74, 0x06, 0x01, 0x6c, 0xd5, 0x86, 0xbc, 0x19,
    0xe0, 0xcf, 0x06, 0x78, 0x33, 0xc1, 0x9e, 0x0c, 0xf0, 0x67, 0x83, 0x3c, 0x19, 0xe0, 0xcf, 0x06,
    0x78, 0x33, 0xc1, 0x9e, 0x0c, 0xf0, 0x67, 0x83, 0x3c, 0x19, 0xe0, 0xcf, 0x06, 0x78, 0x33, 0xc1,
    0x9e, 0x0c, 0xf0, 0x67, 0x83, 0x3c, 0x19, 0xe0, 0xcf, 0x06, 0x78, 0x33, 0xc1, 0x9e, 0x0c, 0xf0,
    0x67, 0x83, 0x3c, 0x19, 0xe0, 0xcf, 0x06, 0x78, 0x33, 0xc1, 0x9e, 0x0c, 0xf0, 0x67, 0x83, 0x3c,
    0x19, 0xe0, 0xcf, 0x06, 0x78, 0x33, 0xc1, 0x9e, 0x0c, 0xf0, 0x67, 0x83, 0x3c, 0x19, 0xe0, 0xcf,
    0x06, 0x78, 0x33, 0xc1, 0x9e, 0x0c, 0xf0, 0x67, 0x83, 0x3c, 0x19, 0xe0, 0xcf, 0x06, 0x78, 0x33,
    0xc1, 0x9e, 0x0c, 0xf0, 0x67, 0x83, 0x3c, 0x19, 0xe0, 0xcf, 0x06, 0x78, 0x33, 0xc1, 0x9e, 0x0c,
    0xf0, 0x67, 0x83, 0x3c, 0x19, 0xe0, 0xcf, 0x06, 0x78, 0x33, 0xc1, 0x9e, 0x0c, 0xf0, 0x67, 0x83,
    0x3c, 0x19, 0xe0, 0xcf, 0x06, 0x78, 0x33, 0xc1, 0x9d, 0x01, 0x80, 0x5b, 0x35, 0x61, 0xaf, 0x06,
    0x78, 0x33, 0xc1, 0x9e, 0x0c, 0xf0, 0x67, 0x83, 0x3c, 0x19, 0xe0, 0xcf, 0x06, 0x78, 0x33, 0xc1,
    0x9e, 0x0c, 0xf0, 0x67, 0x83, 0x3c, 0x19, 0xe0, 0xcf, 0x06, 0x78, 0x33, 0xc1, 0x9e, 0x0c, 0xf0,
    0x67, 0x83, 0x3c, 0x19, 0xe0, 0xcf, 0x06, 0x78, 0x33, 0xc1, 0x9e, 0x0c, 0xf0, 0x67, 0x83, 0x3c,
    0x19, 0xe0, 0xcf, 0x06, 0x78, 0x33, 0xc1, 0x9e, 0x0c, 0xf0, 0x67, 0x83, 0x3c, 0x19, 0xe0, 0xcf,
    0x06, 0x78, 0x33, 0xc1, 0x9e, 0x0c, 0xf0, 0x67, 0x83, 0x3c, 0x19, 0xe0, 0xcf, 0x06, 0x78, 0x33,
    0xc1, 0x9e, 0x0c, 0xf0, 0x67, 0x83, 0x3c, 0x19, 0xe0, 0xcf, 0x06, 0x78, 0x33, 0xc1, 0x9e, 0x0c,
    0xf0, 0x67, 0x83, 0x3c, 0x19, 0xe0, 0xcf, 0x06, 0x78, 0x33, 0xc1, 0x9e, 0x0c, 0xf0, 0x67, 0x83,
    0x3c, 0x19, 0xe0, 0xcf, 0x06, 0x78, 0x33, 0xc1, 0x9e, 0x0c, 0xf0, 0x67, 0x83, 0x3c, 0x19, 0xe0,
    0xcf, 0x06, 0x78, 0x33, 0xc1, 0x9e, 0x0c, 0xf0, 0x67, 0x83, 0x3c, 0x19, 0xe0, 0xcf, 0x06, 0x78,
    0x33, 0xc1, 0x9e, 0x0c, 0xf0, 0x67, 0x83, 0x3c, 0x19, 0xe0, 0xcf, 0x06, 0x78, 0x33, 0xc1, 0x9e,
    0x0c, 0xf0, 0x67, 0x83, 0x3c, 0x19, 0xe0, 0xcf, 0x06, 0x78, 0x33, 0xc1, 0x9e, 0x0c, 0xf0, 0x67,
    0x83, 0x3c, 0x19, 0xe0, 0xcf, 0x06, 0x78, 0x33, 0xc1, 0x9e, 0x0c, 0xf0, 0x67, 0x83, 0x3c, 0x19,
    0xe0, 0xcf, 0x06, 0x78, 0x33, 0xc1, 0x9e, 0x0c, 0xf0, 0x67, 0x83, 0x3c, 0x19, 0xe0, 0xcf, 0x06,
    0x78, 0x33, 0xc1, 0x9e, 0x0c, 0xf0, 0x67, 0x83, 0x3c, 0x19, 0xe0, 0xcf, 0x06, 0x78, 0x33, 0xc1,
    0x9e, 0x0c, 0xf0, 0x67, 0x83, 0x3c, 0x19, 0xe0, 0xcf, 0x06, 0x78, 0x33, 0xc1, 0x9e, 0x0c, 0xf0,
    0x67, 0x83, 0x3c, 0x19, 0xe0, 0xcf, 0x06, 0x78, 0x33, 0xc1, 0x9e, 0x0c, 0xf0, 0x67, 0x83, 0x3c,
    0x19, 0xe0, 0xcf, 0x06, 0x78, 0x33, 0xc1, 0x9e, 0x0c, 0xf0, 0x67, 0x83, 0x3c, 0x19, 0xe0, 0xcf,
    0x06, 0x78, 0x33, 0xc1, 0x9f, 0x00, 0x80, 0xc0, 0x2d, 0x9a, 0xb0, 0xd7, 0x83, 0x3c, 0x19, 0xe0,
    0xcf, 0x06, 0x78, 0x33, 0xc1, 0x9e, 0x0c, 0xf0, 0x67, 0x83, 0x3c, 0x19, 0xe0, 0xcf, 0x06, 0x78,
    0x33, 0xc1, 0x9e, 0x0c, 0xf0, 0x67, 0x83, 0x3c, 0x19, 0xe0, 0xcf, 0x06, 0x78, 0x33, 0xc1, 0x9e,
    0x0c, 0xf0, 0x67, 0x83, 0x3c, 0x19, 0xe0, 0xcf, 0x06, 0x78, 0x33, 0xc1, 0x9e, 0x0c, 0xf0, 0x67,
    0x83, 0x3c, 0x19, 0xe0, 0xcf, 0x06, 0x78, 0x33, 0xc1, 0x9e, 0x0c, 0xf0, 0x67, 0x83, 0x3c, 0x19,
    0xe0, 0xcf, 0x06, 0x78, 0x33, 0xc1, 0x9e, 0x0c, 0xf0, 0x67, 0x83, 0x3c, 0x19, 0xe0, 0xcf, 0x06,
    0x78, 0x33, 0xc1, 0x9e, 0x0c, 0xf0, 0x67, 0x83, 0x3c, 0x19, 0xe0, 0xcf, 0x06, 0x78, 0x33, 0xc1,
    0x9e, 0x0c, 0xf0, 0x67, 0x83, 0x3c, 0x19, 0xe0, 0xcf, 0x06, 0x78, 0x33, 0xc1, 0x9e, 0x0c, 0xf0,
    0x67, 0x83, 0x3c, 0x19, 0xe0, 0xcf, 0x06, 0x78, 0x33, 0xc1, 0x9e, 0x0c, 0xf0, 0x67, 0x83, 0x3c,
    0x19, 0xe0, 0xcf, 0x06, 0x78, 0x33, 0xa0, 0x30, 0x0b, 0x66, 0xac, 0x35, 0xe0, 0xcf, 0x06, 0x78,
    0x33, 0xc1, 0x9e, 0x0c, 0xf0, 0x67, 0x83, 0x3c, 0x19, 0xe0, 0xcf, 0x06, 0x78, 0x33, 0xc1, 0x9e,
    0x0c, 0xf0, 0x67, 0x83, 0x3c, 0x19, 0xe0, 0xcf, 0x06, 0x78, 0x33, 0xc1, 0x9e, 0x0c, 0xf0, 0x67,
    0x83, 0x3c, 0x19, 0xe0, 0xcf, 0x06, 0x78, 0x33, 0xc1, 0x9e, 0x0c, 0xf0, 0x67, 0x83, 0x3c, 0x19,
    0xe0, 0xcf, 0x06, 0x78, 0x33, 0xc1, 0x9e, 0x0c, 0xf0, 0x67, 0x83, 0x3c, 0x19, 0xe0, 0xcf, 0x06,
    0x78, 0x33, 0xc1, 0x9e, 0x0c, 0xf0, 0x67, 0x83, 0x3c, 0x19, 0xe0, 0xcf, 0x06, 0x78, 0x33, 0xc1,
    0x9e, 0x0c, 0xf0, 0x67, 0x83, 0x3c, 0x19, 0xe0, 0xcf, 0x06, 0x78, 0x33, 0xc1, 0x9e, 0x0c, 0xf0,
    0x67, 0x83, 0x3c, 0x19, 0xe0, 0xcf, 0x06, 0x78, 0x33, 0xc1, 0x9e, 0x0c, 0xf0, 0x67, 0x83, 0x3c,
    0x19, 0xe0, 0xcf, 0x06, 0x78, 0x33, 0xc1, 0x9e, 0x0c, 0xf0, 0x67, 0x83, 0x3c, 0x19, 0xe0, 0xcf,
    0x06, 0x78, 0x33, 0xc1, 0x9e, 0x0c, 0xe8, 0x0c, 0x02, 0xd9, 0xab, 0x0d, 0x78, 0x33, 0xc1, 0x9e,
    0x0c, 0xf0, 0x67, 0x83, 0x3c, 0x19, 0xe0, 0xcf, 0x06, 0x78, 0x33, 0xc1, 0x9e, 0x0c, 0xf0, 0x67,
    0x83, 0x3c, 0x19, 0xe0, 0xcf, 0x06, 0x78, 0x33, 0xc1, 0x9e, 0x0c, 0xf0, 0x67, 0x83, 0x3c, 0x19,
    0xe0, 0xcf, 0x06, 0x78, 0x33, 0xc1, 0x9e, 0x0c, 0xf0, 0x67, 0x83, 0x3c, 0x19, 0xe0, 0xcf, 0x06,
    0x78, 0x33, 0xc1, 0x9e, 0x0c, 0xf0, 0x67, 0x83, 0x3c, 0x19, 0xe0, 0xcf, 0x06, 0x78, 0x33, 0xc1,
    0x9e, 0x0c, 0xf0, 0x67, 0x83, 0x3c, 0x19, 0xe0, 0xcf, 0x06, 0x78, 0x33, 0xc1, 0x9e, 0x0c, 0xf0,
    0x67, 0x83, 0x3c, 0x19, 0xe0, 0xcf, 0x06, 0x78, 0x33, 0xc1, 0x9e, 0x0c, 0xf0, 0x67, 0x83, 0x3c,
    0x19, 0xe0, 0xcf, 0x06, 0x78, 0x33, 0xc1, 0x9e, 0x0c, 0xf0, 0x67, 0x83, 0x3c, 0x19, 0xe0, 0xcf,
    0x06, 0x78, 0x33, 0xc1, 0x9e, 0x0c, 0xf0, 0x67, 0x83, 0x3c, 0x19, 0xe0, 0xcf, 0x06, 0x78, 0x33,
    0xc1, 0x9e, 0x0c, 0xf0, 0x67, 0x83, 0x3a, 0x03, 0x00, 0xb6, 0x6a, 0xc3, 0x5e, 0x0c, 0xf0, 0x67,
    0x83, 0x3c, 0x19, 0xe0, 0xcf, 0x06, 0x78, 0x33, 0xc1, 0x9e, 0x0c, 0xf0, 0x67, 0x83, 0x3c, 0x19,
    0xe0, 0xcf, 0x06, 0x78, 0x33, 0xc1, 0x9e, 0x0c, 0xf0, 0x67, 0x83, 0x3c, 0x19, 0xe0, 0xcf, 0x06,
    0x78, 0x33, 0xc1, 0x9e, 0x0c, 0xf0, 0x67, 0x83, 0x3c, 0x19, 0xe0, 0xcf, 0x06, 0x78, 0x33, 0xc1,
    0x9e, 0x0c, 0xf0, 0x67, 0x83, 0x3c, 0x19, 0xe0, 0xcf, 0x06, 0x78, 0x33, 0xc1, 0x9e, 0x0c, 0xf0,
    0x67, 0x83, 0x3c, 0x19, 0xe0, 0xcf, 0x06, 0x78, 0x33, 0xc1, 0x9e, 0x0c, 0xf0, 0x67, 0x83, 0x3c,
    0x19, 0xe0, 0xcf, 0x06, 0x78, 0x33, 0xc1, 0x9e, 0x0c, 0xf0, 0x67, 0x83, 0x3c, 0x19, 0xe0, 0xcf,
    0x06, 0x78, 0x33, 0xc1, 0x9e, 0x0c, 0xf0, 0x67, 0x83, 0x3c, 0x19, 0xe0, 0xcf, 0x06, 0x78, 0x33,
    0xc1, 0x9e, 0x0c, 0xf0, 0x67, 0x83, 0x3c, 0x19, 0xe0, 0xcf, 0x06, 0x78, 0x33, 0xc1, 0x9e, 0x0c,
    0xf0, 0x67, 0x83, 0x3c, 0x19, 0xe0, 0xce, 0x80, 0xc0, 0x2d, 0x9a, 0xb0, 0xd7, 0x83, 0x3c, 0x19,
    0xe0, 0xcf, 0x06, 0x78, 0x33, 0xc1, 0x9e, 0x0c, 0xf0, 0x67, 0x83, 0x3c, 0x19, 0xe0, 0xcf, 0x06,
    0x78, 0x33, 0xc1, 0x9e, 0x0c, 0xf0, 0x67, 0x83, 0x3c, 0x19, 0xe0, 0xcf, 0x06, 0x78, 0x33, 0xc1,
    0x9e, 0x0c, 0xf0, 0x67, 0x83, 0x3c, 0x19, 0xe0, 0xcf, 0x06, 0x78, 0x33, 0xc1, 0x9e, 0x0c, 0xf0,
    0x67, 0x83, 0x3c, 0x19, 0xe0, 0xcf, 0x06, 0x78, 0x33, 0xc1, 0x9e, 0x0c, 0xf0, 0x67, 0x83, 0x3c,
    0x19, 0xe0, 0xcf, 0x06, 0x78, 0x33, 0xc1, 0x9e, 0x0c, 0xf0, 0x67, 0x83, 0x3c, 0x19, 0xe0, 0xcf,
    0x06, 0x78, 0x33, 0xc1, 0x9e, 0x0c, 0xf0, 0x67, 0x83, 0x3c, 0x19, 0xe0, 0xcf, 0x06, 0x78, 0x33,
    0xc1, 0x9e, 0x0c, 0xf0, 0x67, 0x83, 0x3c, 0x19, 0xe0, 0xcf, 0x06, 0x78, 0x33, 0xc1, 0x9e, 0x0c,
    0xf0, 0x67, 0x83, 0x3c, 0x19, 0xe0, 0xcf, 0x06, 0x78, 0x33, 0xc1, 0x9e, 0x0c, 0xf0, 0x67, 0x83,
    0x3c, 0x19, 0xe0, 0xcf, 0x06, 0x78, 0x33, 0xa0, 0x30, 0x0b, 0x66, 0xac, 0x35, 0xe0, 0xcf, 0x06,
    0x78, 0x33, 0xc1, 0x9e, 0x0c, 0xf0, 0x67, 0x83, 0x3c, 0x19, 0xe0, 0xcf, 0x06, 0x78, 0x33, 0xc1,
    0x9e, 0x0c, 0xf0, 0x67, 0x83, 0x3c, 0x19, 0xe0, 0xcf, 0x06, 0x78, 0x33, 0xc1, 0x9e, 0x0c, 0xf0,
    0x67, 0x83, 0x3c, 0x19, 0xe0, 0xcf, 0x06, 0x78, 0x33, 0xc1, 0x9e, 0x0c, 0xf0, 0x67, 0x83, 0x3c,
    0x19, 0xe0, 0xcf, 0x06, 0x78, 0x33, 0xc1, 0x9e, 0x0c, 0xf0, 0x67, 0x83, 0x3c, 0x19, 0xe0, 0xcf,
    0x06, 0x78, 0x33, 0xc1, 0x9e, 0x0c, 0xf0, 0x67, 0x83, 0x3c, 0x19, 0xe0, 0xcf, 0x06, 0x78, 0x33,
    0xc1, 0x9e, 0x0c, 0xf0, 0x67, 0x83, 0x3c, 0x19, 0xe0, 0xcf, 0x06, 0x78, 0x33, 0xc1, 0x9e, 0x0c,
    0xf0, 0x67, 0x83, 0x3c, 0x19, 0xe0, 0xcf, 0x06, 0x78, 0x33, 0xc1, 0x9e, 0x0c, 0xf0, 0x67, 0x83,
    0x3c, 0x19, 0xe0, 0xcf, 0x06, 0x78, 0x33, 0xc1, 0x9e, 0x0c, 0xf0, 0x67, 0x83, 0x3c, 0x19, 0xe0,
    0xcf, 0x06, 0x78, 0x33, 0xc1, 0x9e, 0x0c, 0xe8, 0x0c, 0x02, 0xd9, 0xab, 0x0d, 0x78, 0x33, 0xc1,
    0x9e, 0x0c, 0xf0, 0x67, 0x83, 0x3c, 0x19, 0xe0, 0xcf, 0x06, 0x78, 0x33, 0xc1, 0x9e, 0x0c, 0xf0,
    0x67, 0x83, 0x3c, 0x19, 0xe0, 0xcf, 0x06, 0x78, 0x33, 0xc1, 0x9e, 0x0c, 0xf0, 0x67, 0x83, 0x3c,
    0x19, 0xe0, 0xcf, 0x06, 0x78, 0x33, 0xc1, 0x9e, 0x0c, 0xf0, 0x67, 0x83, 0x3c, 0x19, 0xe0, 0xcf,
    0x06, 0x78, 0x33, 0xc1, 0x9e, 0x0c, 0xf0, 0x67, 0x83, 0x3c, 0x19, 0xe0, 0xcf, 0x06, 0x78, 0x33,
    0xc1, 0x9e, 0x0c, 0xf0, 0x67, 0x83, 0x3c, 0x19, 0xe0, 0xcf, 0x06, 0x78, 0x33, 0xc1, 0x9e, 0x0c,
    0xf0, 0x67, 0x83, 0x3c, 0x19, 0xe0, 0xcf, 0x06, 0x78, 0x33, 0xc1, 0x9e, 0x0c, 0xf0, 0x67, 0x83,
    0x3c, 0x19, 0xe0, 0xcf, 0x06, 0x78, 0x33, 0xc1, 0x9e, 0x0c, 0xf0, 0x67, 0x83, 0x3c, 0x19, 0xe0,
    0xcf, 0x06, 0x78, 0x33, 0xc1, 0x9e, 0x0c, 0xf0, 0x67, 0x83, 0x3c, 0x19, 0xe0, 0xcf, 0x06, 0x78,
    0x33, 0xc1, 0x9e, 0x0c, 0xf0, 0x67, 0x83, 0x3a, 0x03, 0x00, 0xb6, 0x6a, 0xc3, 0x5e, 0x0c, 0xf0,
    0x67, 0x83, 0x3c, 0x19, 0xe0, 0xcf, 0x06, 0x78, 0x33, 0xc1, 0x9e, 0x0c, 0xf0, 0x67, 0x83, 0x3c,
    0x19, 0xe0, 0xcf, 0x06, 0x78, 0x33, 0xc1, 0x9e, 0x0c, 0xf0, 0x67, 0x83, 0x3c, 0x19, 0xe0, 0xcf,
    0x06, 0x78, 0x33, 0xc1, 0x9e, 0x0c, 0xf0, 0x67, 0x83, 0x3c, 0x19, 0xe0, 0xcf, 0x06, 0x78, 0x33,
    0xc1, 0x9e, 0x0c, 0xf0, 0x67, 0x83, 0x3c, 0x19, 0xe0, 0xcf, 0x06, 0x78, 0x33, 0xc1, 0x9e, 0x0c,
    0xf0, 0x67, 0x83, 0x3c, 0x19, 0xe0, 0xcf, 0x06, 0x78, 0x33, 0xc1, 0x9e, 0x0c, 0xf0, 0x67, 0x83,
    0x3c, 0x19, 0xe0, 0xcf, 0x06, 0x78, 0x33, 0xc1, 0x9e, 0x0c, 0xf0, 0x67, 0x83, 0x3c, 0x19, 0xe0,
    0xcf, 0x06, 0x78, 0x33, 0xc1, 0x9e, 0x0c, 0xf0, 0x67, 0x83, 0x3c, 0x19, 0xe0, 0xcf, 0x06, 0x78,
    0x33, 0xc1, 0x9e, 0x0c, 0xf0, 0x67, 0x83, 0x3c, 0x19, 0xe0, 0xcf, 0x06, 0x78, 0x33, 0xc1, 0x9e,
    0x0c, 0xf0, 0x67, 0x83, 0x3c, 0x19, 0xe0, 0xcf, 0x06, 0x78, 0x33, 0xc1, 0x9e, 0x0c, 0xf0, 0x67,
    0x83, 0x3c, 0x19, 0xe0, 0xcf, 0x06, 0x78, 0x33, 0xc1, 0x9e, 0x0c, 0xf0, 0x67, 0x83, 0x3c, 0x19,
    0xe0, 0xcf, 0x06, 0x78, 0x33, 0xc1, 0x9e, 0x0c, 0xf0, 0x67, 0x83, 0x3c, 0x19, 0xe0, 0xcf, 0x06,
    0x78, 0x33, 0xc1, 0x9e, 0x0c, 0xf0, 0x67, 0x83, 0x3c, 0x19, 0xe0, 0xcf, 0x06, 0x78, 0x33, 0xc1,
    0x9e, 0x0c, 0xf0, 0x67, 0x83, 0x3c, 0x19, 0xe0, 0xcf, 0x06, 0x78, 0x33, 0xc1, 0x9e, 0x0c, 0xf0,
    0x67, 0x83, 0x3c, 0x19, 0xe0, 0xcf, 0x06, 0x78, 0x33, 0xc1, 0x9e, 0x0c, 0xf0, 0x67, 0x83, 0x3c,
    0x19, 0xe0, 0xcf, 0x06, 0x78, 0x33, 0xc1, 0x9e, 0x0c, 0xf0, 0x67, 0x83, 0x3c, 0x19, 0xe0, 0xcf,
    0x06, 0x78, 0x33, 0xc1, 0x9e, 0x0c, 0xf0, 0x67, 0x83, 0x3c, 0x19, 0xe0, 0xcf, 0x06, 0x78, 0x33,
    0xc1, 0x9e, 0x0c, 0xf0, 0x67, 0x83, 0x3c, 0x19, 0xe0, 0xcf, 0x06, 0x78, 0x33, 0xc1, 0x9e, 0x0c,
    0xf0, 0x67, 0x83, 0x3e, 0x01, 0x01, 0x80, 0x5b, 0x35, 0x61, 0xaf, 0x06, 0x78, 0x33, 0xc1, 0x9e,
    0x0c, 0xf0, 0x67, 0x83, 0x3c, 0x19, 0xe0, 0xcf, 0x06, 0x78, 0x33, 0xc1, 0x9e, 0x0c, 0xf0, 0x67,
    0x83, 0x3c, 0x19, 0xe0, 0xcf, 0x06, 0x78, 0x33, 0xc1, 0x9e, 0x0c, 0xf0, 0x67, 0x83, 0x3c, 0x19,
    0xe0, 0xcf, 0x06, 0x78, 0x33, 0x60, 0x55, 0x00, 0x6c, 0x51, 0x25, 0xe2, 0x7f, 0x06, 0x78, 0x33,
    0xc1, 0x9e, 0x0c, 0xf0, 0x67, 0x83, 0x3c, 0x19, 0xe0, 0xcf, 0x06, 0x78, 0x33, 0xc1, 0x9e, 0x0c,
    0xf0, 0x67, 0x83, 0x3c, 0x19, 0xe0, 0xcf, 0x06, 0x78, 0x33, 0xc1, 0x9e, 0x0c, 0xf0, 0x67, 0x83,
    0x3c, 0x19, 0xe0, 0xcf, 0x06, 0x78, 0x33, 0xc1, 0x9e, 0x0c, 0xf0, 0x67, 0x83, 0x3c, 0x19, 0xe0,
    0xcf, 0x06, 0x78, 0x30, 0xa0, 0x55, 0x00, 0x6c, 0x51, 0x25, 0xe1, 0xaf, 0x0d, 0x79, 0x0b, 0xc1,
    0x9e, 0x0c, 0xf0, 0x67, 0x96, 0xfc, 0xb7, 0xe1, 0xaf, 0x0d, 0x78, 0x33, 0xc1, 0x9e, 0x0c, 0xf0,
    0x67, 0x83, 0x3c, 0x19, 0xe0, 0xcf, 0x06, 0x78, 0x33, 0xc1, 0x9e, 0x0c, 0xf0, 0x67, 0x83, 0x3c,
    0x17, 0x10, 0x18, 0x05, 0xb3, 0x56, 0x1a, 0xf0, 0x67, 0x83, 0x3c, 0x19, 0xe0, 0xcf, 0x06, 0x78,
    0x33, 0xc1, 0x9e, 0x0c, 0xf0, 0x67, 0x83, 0x3c, 0x19, 0xe0, 0xcf, 0x06, 0x78, 0x33, 0xc1, 0x9e,
    0x0c, 0xf0, 0x67, 0x40, 0xaa, 0x00, 0xd8, 0xa2, 0x4b, 0xc3, 0x5e, 0x1a, 0xf2, 0x17, 0x83, 0x3c,
    0x19, 0xe0, 0xcf, 0x2d, 0xf9, 0x6f, 0xc3, 0x5e, 0x1a, 0xf0, 0x67, 0x83, 0x3c, 0x19, 0xe0, 0xcf,
    0x06, 0x78, 0x33, 0xc1, 0x9e, 0x0c, 0xf0, 0x67, 0x83, 0x3c, 0x19, 0xe0, 0xcf, 0x06, 0x78, 0x33,
    0xc1, 0x9e, 0x0c, 0xf0, 0x67, 0x83, 0x3c, 0x19, 0xe0, 0xcf, 0x06, 0x78, 0x33, 0xc1, 0x9e, 0x0c,
    0xf0, 0x67, 0x83, 0x3c, 0x19, 0xe0, 0xcf, 0x06, 0x78, 0x33, 0xc1, 0x9e, 0x0c, 0xf0, 0x67, 0x83,
    0x12, 0x05, 0x50, 0x06, 0xc5, 0x12, 0x5e, 0x1a, 0xf0, 0xd7, 0x90, 0xbc, 0x19, 0xe0, 0xcf, 0x06,
    0x79, 0x6f, 0xcb, 0x7e, 0x1a, 0xf0, 0xd7, 0x83, 0x3c, 0x19, 0xe0, 0xcf, 0x06, 0x78, 0x33, 0xc1,
    0x9e, 0x0c, 0xf0, 0x67, 0x83, 0x3c, 0x19, 0xe0, 0xcf, 0x06, 0x78, 0x33, 0xc1, 0x71, 0x01, 0x80,
    0x5b, 0x35, 0x61, 0xaf, 0x06, 0x78, 0x33, 0xc1, 0x9e, 0x0c, 0xf0, 0x67, 0x83, 0x3c, 0x19, 0xe0,
    0xcf, 0x06, 0x78, 0x33, 0xc1, 0x9e, 0x0c, 0xf0, 0x67, 0x83, 0x3c, 0x19, 0xe0, 0xcf, 0x06, 0x74,
    0x0a, 0xa0, 0x0d, 0x8a, 0x24, 0xbc, 0x35, 0xe1, 0xaf, 0x21, 0x78, 0x33, 0xc1, 0x9e, 0x0c, 0xf2,
    0xdf, 0x96, 0xfc, 0x35, 0xe1, 0xaf, 0x06, 0x78, 0x33, 0xc1, 0x9e, 0x0c, 0xf0, 0x67, 0x83, 0x3c,
    0x19, 0xe0, 0xcf, 0x06, 0x78, 0x33, 0xc1, 0x9e, 0x0c, 0xf0, 0x67, 0x83, 0x3c, 0x19, 0xe0, 0xcf,
    0x06, 0x78, 0x33, 0xc1, 0x9e, 0x0c, 0xf0, 0x67, 0x83, 0x3c, 0x19, 0xe0, 0xcf, 0x06, 0x78, 0x33,
    0xc1, 0x9e, 0x0c, 0xf0, 0x67, 0x83, 0x3c, 0x19, 0xe0, 0xcf, 0x06, 0x78, 0x31, 0x20, 0x55, 0x00,
    0x6c, 0x51, 0x25, 0xe1, 0xaf, 0x0d, 0x79, 0x0b, 0xc1, 0x9e, 0x0c, 0xf0, 0x67, 0x96, 0xfc, 0xb7,
    0xe1, 0xaf, 0x0d, 0x78, 0x33, 0xc1, 0x9e, 0x0c, 0xf0, 0x67, 0x83, 0x3c, 0x19, 0xe0, 0xcf, 0x06,
    0x78, 0x33, 0xc1, 0x9e, 0x0c, 0xf0, 0x67, 0x83, 0x3c, 0x17, 0x10, 0x18, 0x05, 0xb3, 0x56, 0x1a,
    0xf0, 0x67, 0x83, 0x3c, 0x19, 0xe0, 0xcf, 0x06, 0x78, 0x33, 0xc1, 0x9e, 0x0c, 0xf0, 0x67, 0x83,
    0x3c, 0x19, 0xe0, 0xcf, 0x06, 0x78, 0x33, 0xc1, 0x9e, 0x0c, 0xf0, 0x67, 0x40, 0xaa, 0x00, 0xd8,
    0xa2, 0x4b, 0xc3, 0x5e, 0x1a, 0xf2, 0x17, 0x83, 0x3c, 0x19, 0xe0, 0xcf, 0x2d, 0xf9, 0x6f, 0xc3,
    0x5e, 0x1a, 0xf0, 0x67, 0x83, 0x3c, 0x19, 0xe0, 0xcf, 0x06, 0x78, 0x33, 0xc1, 0x9e, 0x0c, 0xf0,
    0x67, 0x83, 0x3c, 0x19, 0xe0, 0xcf, 0x06, 0x78, 0x33, 0xc1, 0x9e, 0x0c, 0xf0, 0x67, 0x83, 0x3c,
    0x19, 0xe0, 0xcf, 0x06, 0x78, 0x33, 0xc1, 0x9e, 0x0c, 0xf0, 0x67, 0x83, 0x3c, 0x19, 0xe0, 0xcf,
    0x06, 0x78, 0x33, 0xc1, 0x9e, 0x0c, 0xf0, 0x67, 0x83, 0x12, 0x05, 0x50, 0x06, 0xc5, 0x12, 0x5e,
    0x1a, 0xf0, 0xd7, 0x90, 0xbc, 0x19, 0xe0, 0xcf, 0x06, 0x79, 0x6f, 0xcb, 0x7e, 0x1a, 0xf0, 0xd7,
    0x83, 0x3c, 0x19, 0xe0, 0xcf, 0x06, 0x78, 0x33, 0xc1, 0x9e, 0x0c, 0xf0, 0x67, 0x83, 0x3c, 0x19,
    0xe0, 0xcf, 0x06, 0x78, 0x33, 0xc1, 0x71, 0x01, 0x80, 0x5b, 0x35, 0x61, 0xaf, 0x06, 0x78, 0x33,
    0xc1, 0x9e, 0x0c, 0xf0, 0x67, 0x83, 0x3c, 0x19, 0xe0, 0xcf, 0x06, 0x78, 0x33, 0xc1, 0x9e, 0x0c,
    0xf0, 0x67, 0x83, 0x3c, 0x19, 0xe0, 0xcf, 0x06, 0x74, 0x0a, 0xa0, 0x0d, 0x8a, 0x24, 0xbc, 0x35,
    0xe1, 0xaf, 0x21, 0x78, 0x33, 0xc1, 0x9e, 0x0c, 0xf2, 0xdf, 0x96, 0xfc, 0x35, 0xe1, 0xaf, 0x06,
    0x78, 0x33, 0xc1, 0x9e, 0x0c, 0xf0, 0x67, 0x83, 0x3c, 0x19, 0xe0, 0xcf, 0x06, 0x78, 0x33, 0xc1,
    0x9e, 0x0c, 0xf0, 0x67, 0x83, 0x3c, 0x19, 0xe0, 0xcf, 0x06, 0x78, 0x33, 0xc1, 0x9e, 0x0c, 0xf0,
    0x67, 0x83, 0x3c, 0x19, 0xe0, 0xcf, 0x06, 0x78, 0x33, 0xc1, 0x9e, 0x0c, 0xf0, 0x67, 0x83, 0x3c,
    0x19, 0xe0, 0xcf, 0x06, 0x78, 0x31, 0x20, 0x55, 0x00, 0x6c, 0x51, 0x25, 0xe1, 0xaf, 0x0d, 0x79,
    0x0b, 0xc1, 0x9e, 0x0c, 0xf0, 0x67, 0x96, 0xfc, 0xb7, 0xe1, 0xaf, 0x0d, 0x78, 0x33, 0xc1, 0x9e,
    0x0c, 0xf0, 0x67, 0x83, 0x3c, 0x19, 0xe0, 0xcf, 0x06, 0x78, 0x33, 0xc1, 0x9e, 0x0c, 0xf0, 0x67,
    0x83, 0x3c, 0x17, 0x10, 0x18, 0x05, 0xb3, 0x56, 0x1a, 0xf0, 0x67, 0x83, 0x3c, 0x19, 0xe0, 0xcf,
    0x06, 0x78, 0x33, 0xc1, 0x9e, 0x0c, 0xf0, 0x67, 0x83, 0x3c, 0x19, 0xe0, 0xcf, 0x06, 0x78, 0x33,
    0xc1, 0x9e, 0x0c, 0xf0, 0x67, 0x40, 0xaa, 0x00, 0xd8, 0xa2, 0x4b, 0xc1, 0xbe, 0x0d, 0xf0, 0x6d,
    0x14, 0x7c, 0x19, 0xe0, 0xcf, 0x35, 0xf9, 0x3f, 0xc1, 0xbe, 0x6b, 0xf2, 0x8f, 0x83, 0x3c, 0x19,
    0xe0, 0xcf, 0x06, 0x78, 0x33, 0xc1, 0x9e, 0x0c, 0xf0, 0x67, 0x83, 0x3c, 0x19, 0xe0, 0xcf, 0x06,
    0x78, 0x33, 0xc1, 0x9e, 0x0c, 0xf0, 0x67, 0x83, 0x3c, 0x19, 0xe0, 0xcf, 0x06, 0x78, 0x33, 0xc1,
    0x9e, 0x0c, 0xf0, 0x67, 0x83, 0x3c, 0x19, 0xe0, 0xcf, 0x06, 0x78, 0x33, 0xc1, 0x9e, 0x0c, 0xf0,
    0x67, 0x83, 0x36, 0x05, 0x50, 0x06, 0xc5, 0x12, 0x5e, 0x1a, 0xf0, 0xd7, 0x90, 0xbc, 0x19, 0xe0,
    0xcf, 0x27, 0x79, 0x3a, 0x8b, 0x9e, 0x28, 0xf0, 0xd7, 0x94, 0x3c, 0x19, 0xe0, 0xcf, 0x06, 0x78,
    0x33, 0xc1, 0x9e, 0x0c, 0xf0, 0x67, 0x83, 0x3c, 0x19, 0xe0, 0xcf, 0x06, 0x78, 0x33, 0xc1, 0x9d,
    0x01, 0x80, 0x5b, 0x35, 0x61, 0xaf, 0x06, 0x78, 0x33, 0xc1, 0x9e, 0x0c, 0xf0, 0x67, 0x83, 0x3c,
    0x19, 0xe0, 0xcf, 0x06, 0x78, 0x33, 0xc1, 0x9e, 0x0c, 0xf0, 0x67, 0x83, 0x3c, 0x19, 0xe0, 0xcf,
    0x06, 0x74, 0x0a, 0xa0, 0x0d, 0x8a, 0x24, 0xbc, 0x1b, 0xe0, 0xdf, 0x06, 0xd1, 0x47, 0xc1, 0x9e,
    0x0c, 0xf3, 0x5f, 0x93, 0xfc, 0x1b, 0xe6, 0xbf, 0x28, 0xf8, 0x33, 0xc1, 0x9e, 0x0c, 0xf0, 0x67,
    0x83, 0x3c, 0x19, 0xe0, 0xcf, 0x06, 0x78, 0x33, 0xc1, 0x9e, 0x0c, 0xf0, 0x67, 0x83, 0x3c, 0x19,
    0xe0, 0xcf, 0x06, 0x78, 0x33, 0xc1, 0x9e, 0x0c, 0xf0, 0x67, 0x83, 0x3c, 0x19, 0xe0, 0xcf, 0x06,
    0x78, 0x33, 0xc1, 0x9e, 0x0c, 0xf0, 0x67, 0x83, 0x3c, 0x19, 0xe0, 0xcf, 0x06, 0x78, 0x33, 0x60,
    0x55, 0x00, 0x6c, 0x51, 0x25, 0xe0, 0xdf, 0x06, 0xf8, 0x36, 0x8a, 0x3e, 0x0c, 0xf0, 0x67, 0x9a,
    0xfc, 0x9f, 0xe0, 0xdf, 0x35, 0xf9, 0x47, 0xc1, 0x9e, 0x0c, 0xf0, 0x67, 0x83, 0x3c, 0x19, 0xe0,
    0xcf, 0x06, 0x78, 0x33, 0xc1, 0x9e, 0x0c, 0xf0, 0x67, 0x83, 0x3c, 0x19, 0xe0, 0x01, 0x80, 0xc0,
    0x2d, 0x9a, 0xb0, 0xd7, 0x83, 0x3c, 0x19, 0xe0, 0xcf, 0x06, 0x78, 0x33, 0xc1, 0x9e, 0x0c, 0xf0,
    0x67, 0x83, 0x3c, 0x19, 0xe0, 0xcf, 0x06, 0x78, 0x33, 0xc1, 0x9e, 0x0c, 0xf0, 0x67, 0x83, 0x3a,
    0x05, 0x50, 0x06, 0xc5, 0x12, 0x5e, 0x0d, 0xf0, 0x6f, 0x83, 0x68, 0xa3, 0xe0, 0xcf, 0x06, 0x79,
    0xaf, 0xc9, 0xfe, 0x0d, 0xf3, 0x5f, 0x94, 0x7c, 0x19, 0xe0, 0xcf, 0x06, 0x78, 0x33, 0xc1, 0x9e,
    0x0c, 0xf0, 0x67, 0x83, 0x3c, 0x19, 0xe0, 0xcf, 0x06, 0x78, 0x33, 0xc1, 0x9e, 0x0c, 0xf0, 0x67,
    0x83, 0x3c, 0x19, 0xe0, 0xcf, 0x06, 0x78, 0x33, 0xc1, 0x9e, 0x0c, 0xf0, 0x67, 0x83, 0x3c, 0x19,
    0xe0, 0xcf, 0x06, 0x78, 0x33, 0xc1, 0x9e, 0x0c, 0xf0, 0x67, 0x83, 0x3c, 0x19, 0xb0, 0x2a, 0x80,
    0x36, 0x28, 0x92, 0xf0, 0xd7, 0x86, 0xac, 0x51, 0xe5, 0x0f, 0x06, 0x78, 0x33, 0xc9, 0xfe, 0x0d,
    0xf0, 0x6f, 0x9a, 0xfc, 0xa3, 0xe0, 0xcf, 0x06, 0x78, 0x33, 0xc1, 0x9e, 0x0c, 0xf0, 0x67, 0x83,
    0x3c, 0x19, 0xe0, 0xcf, 0x06, 0x78, 0x33, 0xc1, 0x9e, 0x0c, 0xf0, 0x67, 0x83, 0x3c, 0x19, 0xe0,
    0xcf, 0x06, 0x78, 0x33, 0xc1, 0x9e, 0x0c, 0xf0, 0x67, 0x83, 0x3c, 0x19, 0xe0, 0xcf, 0x06, 0x78,
    0x33, 0xc1, 0x9e, 0x0c, 0xf0, 0x67, 0x83, 0x3c, 0x18, 0x30, 0x2a, 0x80, 0x36, 0x28, 0x92, 0xf0,
    0x6f, 0x83, 0x7c, 0x1b, 0x45, 0x1f, 0x06, 0x78, 0x33, 0xcd, 0x7e, 0x4f, 0xf0, 0x6f, 0x9a, 0xfc,
    0xa3, 0xe0, 0xcf, 0x06, 0x78, 0x33, 0xc1, 0x9e, 0x0c, 0xf0, 0x67, 0x83, 0x3c, 0x19, 0xe0, 0xcf,
    0x06, 0x78, 0x33, 0xc1, 0x9e, 0x0c, 0xf0, 0x67, 0x83, 0x3c, 0x19, 0xe0, 0xcf, 0x06, 0x78, 0x33,
    0xc1, 0x9e, 0x0c, 0xf0, 0x67, 0x83, 0x3c, 0x19, 0xe0, 0xcf, 0x06, 0x78, 0x33, 0xc1, 0x9e, 0x0c,
    0xf0, 0x67, 0x83, 0x3c, 0x19, 0xe0, 0xcd, 0x81, 0x54, 0x01, 0xb1, 0x44, 0x97, 0x83, 0x7c, 0x1b,
    0xe0, 0xda, 0x28, 0xf8, 0x33, 0xc1, 0x9e, 0x6b, 0xf2, 0x7f, 0x83, 0x7c, 0xd7, 0xe5, 0x1f, 0x06,
    0x78, 0x33, 0xc1, 0x9e, 0x0c, 0xf0, 0x67, 0x83, 0x3c, 0x19, 0xe0, 0xcf, 0x06, 0x78, 0x33, 0xc1,
    0x9e, 0x0c, 0xf0, 0x67, 0x80, 0x06, 0x03, 0x00, 0xb6, 0x6a, 0xc3, 0x5e, 0x0c, 0xf0, 0x67, 0x83,
    0x3c, 0x19, 0xe0, 0xcf, 0x06, 0x78, 0x33, 0xc1, 0x9e, 0x0c, 0xf0, 0x67, 0x83, 0x3c, 0x19, 0xe0,
    0xcf, 0x06, 0x78, 0x33, 0xc1, 0x9e, 0x0c, 0xe8, 0x15, 0x40, 0x1b, 0x14, 0x49, 0x78, 0x37, 0xc1,
    0xbe, 0x0d, 0xa2, 0x8f, 0x83, 0x3c, 0x19, 0xe6, 0xbf, 0x27, 0xf8, 0x37, 0xcd, 0x7e, 0x51, 0xf0,
    0x67, 0x83, 0x3c, 0x19, 0xe0, 0xcf, 0x06, 0x78, 0x33, 0xc1, 0x9e, 0x0c, 0xf0, 0x67, 0x83, 0x3c,
    0x19, 0xe0, 0xcf, 0x06, 0x78, 0x33, 0xc1, 0x9e, 0x0c, 0xf0, 0x67, 0x83, 0x3c, 0x19, 0xe0, 0xcf,
    0x06, 0x78, 0x33, 0xc1, 0x9e, 0x0c, 0xf0, 0x67, 0x83, 0x3c, 0x19, 0xe0, 0xcf, 0x06, 0x78, 0x33,
    0xc1, 0x9e, 0x0c, 0xf0, 0x66, 0xc0, 0xaa, 0x00, 0xd8, 0xa2, 0x4b, 0xc1, 0xbe, 0x0d, 0xf0, 0x6d,
    0x14, 0x7c, 0x19, 0xe0, 0xcf, 0x35, 0xf9, 0x3f, 0xc1, 0xbe, 0x6b, 0xf2, 0x8f, 0x83, 0x3c, 0x19,
    0xe0, 0xcf, 0x06, 0x78, 0x33, 0xc1, 0x9e, 0x0c, 0xf0, 0x67, 0x83, 0x3c, 0x19, 0xe0, 0xcf, 0x06,
    0x78, 0x33, 0xc0, 0x03, 0x01, 0x80, 0x5b, 0x35, 0x61, 0xaf, 0x06, 0x78, 0x33, 0xc1, 0x9e, 0x0c,
    0xf0, 0x67, 0x83, 0x3c, 0x19, 0xe0, 0xcf, 0x06, 0x78, 0x33, 0xc1, 0x9e, 0x0c, 0xf0, 0x67, 0x83,
    0x3c, 0x19, 0xe0, 0xcf, 0x06, 0x74, 0x0a, 0xa0, 0x0d, 0x8a, 0x24, 0xbc, 0x1b, 0xe0, 0xdf, 0x06,
    0xd1, 0x47, 0xc1, 0x9e, 0x0c, 0xf3, 0x5f, 0x93, 0xfc, 0x1b, 0xe6, 0xbf, 0x28, 0xf8, 0x33, 0xc1,
    0x9e, 0x0c, 0xf0, 0x67, 0x83, 0x3c, 0x19, 0xe0, 0xcf, 0x06, 0x78, 0x33, 0xc1, 0x9e, 0x0c, 0xf0,
    0x67, 0x83, 0x3c, 0x19, 0xe0, 0xcf, 0x06, 0x78, 0x33, 0xc1, 0x9e, 0x0c, 0xf0, 0x67, 0x83, 0x3c,
    0x19, 0xe0, 0xcf, 0x06, 0x78, 0x33, 0xc1, 0x9e, 0x0c, 0xf0, 0x67, 0x83, 0x3c, 0x19, 0xe0, 0xcf,
    0x06, 0x78, 0x33, 0x60, 0x55, 0x00, 0x6c, 0x51, 0x25, 0xe0, 0xdf, 0x06, 0xf8, 0x36, 0x8a, 0x3e,
    0x0c, 0xf0, 0x67, 0x9a, 0xfc, 0x9f, 0xe0, 0xdf, 0x35, 0xf9, 0x47, 0xc1, 0x9e, 0x0c, 0xf0, 0x67,
    0x83, 0x3c, 0x19, 0xe0, 0xcf, 0x06, 0x78, 0x33, 0xc1, 0x9e, 0x0c, 0xf0, 0x67, 0x83, 0x3c, 0x19,
    0xe0, 0x01, 0x80, 0xc0, 0x2d, 0x9a, 0xb0, 0xd7, 0x83, 0x3c, 0x19, 0xe0, 0xcf, 0x06, 0x78, 0x33,
    0xc1, 0x9e, 0x0c, 0xf0, 0x67, 0x83, 0x3c, 0x19, 0xe0, 0xcf, 0x06, 0x78, 0x33, 0xc1, 0x9e, 0x0c,
    0xf0, 0x67, 0x83, 0x3a, 0x05, 0x50, 0x06, 0xc5, 0x12, 0x5e, 0x0d, 0xf0, 0x6f, 0x83, 0x68, 0xa3,
    0xe0, 0xcf, 0x06, 0x79, 0xaf, 0xc9, 0xfe, 0x0d, 0xf3, 0x5f, 0x94, 0x7c, 0x19, 0xe0, 0xcf, 0x06,
    0x78, 0x33, 0xc1, 0x9e, 0x0c, 0xf0, 0x67, 0x83, 0x3c, 0x19, 0xe0, 0xcf, 0x06, 0x78, 0x33, 0xc1,
    0x9e, 0x0c, 0xf0, 0x67, 0x83, 0x3c, 0x19, 0xe0, 0xcf, 0x06, 0x78, 0x33, 0xc1, 0x9e, 0x0c, 0xf0,
    0x67, 0x83, 0x3c, 0x19, 0xe0, 0xcf, 0x06, 0x78, 0x33, 0xc1, 0x9e, 0x0c, 0xf0, 0x67, 0x83, 0x3c,
    0x19, 0xb0, 0x2a, 0x80, 0x36, 0x28, 0x92, 0xf0, 0x6f, 0x83, 0x7c, 0x1b, 0x45, 0x1f, 0x06, 0x78,
    0x33, 0xcd, 0x7e, 0x4f, 0xf0, 0x6f, 0x9a, 0xfc, 0xa3, 0xe0, 0xcf, 0x06, 0x78, 0x33, 0xc1, 0x9e,
    0x0c, 0xf0, 0x67, 0x83, 0x3c, 0x19, 0xe0, 0xcf, 0x06, 0x78, 0x33, 0xc1, 0x9e, 0x0c, 0xf0, 0x00,
    0xc0, 0x60, 0x16, 0xcd, 0x58, 0x6b, 0xc1, 0x9e, 0x0c, 0xf0, 0x67, 0x83, 0x3c, 0x19, 0xe0, 0xcf,
    0x06, 0x78, 0x33, 0xc1, 0x9e, 0x0c, 0xf0, 0x67, 0x83, 0x3c, 0x19, 0xe0, 0xcf, 0x06, 0x78, 0x33,
    0xc1, 0x9e, 0x0c, 0xf0, 0x67, 0x83, 0x3c, 0x19, 0xe0, 0xcf, 0x06, 0x78, 0x33, 0xc1, 0x9e, 0x0c,
    0xf0, 0x67, 0x83, 0x3c, 0x19, 0xe0, 0xcf, 0x06, 0x78, 0x33, 0xc1, 0x9e, 0x0c, 0xf0, 0x67, 0x83,
    0x3c, 0x19, 0xe0, 0xcf, 0x06, 0x78, 0x33, 0xc1, 0x9e, 0x0c, 0xf0, 0x67, 0x83, 0x3c, 0x19, 0xe0,
    0xcf, 0x06, 0x78, 0x33, 0xc1, 0x9e, 0x0c, 0xf0, 0x67, 0x83, 0x3c, 0x19, 0xe0, 0xcf, 0x06, 0x78,
    0x33, 0xc1, 0x9e, 0x0c, 0xf0, 0x67, 0x83, 0x3c, 0x19, 0xe0, 0xcf, 0x06, 0x78, 0x33, 0xc1, 0x9e,
    0x0c, 0xf0, 0x67, 0x83, 0x3c, 0x19, 0xe0, 0xcf, 0x06, 0x78, 0x33, 0xc1, 0x9e, 0x0c, 0xf0, 0x67,
    0x83, 0x3c, 0x19, 0xe0, 0xcf, 0x06, 0x78, 0x33, 0xc1, 0x9e, 0x0c, 0xf0, 0x67, 0x83, 0x3c, 0x19,
    0xd0, 0x18, 0x05, 0xb3, 0x56, 0x1a, 0xf0, 0x67, 0x83, 0x3c, 0x19, 0xe0, 0xcf, 0x06, 0x78, 0x33,
    0xc1, 0x9e, 0x0c, 0xf0, 0x67, 0x83, 0x3c, 0x19, 0xe0, 0xcf, 0x06, 0x78, 0x33, 0xc1, 0x9e, 0x0c,
    0xf0, 0x67, 0x83, 0x3c, 0x19, 0xe0, 0xcf, 0x06, 0x78, 0x33, 0xc1, 0x9e, 0x0c, 0xf0, 0x67, 0x83,
    0x3c, 0x19, 0xe0, 0xcf, 0x06, 0x78, 0x33, 0xc1, 0x9e, 0x0c, 0xf0, 0x67, 0x83, 0x3c, 0x19, 0xe0,
    0xcf, 0x06, 0x78, 0x33, 0xc1, 0x9e, 0x0c, 0xf0, 0x67, 0x83, 0x3c, 0x19, 0xe0, 0xcf, 0x06, 0x78,
    0x33, 0xc1, 0x9e, 0x0c, 0xf0, 0x67, 0x83, 0x3c, 0x19, 0xe0, 0xcf, 0x06, 0x78, 0x33, 0xc1, 0x9e,
    0x0c, 0xf0, 0x67, 0x83, 0x3c, 0x19, 0xe0, 0xcf, 0x06, 0x78, 0x33, 0xc1, 0x9e, 0x0c, 0xf0, 0x67,
    0x83, 0x3c, 0x19, 0xe0, 0xcf, 0x06, 0x78, 0x33, 0xc1, 0x9e, 0x0c, 0xf0, 0x67, 0x83, 0x3c, 0x19,
    0xe0, 0xcf, 0x06, 0x78, 0x33, 0xc1, 0x9e, 0x0c, 0xf0, 0x67, 0x83, 0x3c, 0x19, 0xe0, 0xcf, 0x06,
    0x74, 0x06, 0x01, 0x6c, 0xd5, 0x86, 0xbc, 0x19, 0xe0, 0xcf, 0x06, 0x78, 0x33, 0xc1, 0x9e, 0x0c,
    0xf0, 0x67, 0x83, 0x3c, 0x19, 0xe0, 0xcf, 0x06, 0x78, 0x33, 0xc1, 0x9e, 0x0c, 0xf0, 0x67, 0x83,
    0x3c, 0x19, 0xe0, 0xcf, 0x06, 0x78, 0x33, 0xc1, 0x9e, 0x0c, 0xf0, 0x67, 0x83, 0x3c, 0x19, 0xe0,
    0xcf, 0x06, 0x78, 0x33, 0xc1, 0x9e, 0x0c, 0xf0, 0x67, 0x83, 0x3c, 0x19, 0xe0, 0xcf, 0x06, 0x78,
    0x33, 0xc1, 0x9e, 0x0c, 0xf0, 0x67, 0x83, 0x3c, 0x19, 0xe0, 0xcf, 0x06, 0x78, 0x33, 0xc1, 0x9e,
    0x0c, 0xf0, 0x67, 0x83, 0x3c, 0x19, 0xe0, 0xcf, 0x06, 0x78, 0x33, 0xc1, 0x9e, 0x0c, 0xf0, 0x67,
    0x83, 0x3c, 0x19, 0xe0, 0xcf, 0x06, 0x78, 0x33, 0xc1, 0x9e, 0x0c, 0xf0, 0x67, 0x83, 0x3c, 0x19,
    0xe0, 0xcf, 0x06, 0x78, 0x33, 0xc1, 0x9e, 0x0c, 0xf0, 0x67, 0x83, 0x3c, 0x19, 0xe0, 0xcf, 0x06,
    0x78, 0x33, 0xc1, 0x9e, 0x0c, 0xf0, 0x67, 0x83, 0x3c, 0x19, 0xe0, 0xcf, 0x06, 0x78, 0x33, 0xc1,
    0x9d, 0x01, 0x80, 0x5b, 0x35, 0x61, 0xaf, 0x06, 0x78, 0x33, 0xc1, 0x9e, 0x0c, 0xf0, 0x67, 0x83,
    0x3c, 0x19, 0xe0, 0xcf, 0x06, 0x78, 0x33, 0xc1, 0x9e, 0x0c, 0xf0, 0x67, 0x83, 0x3c, 0x19, 0xe0,
    0xcf, 0x06, 0x78, 0x33, 0xc1, 0x9e, 0x0c, 0xf0, 0x67, 0x83, 0x3c, 0x19, 0xe0, 0xcf, 0x06, 0x78,
    0x33, 0xc1, 0x9e, 0x0c, 0xf0, 0x67, 0x83, 0x3c, 0x19, 0xe0, 0xcf, 0x06, 0x78, 0x33, 0xc1, 0x9e,
    0x0c, 0xf0, 0x67, 0x83, 0x3c, 0x19, 0xe0, 0xcf, 0x06, 0x78, 0x33, 0xc1, 0x9e, 0x0c, 0xf0, 0x67,
    0x83, 0x3c, 0x19, 0xe0, 0xcf, 0x06, 0x78, 0x33, 0xc1, 0x9e, 0x0c, 0xf0, 0x67, 0x83, 0x3c, 0x19,
    0xe0, 0xcf, 0x06, 0x78, 0x33, 0xc1, 0x9e, 0x0c, 0xf0, 0x67, 0x83, 0x3c, 0x19, 0xe0, 0xcf, 0x06,
    0x78, 0x33, 0xc1, 0x9e, 0x0c, 0xf0, 0x67, 0x83, 0x3c, 0x19, 0xe0, 0xcf, 0x06, 0x78, 0x33, 0xc1,
    0x9e, 0x0c, 0xf0, 0x67, 0x83, 0x3c, 0x19, 0xe0, 0xcf, 0x06, 0x78, 0x33, 0xc1, 0x9e, 0x0c, 0xf0,
    0x67, 0x40, 0x60, 0x16, 0xcd, 0x58, 0x6b, 0xc1, 0x9e, 0x0c, 0xf0, 0x67, 0x83, 0x3c, 0x19, 0xe0,
    0xcf, 0x06, 0x78, 0x33, 0xc1, 0x9e, 0x0c, 0xf0, 0x67, 0x83, 0x3c, 0x19, 0xe0, 0xcf, 0x06, 0x78,
    0x33, 0xc1, 0x9e, 0x0c, 0xf0, 0x67, 0x83, 0x3c, 0x19, 0xe0, 0xcf, 0x06, 0x78, 0x33, 0xc1, 0x9e,
    0x0c, 0xf0, 0x67, 0x83, 0x3c, 0x19, 0xe0, 0xcf, 0x06, 0x78, 0x33, 0xc1, 0x9e, 0x0c, 0xf0, 0x67,
    0x83, 0x3c, 0x19, 0xe0, 0xcf, 0x06, 0x78, 0x33, 0xc1, 0x9e, 0x0c, 0xf0, 0x67, 0x83, 0x3c, 0x19,
    0xe0, 0xcf, 0x06, 0x78, 0x33, 0xc1, 0x9e, 0x0c, 0xf0, 0x67, 0x83, 0x3c, 0x19, 0xe0, 0xcf, 0x06,
    0x78, 0x33, 0xc1, 0x9e, 0x0c, 0xf0, 0x67, 0x83, 0x3c, 0x19, 0xe0, 0xcf, 0x06, 0x78, 0x33, 0xc1,
    0x9e, 0x0c, 0xf0, 0x67, 0x83, 0x3c, 0x19, 0xe0, 0xcf, 0x06, 0x78, 0x33, 0xc1, 0x9e, 0x0c, 0xf0,
    0x67, 0x83, 0x3c, 0x19, 0xe0, 0xcf, 0x06, 0x78, 0x33, 0xc1, 0x9e, 0x0c, 0xf0, 0x67, 0x83, 0x3c,
    0x19, 0xe0, 0xcf, 0x06, 0x78, 0x33, 0xc1, 0x9e, 0x0c, 0xf0, 0x67, 0x83, 0x3c, 0x19, 0xe0, 0xcf,
    0x06, 0x78, 0x33, 0xc1, 0x9e, 0x0c, 0xf0, 0x67, 0x83, 0x3c, 0x19, 0xe0, 0xcf, 0x06, 0x78, 0x33,
    0xc1, 0x9e, 0x0c, 0xf0, 0x67, 0x83, 0x3c, 0x19, 0xe0, 0xcf, 0x06, 0x78, 0x33, 0xc1, 0x9e, 0x0c,
    0xf0, 0x67, 0x83, 0x3c, 0x19, 0xe0, 0xcf, 0x06, 0x78, 0x33, 0xc1, 0x9e, 0x0c, 0xf0, 0x67, 0x83,
    0x3c, 0x19, 0xe0, 0xcf, 0x06, 0x78, 0x33, 0xc1, 0x9e, 0x0c, 0xf0, 0x67, 0x83, 0x3c, 0x19, 0xe0,
    0xcf, 0x06, 0x78, 0x33, 0xc1, 0x9e, 0x0c, 0xf0, 0x67, 0x83, 0x3c, 0x19, 0xe0, 0xcf, 0x06, 0x78,
    0x33, 0xc1, 0x9e, 0x0c, 0xf0, 0x67, 0x83, 0x3c, 0x19, 0xe0, 0xcf, 0x06, 0x78, 0x33, 0xc1, 0x9e,
    0x0c, 0xf0, 0x67, 0x83, 0x3c, 0x19, 0xe0, 0xcf, 0x06, 0x78, 0x33, 0xc1, 0x9e, 0x0c, 0xf0, 0x67,
    0x83, 0x3c, 0x19, 0xe0, 0xcf, 0x06, 0x78, 0x33, 0xc1, 0x9e, 0x0c, 0xf0, 0x67, 0xc0, 0x20, 0x30,
    0x0b, 0x66, 0xac, 0x35, 0xe0, 0xcf, 0x06, 0x78, 0x33, 0xc1, 0x9e, 0x0c, 0xf0, 0x67, 0x83, 0x3c,
    0x19, 0xe0, 0xcf, 0x06, 0x78, 0x33, 0xc1, 0x9e, 0x0c, 0xf0, 0x67, 0x83, 0x3c, 0x19, 0xe0, 0xcf,
    0x06, 0x78, 0x33, 0xc1, 0x9e, 0x0c, 0xf0, 0x67, 0x83, 0x3c, 0x19, 0xe0, 0xcf, 0x06, 0x78, 0x33,
    0xc1, 0x9e, 0x0c, 0xf0, 0x67, 0x83, 0x3c, 0x19, 0xe0, 0xcf, 0x06, 0x78, 0x33, 0xc1, 0x9e, 0x0c,
    0xf0, 0x67, 0x83, 0x3c, 0x19, 0xe0, 0xcf, 0x06, 0x78, 0x33, 0xc1, 0x9e, 0x0c, 0xf0, 0x67, 0x83,
    0x3c, 0x19, 0xe0, 0xcf, 0x06, 0x78, 0x33, 0xc1, 0x9e, 0x0c, 0xf0, 0x67, 0x83, 0x3c, 0x19, 0xe0,
    0xcf, 0x06, 0x78, 0x33, 0xc1, 0x9e, 0x0c, 0xf0, 0x67, 0x83, 0x3c, 0x19, 0xe0, 0xcf, 0x06, 0x78,
    0x33, 0xc1, 0x9e, 0x0c, 0xf0, 0x67, 0x83, 0x3c, 0x19, 0xe0, 0xcf, 0x06, 0x78, 0x33, 0xc1, 0x9e,
    0x0c, 0xf0, 0x67, 0x83, 0x3c, 0x19, 0xe0, 0xcf, 0x06, 0x78, 0x33, 0xc1, 0x9e, 0x0c, 0xe8, 0x0c,
    0x02, 0xd9, 0xab, 0x0d, 0x78, 0x33, 0xc1, 0x9e, 0x0c, 0xf0, 0x67, 0x83, 0x3c, 0x19, 0xe0, 0xcf,
    0x06, 0x78, 0x33, 0xc1, 0x9e, 0x0c, 0xf0, 0x67, 0x83, 0x3c, 0x19, 0xe0, 0xcf, 0x06, 0x78, 0x33,
    0xc1, 0x9e, 0x0c, 0xf0, 0x67, 0x83, 0x3c, 0x19, 0xe0, 0xcf, 0x06, 0x78, 0x33, 0xc1, 0x9e, 0x0c,
    0xf0, 0x67, 0x83, 0x3c, 0x19, 0xe0, 0xcf, 0x06, 0x78, 0x33, 0xc1, 0x9e, 0x0c, 0xf0, 0x67, 0x83,
    0x3c, 0x19, 0xe0, 0xcf, 0x06, 0x78, 0x33, 0xc1, 0x9e, 0x0c, 0xf0, 0x67, 0x83, 0x3c, 0x19, 0xe0,
    0xcf, 0x06, 0x78, 0x33, 0xc1, 0x9e, 0x0c, 0xf0, 0x67, 0x83, 0x3c, 0x19, 0xe0, 0xcf, 0x06, 0x78,
    0x33, 0xc1, 0x9e, 0x0c, 0xf0, 0x67, 0x83, 0x3c, 0x19, 0xe0, 0xcf, 0x06, 0x78, 0x33, 0xc1, 0x9e,
    0x0c, 0xf0, 0x67, 0x83, 0x3c, 0x19, 0xe0, 0xcf, 0x06, 0x78, 0x33, 0xc1, 0x9e, 0x0c, 0xf0, 0x67,
    0x83, 0x3c, 0x19, 0xe0, 0xcf, 0x06, 0x78, 0x33, 0xc1, 0x9e, 0x0c, 0xf0, 0x67, 0x83, 0x3a, 0x03,
    0x00, 0xb6, 0x6a, 0xc3, 0x5e, 0x0c, 0xf0, 0x67, 0x83, 0x3c, 0x19, 0xe0, 0xcf, 0x06, 0x78, 0x33,
    0xc1, 0x9e, 0x0c, 0xf0, 0x67, 0x83, 0x3c, 0x19, 0xe0, 0xcf, 0x06, 0x78, 0x33, 0xc1, 0x9e, 0x0c,
    0xf0, 0x67, 0x83, 0x3c, 0x19, 0xe0, 0xcf, 0x06, 0x78, 0x33, 0xc1, 0x9e, 0x0c, 0xf0, 0x67, 0x83,
    0x3c, 0x19, 0xe0, 0xcf, 0x06, 0x78, 0x33, 0xc1, 0x9e, 0x0c, 0xf0, 0x67, 0x83, 0x3c, 0x19, 0xe0,
    0xcf, 0x06, 0x78, 0x33, 0xc1, 0x9e, 0x0c, 0xf0, 0x67, 0x83, 0x3c, 0x19, 0xe0, 0xcf, 0x06, 0x78,
    0x33, 0xc1, 0x9e, 0x0c, 0xf0, 0x67, 0x83, 0x3c, 0x19, 0xe0, 0xcf, 0x06, 0x78, 0x33, 0xc1, 0x9e,
    0x0c, 0xf0, 0x67, 0x83, 0x3c, 0x19, 0xe0, 0xcf, 0x06, 0x78, 0x33, 0xc1, 0x9e, 0x0c, 0xf0, 0x67,
    0x83, 0x3c, 0x19, 0xe0, 0xcf, 0x06, 0x78, 0x33, 0xc1, 0x9e, 0x0c, 0xf0, 0x67, 0x83, 0x3c, 0x19,
    0xe0, 0xcf, 0x06, 0x78, 0x33, 0xc1, 0x9e, 0x0c, 0xf0, 0x67, 0x83, 0x3c, 0x19, 0xe0, 0xce, 0x80,
    0xc0, 0x2d, 0x9a, 0xb0, 0xd7, 0x83, 0x3c, 0x19, 0xe0, 0xcf, 0x06, 0x78, 0x33, 0xc1, 0x9e, 0x0c,
    0xf0, 0x67, 0x83, 0x3c, 0x19, 0xe0, 0xcf, 0x06, 0x78, 0x33, 0xc1, 0x9e, 0x0c, 0xf0, 0x67, 0x83,
    0x3c, 0x19, 0xe0, 0xcf, 0x06, 0x78, 0x33, 0xc1, 0x9e, 0x0c, 0xf0, 0x67, 0x83, 0x3c, 0x19, 0xe0,
    0xcf, 0x06, 0x78, 0x33, 0xc1, 0x9e, 0x0c, 0xf0, 0x67, 0x83, 0x3c, 0x19, 0xe0, 0xcf, 0x06, 0x78,
    0x33, 0xc1, 0x9e, 0x0c, 0xf0, 0x67, 0x83, 0x3c, 0x19, 0xe0, 0xcf, 0x06, 0x78, 0x33, 0xc1, 0x9e,
    0x0c, 0xf0, 0x67, 0x83, 0x3c, 0x19, 0xe0, 0xcf, 0x06, 0x78, 0x33, 0xc1, 0x9e, 0x0c, 0xf0, 0x67,
    0x83, 0x3c, 0x19, 0xe0, 0xcf, 0x06, 0x78, 0x33, 0xc1, 0x9e, 0x0c, 0xf0, 0x67, 0x83, 0x3c, 0x19,
    0xe0, 0xcf, 0x06, 0x78, 0x33, 0xc1, 0x9e, 0x0c, 0xf0, 0x67, 0x83, 0x3c, 0x19, 0xe0, 0xcf, 0x06,
    0x78, 0x33, 0xc1, 0x9e, 0x0c, 0xf0, 0x67, 0x83, 0x3c, 0x19, 0xe0, 0xcf, 0x06, 0x78, 0x33, 0xc1,
    0x9e, 0x0c, 0xf0, 0x67, 0x83, 0x3c, 0x19, 0xe0, 0xcf, 0x06, 0x78, 0x33, 0xc1, 0x9e, 0x0c, 0xf0,
    0x67, 0x83, 0x3c, 0x19, 0xe0, 0xcf, 0x06, 0x78, 0x33, 0xc1, 0x9e, 0x0c, 0xf0, 0x67, 0x83, 0x3c,
    0x19, 0xe0, 0xcf, 0x06, 0x78, 0x33, 0xc1, 0x9e, 0x0c, 0xf0, 0x67, 0x83, 0x3c, 0x19, 0xe0, 0xcf,
    0x06, 0x78, 0x33, 0xc1, 0x9e, 0x0c, 0xf0, 0x67, 0x83, 0x3c, 0x19, 0xe0, 0xcf, 0x06, 0x78, 0x33,
    0xc1, 0x9e, 0x0c, 0xf0, 0x67, 0x83, 0x3c, 0x19, 0xe0, 0xcf, 0x06, 0x78, 0x33, 0xc1, 0x9e, 0x0c,
    0xf0, 0x67, 0x83, 0x3c, 0x19, 0xe0, 0xcf, 0x06, 0x78, 0x33, 0xc1, 0x9e, 0x0c, 0xf0, 0x67, 0x83,
    0x3c, 0x19, 0xe0, 0xcf, 0x06, 0x78, 0x33, 0xc1, 0x9e, 0x0c, 0xf0, 0x67, 0x83, 0x3c, 0x19, 0xe0,
    0xcf, 0x06, 0x78, 0x33, 0xc1, 0x9e, 0x0c, 0xf0, 0x67, 0x83, 0x3c, 0x19, 0xe0, 0xcf, 0x06, 0x78,
    0x33, 0xc1, 0x9e, 0x0c, 0xf0, 0x67, 0x83, 0x3c, 0x19, 0xe0, 0xcf, 0x06, 0x78, 0x33, 0xc1, 0x9e,
    0x0c, 0xf0, 0x67, 0x83, 0x3c, 0x19, 0xe0, 0xcf, 0x06, 0x78, 0x33, 0xc1, 0x9e, 0x0c, 0xf0, 0x67,
    0x83, 0x3c, 0x19, 0xe0, 0xcf, 0x06, 0x78, 0x33, 0xc1, 0x9e, 0x0c, 0xf0, 0x67, 0x83, 0x3c, 0x19,
    0xe0, 0xcf, 0x06, 0x78, 0x33, 0xc1, 0x9e, 0x0c, 0xf0, 0x67, 0x83, 0x3c, 0x19, 0xe0, 0xcf, 0x06,
    0x78, 0x33, 0xc1, 0x9e, 0x0c, 0xf0, 0x67, 0x83, 0x3c, 0x19, 0xe0, 0xcf, 0x06, 0x78, 0x33, 0xc1,
    0x9e, 0x0c, 0xf0, 0x67, 0x83, 0x3c, 0x19, 0xe0, 0xcf, 0x06, 0x78, 0x33, 0xc1, 0x9e, 0x0c, 0xf0,
    0x67, 0x83, 0x3c, 0x19, 0xe0, 0xcf, 0x06, 0x78, 0x33, 0xc1, 0x9e, 0x0c, 0xf0, 0x67, 0x83, 0x3c,
    0x19, 0xe0, 0xcf, 0x06, 0x78, 0x33, 0xc1, 0x9e, 0x0c, 0xf0, 0x67, 0x83, 0x3c, 0x19, 0xe0, 0xcf,
    0x06, 0x78, 0x33, 0xc1, 0x9e, 0x0c, 0xf0, 0x67, 0x83, 0x3c, 0x19, 0xe0, 0xcf, 0x06, 0x78, 0x33,
    0xc1, 0x9e, 0x0c, 0xf0, 0x67, 0x83, 0x3c, 0x00, 0x50, 0x18, 0x05, 0xb3, 0x56, 0x1a, 0xf0, 0x67,
    0x83, 0x3c, 0x19, 0xe0, 0xcf, 0x06, 0x78, 0x33, 0xc1, 0x9e, 0x0c, 0xf0, 0x67, 0x83, 0x3c, 0x19,
    0xe0, 0xcf, 0x06, 0x78, 0x33, 0xc1, 0x9e, 0x0c, 0xf0, 0x67, 0x83, 0x3c, 0x19, 0xe0, 0xcf, 0x06,
    0x78, 0x33, 0xc1, 0x9e, 0x0c, 0xf0, 0x67, 0x83, 0x3c, 0x19, 0xe0, 0xcf, 0x06, 0x78, 0x33, 0xc1,
    0x9e, 0x0c, 0xf0, 0x67, 0x83, 0x3c, 0x19, 0xe0, 0xcf, 0x06, 0x78, 0x33, 0xc1, 0x9e, 0x0c, 0xf0,
    0x67, 0x83, 0x3c, 0x19, 0xe0, 0xcf, 0x06, 0x78, 0x33, 0xc1, 0x9e, 0x0c, 0xf0, 0x67, 0x83, 0x3c,
    0x19, 0xe0, 0xcf, 0x06, 0x78, 0x33, 0xc1, 0x9e, 0x0c, 0xf0, 0x67, 0x83, 0x3c, 0x19, 0xe0, 0xcf,
    0x06, 0x78, 0x33, 0xc1, 0x9e, 0x0c, 0xf0, 0x67, 0x83, 0x3c, 0x19, 0xe0, 0xcf, 0x06, 0x78, 0x33,
    0xc1, 0x9e, 0x0c, 0xf0, 0x67, 0x83, 0x3c, 0x19, 0xe0, 0xcf, 0x06, 0x78, 0x33, 0xc1, 0x9e, 0x0c,
    0xf0, 0x67, 0x83, 0x3c, 0x19, 0xe0, 0xcf, 0x06, 0x74, 0x06, 0x01, 0x6c, 0xd5, 0x86, 0xbc, 0x19,
    0xe0, 0xcf, 0x06, 0x78, 0x33, 0xc1, 0x9e, 0x0c, 0xf0, 0x67, 0x83, 0x3c, 0x19, 0xe0, 0xcf, 0x06,
    0x78, 0x33, 0xc1, 0x9e, 0x0c, 0xf0, 0x67, 0x83, 0x3c, 0x19, 0xe0, 0xcf, 0x06, 0x78, 0x33, 0xc1,
    0x9e, 0x0c, 0xf0, 0x67, 0x83, 0x3c, 0x19, 0xe0, 0xcf, 0x06, 0x78, 0x33, 0xc1, 0x9e, 0x0c, 0xf0,
    0x67, 0x83, 0x3c, 0x19, 0xe0, 0xcf, 0x06, 0x78, 0x33, 0xc1, 0x9e, 0x0c, 0xf0, 0x67, 0x83, 0x3c,
    0x19, 0xe0, 0xcf, 0x06, 0x78, 0x33, 0xc1, 0x9e, 0x0c, 0xf0, 0x67, 0x83, 0x3c, 0x19, 0xe0, 0xcf,
    0x06, 0x78, 0x33, 0xc1, 0x9e, 0x0c, 0xf0, 0x67, 0x83, 0x3c, 0x19, 0xe0, 0xcf, 0x06, 0x78, 0x33,
    0xc1, 0x9e, 0x0c, 0xf0, 0x67, 0x83, 0x3c, 0x19, 0xe0, 0xcf, 0x06, 0x78, 0x33, 0xc1, 0x9e, 0x0c,
    0xf0, 0x67, 0x83, 0x3c, 0x19, 0xe0, 0xcf, 0x06, 0x78, 0x33, 0xc1, 0x9e, 0x0c, 0xf0, 0x67, 0x83,
    0x3c, 0x19, 0xe0, 0xcf, 0x06, 0x78, 0x33, 0xc1, 0x9d, 0x01, 0x80, 0x5b, 0x35, 0x61, 0xaf, 0x06,
    0x78, 0x33, 0xc1, 0x9e, 0x0c, 0xf0, 0x67, 0x83, 0x3c, 0x19, 0xe0, 0xcf, 0x06, 0x78, 0x33, 0xc1,
    0x9e, 0x0c, 0xf0, 0x67, 0x83, 0x3c, 0x19, 0xe0, 0xcf, 0x06, 0x78, 0x33, 0xc1, 0x9e, 0x0c, 0xf0,
    0x67, 0x83, 0x3c, 0x19, 0xe0, 0xcf, 0x06, 0x78, 0x33, 0xc1, 0x9e, 0x0c, 0xf0, 0x67, 0x83, 0x3c,
    0x19, 0xe0, 0xcf, 0x06, 0x78, 0x33, 0xc1, 0x9e, 0x0c, 0xf0, 0x67, 0x83, 0x3c, 0x19, 0xe0, 0xcf,
    0x06, 0x78, 0x33, 0xc1, 0x9e, 0x0c, 0xf0, 0x67, 0x83, 0x3c, 0x19, 0xe0, 0xcf, 0x06, 0x78, 0x33,
    0xc1, 0x9e, 0x0c, 0xf0, 0x67, 0x83, 0x3c, 0x19, 0xe0, 0xcf, 0x06, 0x78, 0x33, 0xc1, 0x9e, 0x0c,
    0xf0, 0x67, 0x83, 0x3c, 0x19, 0xe0, 0xcf, 0x06, 0x78, 0x33, 0xc1, 0x9e, 0x0c, 0xf0, 0x67, 0x83,
    0x3c, 0x19, 0xe0, 0xcf, 0x06, 0x78, 0x33, 0xc1, 0x9e, 0x0c, 0xf0, 0x67, 0x83, 0x3c, 0x19, 0xe0,
    0xcf, 0x06, 0x78, 0x33, 0xc1, 0x9e, 0x0c, 0xf0, 0x67, 0x40, 0x60, 0x16, 0xcd, 0x58, 0x6b, 0xc1,
    0x9e, 0x0c, 0xf0, 0x67, 0x83, 0x3c, 0x19, 0xe0, 0xcf, 0x06, 0x78, 0x33, 0xc1, 0x9e, 0x0c, 0xf0,
    0x67, 0x83, 0x3c, 0x19, 0xe0, 0xcf, 0x06, 0x78, 0x33, 0xc1, 0x9e, 0x0c, 0xf0, 0x67, 0x83, 0x3c,
    0x19, 0xe0, 0xcf, 0x06, 0x78, 0x33, 0xc1, 0x9e, 0x0c, 0xf0, 0x67, 0x83, 0x3c, 0x19, 0xe0, 0xcf,
    0x06, 0x78, 0x33, 0xc1, 0x9e, 0x0c, 0xf0, 0x67, 0x83, 0x3c, 0x19, 0xe0, 0xcf, 0x06, 0x78, 0x33,
    0xc1, 0x9e, 0x0c, 0xf0, 0x67, 0x83, 0x3c, 0x19, 0xe0, 0xcf, 0x06, 0x78, 0x33, 0xc1, 0x9e, 0x0c,
    0xf0, 0x67, 0x83, 0x3c, 0x19, 0xe0, 0xcf, 0x06, 0x78, 0x33, 0xc1, 0x9e, 0x0c, 0xf0, 0x67, 0x83,
    0x3c, 0x19, 0xe0, 0xcf, 0x06, 0x78, 0x33, 0xc1, 0x9e, 0x0c, 0xf0, 0x67, 0x83, 0x3c, 0x19, 0xe0,
    0xcf, 0x06, 0x78, 0x33, 0xc1, 0x9e, 0x0c, 0xf0, 0x67, 0x83, 0x3c, 0x19, 0xe0, 0xcf, 0x06, 0x78,
    0x33, 0xc1, 0x9e, 0x0c, 0xf0, 0x67, 0x83, 0x3c, 0x19, 0xe0, 0xcf, 0x06, 0x78, 0x33, 0xc1, 0x9e,
    0x0c, 0xf0, 0x67, 0x83, 0x3c, 0x19, 0xe0, 0xcf, 0x06, 0x78, 0x33, 0xc1, 0x9e, 0x0c, 0xf0, 0x67,
    0x83, 0x3c, 0x19, 0xe0, 0xcf, 0x06, 0x78, 0x33, 0xc1, 0x9e, 0x0c, 0xf0, 0x67, 0x83, 0x3c, 0x19,
    0xe0, 0xcf, 0x06, 0x78, 0x33, 0xc1, 0x9e, 0x0c, 0xf0, 0x67, 0x83, 0x3c, 0x19, 0xe0, 0xcf, 0x06,
    0x78, 0x33, 0xc1, 0x9e, 0x0c, 0xf0, 0x67, 0x83, 0x3c, 0x19, 0xe0, 0xcf, 0x06, 0x78, 0x33, 0xc1,
    0x9e, 0x0c, 0xf0, 0x67, 0x83, 0x3c, 0x19, 0xe0, 0xcf, 0x06, 0x78, 0x33, 0xc1, 0x9e, 0x0c, 0xf0,
    0x67, 0x83, 0x3c, 0x19, 0xe0, 0xcf, 0x06, 0x78, 0x33, 0xc1, 0x9e, 0x0c, 0xf0, 0x67, 0x83, 0x3c,
    0x19, 0xe0, 0xcf, 0x06, 0x78, 0x33, 0xc1, 0x9e, 0x0c, 0xf0, 0x67, 0x83, 0x3c, 0x19, 0xe0, 0xcf,
    0x06, 0x78, 0x33, 0xc1, 0x9e, 0x0c, 0xf0, 0x67, 0x83, 0x3c, 0x19, 0xe0, 0xcf, 0x06, 0x78, 0x33,
    0xc1, 0x9e, 0x0c, 0xf0, 0x67, 0xc0, 0x20, 0x30, 0x0b, 0x66, 0xac, 0x35, 0xe0, 0xcf, 0x06, 0x78,
    0x33, 0xc1, 0x9e, 0x0c, 0xf0, 0x67, 0x83, 0x3c, 0x19, 0xe0, 0xcf, 0x06, 0x78, 0x33, 0xc1, 0x9e,
    0x0c, 0xf0, 0x67, 0x83, 0x3c, 0x19, 0xe0, 0xcf, 0x06, 0x78, 0x33, 0xc1, 0x9e, 0x0c, 0xf0, 0x67,
    0x83, 0x3c, 0x19, 0xe0, 0xcf, 0x06, 0x78, 0x33, 0xc1, 0x9e, 0x0c, 0xf0, 0x67, 0x83, 0x3c, 0x19,
    0xe0, 0xcf, 0x06, 0x78, 0x33, 0xc1, 0x9e, 0x0c, 0xf0, 0x67, 0x83, 0x3c, 0x19, 0xe0, 0xcf, 0x06,
    0x78, 0x33, 0xc1, 0x9e, 0x0c, 0xf0, 0x67, 0x83, 0x3c, 0x19, 0xe0, 0xcf, 0x06, 0x78, 0x33, 0xc1,
    0x9e, 0x0c, 0xf0, 0x67, 0x83, 0x3c, 0x19, 0xe0, 0xcf, 0x06, 0x78, 0x33, 0xc1, 0x9e, 0x0c, 0xf0,
    0x67, 0x83, 0x3c, 0x19, 0xe0, 0xcf, 0x06, 0x78, 0x33, 0xc1, 0x9e, 0x0c, 0xf0, 0x67, 0x83, 0x3c,
    0x19, 0xe0, 0xcf, 0x06, 0x78, 0x33, 0xc1, 0x9e, 0x0c, 0xf0, 0x67, 0x83, 0x3c, 0x19, 0xe0, 0xcf,
    0x06, 0x78, 0x33, 0xc1, 0x9e, 0x0c, 0xe8, 0x0c, 0x02, 0xd9, 0xab, 0x0d, 0x78, 0x33, 0xc1, 0x9e,
    0x0c, 0xf0, 0x67, 0x83, 0x3c, 0x19, 0xe0, 0xcf, 0x06, 0x78, 0x33, 0xc1, 0x9e, 0x0c, 0xf0, 0x67,
    0x83, 0x3c, 0x19, 0xe0, 0xcf, 0x06, 0x78, 0x33, 0xc1, 0x9e, 0x0c, 0xf0, 0x67, 0x83, 0x3c, 0x19,
    0xe0, 0xcf, 0x06, 0x78, 0x33, 0xc1, 0x9e, 0x0c, 0xf0, 0x67, 0x83, 0x3c, 0x19, 0xe0, 0xcf, 0x06,
    0x78, 0x33, 0xc1, 0x9e, 0x0c, 0xf0, 0x67, 0x83, 0x3c, 0x19, 0xe0, 0xcf, 0x06, 0x78, 0x33, 0xc1,
    0x9e, 0x0c, 0xf0, 0x67, 0x83, 0x3c, 0x19, 0xe0, 0xcf, 0x06, 0x78, 0x33, 0xc1, 0x9e, 0x0c, 0xf0,
    0x67, 0x83, 0x3c, 0x19, 0xe0, 0xcf, 0x06, 0x78, 0x33, 0xc1, 0x9e, 0x0c, 0xf0, 0x67, 0x83, 0x3c,
    0x19, 0xe0, 0xcf, 0x06, 0x78, 0x33, 0xc1, 0x9e, 0x0c, 0xf0, 0x67, 0x83, 0x3c, 0x19, 0xe0, 0xcf,
    0x06, 0x78, 0x33, 0xc1, 0x9e, 0x0c, 0xf0, 0x67, 0x83, 0x3c, 0x19, 0xe0, 0xcf, 0x06, 0x78, 0x33,
    0xc1, 0x9e, 0x0c, 0xf0, 0x67, 0x83, 0x3a, 0x03, 0x00, 0xb6, 0x6a, 0xc3, 0x5e, 0x0c, 0xf0, 0x67,
    0x83, 0x3c, 0x19, 0xe0, 0xcf, 0x06, 0x78, 0x33, 0xc1, 0x9e, 0x0c, 0xf0, 0x67, 0x83, 0x3c, 0x19,
    0xe0, 0xcf, 0x06, 0x78, 0x33, 0xc1, 0x9e, 0x0c, 0xf0, 0x67, 0x83, 0x3c, 0x19, 0xe0, 0xcf, 0x06,
    0x78, 0x33, 0xc1, 0x9e, 0x0c, 0xf0, 0x67, 0x83, 0x3c, 0x19, 0xe0, 0xcf, 0x06, 0x78, 0x33, 0xc1,
    0x9e, 0x0c, 0xf0, 0x67, 0x83, 0x3c, 0x19, 0xe0, 0xcf, 0x06, 0x78, 0x33, 0xc1, 0x9e, 0x0c, 0xf0,
    0x67, 0x83, 0x3c, 0x19, 0xe0, 0xcf, 0x06, 0x78, 0x33, 0xc1, 0x9e, 0x0c, 0xf0, 0x67, 0x83, 0x3c,
    0x19, 0xe0, 0xcf, 0x06, 0x78, 0x33, 0xc1, 0x9e, 0x0c, 0xf0, 0x67, 0x83, 0x3c, 0x19, 0xe0, 0xcf,
    0x06, 0x78, 0x33, 0xc1, 0x9e, 0x0c, 0xf0, 0x67, 0x83, 0x3c, 0x19, 0xe0, 0xcf, 0x06, 0x78, 0x33,
    0xc1, 0x9e, 0x0c, 0xf0, 0x67, 0x83, 0x3c, 0x19, 0xe0, 0xcf, 0x06, 0x78, 0x33, 0xc1, 0x9e, 0x0c,
    0xf0, 0x67, 0x83, 0x3c, 0x19, 0xe0, 0xce, 0x80, 0xc0, 0x2d, 0x9a, 0xb0, 0xd7, 0x83, 0x3c, 0x19,
    0xe0, 0xcf, 0x06, 0x78, 0x33, 0xc1, 0x9e, 0x0c, 0xf0, 0x67, 0x83, 0x3c, 0x19, 0xe0, 0xcf, 0x06,
    0x78, 0x33, 0xc1, 0x9e, 0x0c, 0xf0, 0x67, 0x83, 0x3c, 0x19, 0xe0, 0xcf, 0x06, 0x78, 0x33, 0xc1,
    0x9e, 0x0c, 0xf0, 0x67, 0x83, 0x3c, 0x19, 0xe0, 0xcf, 0x06, 0x78, 0x33, 0xc1, 0x9e, 0x0c, 0xf0,
    0x67, 0x83, 0x3c, 0x19, 0xe0, 0xcf, 0x06, 0x78, 0x33, 0xc1, 0x9e, 0x0c, 0xf0, 0x67, 0x83, 0x3c,
    0x19, 0xe0, 0xcf, 0x06, 0x78, 0x33, 0xc1, 0x9e, 0x0c, 0xf0, 0x67, 0x83, 0x3c, 0x19, 0xe0, 0xcf,
    0x06, 0x78, 0x33, 0xc1, 0x9e, 0x0c, 0xf0, 0x67, 0x83, 0x3c, 0x19, 0xe0, 0xcf, 0x06, 0x78, 0x33,
    0xc1, 0x9e, 0x0c, 0xf0, 0x67, 0x83, 0x3c, 0x19, 0xe0, 0xcf, 0x06, 0x78, 0x33, 0xc1, 0x9e, 0x0c,
    0xf0, 0x67, 0x83, 0x3c, 0x19, 0xe0, 0xcf, 0x06, 0x78, 0x33, 0xc1, 0x9e, 0x0c, 0xf0, 0x67, 0x83,
    0x3c, 0x19, 0xe0, 0xcf, 0x06, 0x78, 0x33, 0xa0, 0x30, 0x0b, 0x66, 0xac, 0x35, 0xe0, 0xcf, 0x06,
    0x78, 0x33, 0xc1, 0x9e, 0x0c, 0xf0, 0x67, 0x83, 0x3c, 0x19, 0xe0, 0xcf, 0x06, 0x78, 0x33, 0xc1,
    0x9e, 0x0c, 0xf0, 0x67, 0x83, 0x3c, 0x19, 0xe0, 0xcf, 0x06, 0x78, 0x33, 0xc1, 0x9e, 0x0c, 0xf0,
    0x67, 0x83, 0x3c, 0x19, 0xe0, 0xcf, 0x06, 0x78, 0x33, 0xc1, 0x9e, 0x0c, 0xf0, 0x67, 0x83, 0x3c,
    0x19, 0xe0, 0xcf, 0x06, 0x78, 0x33, 0xc1, 0x9e, 0x0c, 0xf0, 0x67, 0x83, 0x3c, 0x19, 0xe0, 0xcf,
    0x06, 0x78, 0x33, 0xc1, 0x9e, 0x0c, 0xf0, 0x67, 0x83, 0x3c, 0x19, 0xe0, 0xcf, 0x06, 0x78, 0x33,
    0xc1, 0x9e, 0x0c, 0xf0, 0x67, 0x83, 0x3c, 0x19, 0xe0, 0xcf, 0x06, 0x78, 0x33, 0xc1, 0x9e, 0x0c,
    0xf0, 0x67, 0x83, 0x3c, 0x19, 0xe0, 0xcf, 0x06, 0x78, 0x33, 0xc1, 0x9e, 0x0c, 0xf0, 0x67, 0x83,
    0x3c, 0x19, 0xe0, 0xcf, 0x06, 0x78, 0x33, 0xc1, 0x9e, 0x0c, 0xf0, 0x67, 0x83, 0x3c, 0x19, 0xe0,
    0xcf, 0x06, 0x78, 0x33, 0xc1, 0x9e, 0x0c, 0xe8, 0x0c, 0x02, 0xd9, 0xab, 0x0d, 0x78, 0x33, 0xc1,
    0x9e, 0x0c, 0xf0, 0x67, 0x83, 0x3c, 0x19, 0xe0, 0xcf, 0x06, 0x78, 0x33, 0xc1, 0x9e, 0x0c, 0xf0,
    0x67, 0x83, 0x3c, 0x19, 0xe0, 0xcf, 0x06, 0x78, 0x33, 0xc1, 0x9e, 0x0c, 0xf0, 0x67, 0x83, 0x3c,
    0x19, 0xe0, 0xcf, 0x06, 0x78, 0x33, 0xc1, 0x9e, 0x0c, 0xf0, 0x67, 0x83, 0x3c, 0x19, 0xe0, 0xcf,
    0x06, 0x78, 0x33, 0xc1, 0x9e, 0x0c, 0xf0, 0x67, 0x83, 0x3c, 0x19, 0xe0, 0xcf, 0x06, 0x78, 0x33,
    0xc1, 0x9e, 0x0c, 0xf0, 0x67, 0x83, 0x3c, 0x19, 0xe0, 0xcf, 0x06, 0x78, 0x33, 0xc1, 0x9e, 0x0c,
    0xf0, 0x67, 0x83, 0x3c, 0x19, 0xe0, 0xcf, 0x06, 0x78, 0x33, 0xc1, 0x9e, 0x0c, 0xf0, 0x67, 0x83,
    0x3c, 0x19, 0xe0, 0xcf, 0x06, 0x78, 0x33, 0xc1, 0x9e, 0x0c, 0xf0, 0x67, 0x83, 0x3c, 0x19, 0xe0,
    0xcf, 0x06, 0x78, 0x33, 0xc1, 0x9e, 0x0c, 0xf0, 0x67, 0x83, 0x3c, 0x19, 0xe0, 0xcf, 0x06, 0x78,
    0x33, 0xc1, 0x9e, 0x0c, 0xf0, 0x67, 0x83, 0x3a, 0x03, 0x00, 0xb6, 0x6a, 0xc3, 0x5e, 0x0c, 0xf0,
    0x67, 0x83, 0x3c, 0x19, 0xe0, 0xcf, 0x06, 0x78, 0x33, 0xc1, 0x9e, 0x0c, 0xf0, 0x67, 0x83, 0x3c,
    0x19, 0xe0, 0xcf, 0x06, 0x78, 0x33, 0xc1, 0x9e, 0x0c, 0xf0, 0x67, 0x83, 0x3c, 0x19, 0xe0, 0xcf,
    0x06, 0x78, 0x33, 0xc1, 0x9e, 0x0c, 0xf0, 0x67, 0x83, 0x3c, 0x19, 0xe0, 0xcf, 0x06, 0x78, 0x33,
    0xc1, 0x9e, 0x0c, 0xf0, 0x67, 0x83, 0x3c, 0x19, 0xe0, 0xcf, 0x06, 0x78, 0x33, 0xc1, 0x9e, 0x0c,
    0xf0, 0x67, 0x83, 0x3c, 0x19, 0xe0, 0xcf, 0x06, 0x78, 0x33, 0xc1, 0x9e, 0x0c, 0xf0, 0x67, 0x83,
    0x3c, 0x19, 0xe0, 0xcf, 0x06, 0x78, 0x33, 0xc1, 0x9e, 0x0c, 0xf0, 0x67, 0x83, 0x3c, 0x19, 0xe0,
    0xcf, 0x06, 0x78, 0x33, 0xc1, 0x9e, 0x0c, 0xf0, 0x67, 0x83, 0x3c, 0x19, 0xe0, 0xcf, 0x06, 0x78,
    0x33, 0xc1, 0x9e, 0x0c, 0xf0, 0x67, 0x83, 0x3c, 0x19, 0xe0, 0xcf, 0x06, 0x78, 0x33, 0xc1, 0x9e,
    0x0c, 0xf0, 0x67, 0x83, 0x3c, 0x19, 0xe0, 0xce, 0x80, 0xc0, 0x2d, 0x9a, 0xb0, 0xd7, 0x83, 0x3c,
    0x19, 0xe0, 0xcf, 0x06, 0x78, 0x33, 0xc1, 0x9e, 0x0c, 0xf0, 0x67, 0x83, 0x3c, 0x19, 0xe0, 0xcf,
    0x06, 0x78, 0x33, 0xc1, 0x9e, 0x0c, 0xf0, 0x67, 0x83, 0x3c, 0x19, 0xe0, 0xcf, 0x06, 0x78, 0x33,
    0xc1, 0x9e, 0x0c, 0xf0, 0x67, 0x83, 0x3c, 0x19, 0xe0, 0xcf, 0x06, 0x78, 0x33, 0xc1, 0x9e, 0x0c,
    0xf0, 0x67, 0x83, 0x3c, 0x19, 0xe0, 0xcf, 0x06, 0x78, 0x33, 0xc1, 0x9e, 0x0c, 0xf0, 0x67, 0x83,
    0x3c, 0x19, 0xe0, 0xcf, 0x06, 0x78, 0x33, 0xc1, 0x9e, 0x0c, 0xf0, 0x67, 0x83, 0x3c, 0x19, 0xe0,
    0xcf, 0x06, 0x78, 0x33, 0xc1, 0x9e, 0x0c, 0xf0, 0x67, 0x83, 0x3c, 0x19, 0xe0, 0xcf, 0x06, 0x78,
    0x33, 0xc1, 0x9e, 0x0c, 0xf0, 0x67, 0x83, 0x3c, 0x19, 0xe0, 0xcf, 0x06, 0x78, 0x33, 0xc1, 0x9e,
    0x0c, 0xf0, 0x67, 0x83, 0x3c, 0x19, 0xe0, 0xcf, 0x06, 0x78, 0x33, 0xc1, 0x9e, 0x0c, 0xf0, 0x67,
    0x83, 0x3c, 0x19, 0xe0, 0xcf, 0x06, 0x78, 0x33, 0xc1, 0x9e, 0x0c, 0xf0, 0x67, 0x83, 0x3c, 0x19,
    0xe0, 0xcf, 0x06, 0x78, 0x33, 0xc1, 0x9e, 0x0c, 0xf0, 0x67, 0x83, 0x3c, 0x19, 0xe0, 0xcf, 0x06,
    0x78, 0x33, 0xc1, 0x9e, 0x0c, 0xf0, 0x67, 0x83, 0x3c, 0x19, 0xe0, 0xcf, 0x06, 0x78, 0x33, 0xc1,
    0x9e, 0x0c, 0xf0, 0x67, 0x83, 0x3c, 0x19, 0xe0, 0xcf, 0x06, 0x78, 0x33, 0xc1, 0x9e, 0x0c, 0xf0,
    0x67, 0x83, 0x3c, 0x19, 0xe0, 0xcf, 0x06, 0x78, 0x33, 0xc1, 0x9e, 0x0c, 0xf0, 0x67, 0x83, 0x3c,
    0x19, 0xe0, 0xcf, 0x06, 0x78, 0x33, 0xc1, 0x9e, 0x0c, 0xf0, 0x67, 0x83, 0x3c, 0x19, 0xe0, 0xcf,
    0x06, 0x78, 0x33, 0xc1, 0x9e, 0x0c, 0xf0, 0x67, 0x83, 0x3c, 0x19, 0xe0, 0xcf, 0x06, 0x78, 0x33,
    0xc1, 0x9e, 0x0c, 0xf0, 0x67, 0x83, 0x3c, 0x19, 0xe0, 0xcf, 0x06, 0x78, 0x33, 0xc1, 0x9e, 0x0c,
    0xf0, 0x67, 0x83, 0x3c, 0x19, 0xe0, 0xcf, 0x06, 0x78, 0x33, 0xc1, 0x9e, 0x0c, 0xf0, 0x67, 0x83,
    0x3c, 0x19, 0xe0, 0xcf, 0x80, 0x40, 0x60, 0x16, 0xcd, 0x58, 0x6b, 0xc1, 0x9e, 0x0c, 0xf0, 0x67,
    0x83, 0x3c, 0x19, 0xe0, 0xcf, 0x06, 0x78, 0x33, 0xc1, 0x9e, 0x0c, 0xf0, 0x67, 0x83, 0x3c, 0x19,
    0xe0, 0xcf, 0x06, 0x78, 0x33, 0xc1, 0x9e, 0x0c, 0xf0, 0x67, 0x83, 0x3c, 0x19, 0xe0, 0xcf, 0x06,
    0x78, 0x33, 0xc1, 0x9e, 0x0c, 0xf0, 0x67, 0x83, 0x3c, 0x19, 0xe0, 0xcf, 0x06, 0x78, 0x33, 0xc1,
    0x9e, 0x0c, 0xf0, 0x67, 0x83, 0x3c, 0x19, 0xe0, 0xcf, 0x06, 0x78, 0x33, 0xc1, 0x9e, 0x0c, 0xf0,
    0x67, 0x83, 0x3c, 0x19, 0xe0, 0xcf, 0x06, 0x78, 0x33, 0xc1, 0x9e, 0x0c, 0xf0, 0x67, 0x83, 0x3c,
    0x19, 0xe0, 0xcf, 0x06, 0x78, 0x33, 0xc1, 0x9e, 0x0c, 0xf0, 0x67, 0x83, 0x3c, 0x19, 0xe0, 0xcf,
    0x06, 0x78, 0x33, 0xc1, 0x9e, 0x0c, 0xf0, 0x67, 0x83, 0x3c, 0x19, 0xe0, 0xcf, 0x06, 0x78, 0x33,
    0xc1, 0x9e, 0x0c, 0xf0, 0x67, 0x83, 0x3c, 0x19, 0xe0, 0xcf, 0x06, 0x78, 0x33, 0xc1, 0x9e, 0x0c,
    0xf0, 0x67, 0x83, 0x3c, 0x19, 0xd0, 0x18, 0x05, 0xb3, 0x56, 0x1a, 0xf0, 0x67, 0x83, 0x3c, 0x19,
    0xe0, 0xcf, 0x06, 0x78, 0x33, 0xc1, 0x9e, 0x0c, 0xf0, 0x67, 0x83, 0x3c, 0x19, 0xe0, 0xcf, 0x06,
    0x78, 0x33, 0xc1, 0x9e, 0x0c, 0xf0, 0x67, 0x83, 0x3c, 0x19, 0xe0, 0xcf, 0x06, 0x78, 0x33, 0xc1,
    0x9e, 0x0c, 0xf0, 0x67, 0x83, 0x3c, 0x19, 0xe0, 0xcf, 0x06, 0x78, 0x33, 0xc1, 0x9e, 0x0c, 0xf0,
    0x67, 0x83, 0x3c, 0x19, 0xe0, 0xcf, 0x06, 0x78, 0x33, 0xc1, 0x9e, 0x0c, 0xf0, 0x67, 0x83, 0x3c,
    0x19, 0xe0, 0xcf, 0x06, 0x78, 0x33, 0xc1, 0x9e, 0x0c, 0xf0, 0x67, 0x83, 0x3c, 0x19, 0xe0, 0xcf,
    0x06, 0x78, 0x33, 0xc1, 0x9e, 0x0c, 0xf0, 0x67, 0x83, 0x3c, 0x19, 0xe0, 0xcf, 0x06, 0x78, 0x33,
    0xc1, 0x9e, 0x0c, 0xf0, 0x67, 0x83, 0x3c, 0x19, 0xe0, 0xcf, 0x06, 0x78, 0x33, 0xc1, 0x9e, 0x0c,
    0xf0, 0x67, 0x83, 0x3c, 0x19, 0xe0, 0xcf, 0x06, 0x78, 0x33, 0xc1, 0x9e, 0x0c, 0xf0, 0x67, 0x83,
    0x3c, 0x19, 0xe0, 0xcf, 0x06, 0x74, 0x06, 0x01, 0x6c, 0xd5, 0x86, 0xbc, 0x19, 0xe0, 0xcf, 0x06,
    0x78, 0x33, 0xc1, 0x9e, 0x0c, 0xf0, 0x67, 0x83, 0x3c, 0x19, 0xe0, 0xcf, 0x06, 0x78, 0x33, 0xc1,
    0x9e, 0x0c, 0xf0, 0x67, 0x83, 0x3c, 0x19, 0xe0, 0xcf, 0x06, 0x78, 0x33, 0xc1, 0x9e, 0x0c, 0xf0,
    0x67, 0x83, 0x3c, 0x19, 0xe0, 0xcf, 0x06, 0x78, 0x33, 0xc1, 0x9e, 0x0c, 0xf0, 0x67, 0x83, 0x3c,
    0x19, 0xe0, 0xcf, 0x06, 0x78, 0x33, 0xc1, 0x9e, 0x0c, 0xf0, 0x67, 0x83, 0x3c, 0x19, 0xe0, 0xcf,
    0x06, 0x78, 0x33, 0xc1, 0x9e, 0x0c, 0xf0, 0x67, 0x83, 0x3c, 0x19, 0xe0, 0xcf, 0x06, 0x78, 0x33,
    0xc1, 0x9e, 0x0c, 0xf0, 0x67, 0x83, 0x3c, 0x19, 0xe0, 0xcf, 0x06, 0x78, 0x33, 0xc1, 0x9e, 0x0c,
    0xf0, 0x67, 0x83, 0x3c, 0x19, 0xe0, 0xcf, 0x06, 0x78, 0x33, 0xc1, 0x9e, 0x0c, 0xf0, 0x67, 0x83,
    0x3c, 0x19, 0xe0, 0xcf, 0x06, 0x78, 0x33, 0xc1, 0x9e, 0x0c, 0xf0, 0x67, 0x83, 0x3c, 0x19, 0xe0,
    0xcf, 0x06, 0x78, 0x33, 0xc1, 0x9d, 0x01, 0x80, 0x5b, 0x35, 0x61, 0xaf, 0x06, 0x78, 0x33, 0xc1,
    0x9e, 0x0c, 0xf0, 0x67, 0x83, 0x3c, 0x19, 0xe0, 0xcf, 0x06, 0x78, 0x33, 0xc1, 0x9e, 0x0c, 0xf0,
    0x67, 0x83, 0x3c, 0x19, 0xe0, 0xcf, 0x06, 0x78, 0x33, 0xc1, 0x9e, 0x0c, 0xf0, 0x67, 0x83, 0x3c,
    0x19, 0xe0, 0xcf, 0x06, 0x78, 0x33, 0xc1, 0x9e, 0x0c, 0xf0, 0x67, 0x83, 0x3c, 0x19, 0xe0, 0xcf,
    0x06, 0x78, 0x33, 0xc1, 0x9e, 0x0c, 0xf0, 0x67, 0x83, 0x3c, 0x19, 0xe0, 0xcf, 0x06, 0x78, 0x33,
    0xc1, 0x9e, 0x0c, 0xf0, 0x67, 0x83, 0x3c, 0x19, 0xe0, 0xcf, 0x06, 0x78, 0x33, 0xc1, 0x9e, 0x0c,
    0xf0, 0x67, 0x83, 0x3c, 0x19, 0xe0, 0xcf, 0x06, 0x78, 0x33, 0xc1, 0x9e, 0x0c, 0xf0, 0x67, 0x83,
    0x3c, 0x19, 0xe0, 0xcf, 0x06, 0x78, 0x33, 0xc1, 0x9e, 0x0c, 0xf0, 0x67, 0x83, 0x3c, 0x19, 0xe0,
    0xcf, 0x06, 0x78, 0x33, 0xc1, 0x9e, 0x0c, 0xf0, 0x67, 0x83, 0x3c, 0x19, 0xe0, 0xcf, 0x06, 0x78,
    0x33, 0xc1, 0x9e, 0x0c, 0xf0, 0x67, 0x40, 0x60, 0x16, 0xcd, 0x58, 0x6b, 0xc1, 0x9e, 0x0c, 0xf0,
    0x67, 0x83, 0x3c, 0x19, 0xe0, 0xcf, 0x06, 0x78, 0x33, 0xc1, 0x9e, 0x0c, 0xf0, 0x67, 0x83, 0x3c,
    0x19, 0xe0, 0xcf, 0x06, 0x78, 0x33, 0xc1, 0x9e, 0x0c, 0xf0, 0x67, 0x83, 0x3c, 0x19, 0xe0, 0xcf,
    0x06, 0x78, 0x33, 0xc1, 0x9e, 0x0c, 0xf0, 0x67, 0x83, 0x3c, 0x19, 0xe0, 0xcf, 0x06, 0x78, 0x33,
    0xc1, 0x9e, 0x0c, 0xf0, 0x67, 0x83, 0x3c, 0x19, 0xe0, 0xcf, 0x06, 0x78, 0x33, 0xc1, 0x9e, 0x0c,
    0xf0, 0x67, 0x83, 0x3c, 0x19, 0xe0, 0xcf, 0x06, 0x78, 0x33, 0xc1, 0x9e, 0x0c, 0xf0, 0x67, 0x83,
    0x3c, 0x19, 0xe0, 0xcf, 0x06, 0x78, 0x33, 0xc1, 0x9e, 0x0c, 0xf0, 0x67, 0x83, 0x3c, 0x19, 0xe0,
    0xcf, 0x06, 0x78, 0x33, 0xc1, 0x9e, 0x0c, 0xf0, 0x67, 0x83, 0x3c, 0x19, 0xe0, 0xcf, 0x06, 0x78,
    0x33, 0xc1, 0x9e, 0x0c, 0xf0, 0x67, 0x83, 0x3c, 0x19, 0xe0, 0xcf, 0x06, 0x78, 0x33, 0xc1, 0x9e,
    0x0c, 0xf0, 0x67, 0x83, 0x3c, 0x19, 0xd0, 0x18, 0x05, 0xb3, 0x56, 0x1a, 0xf0, 0x67, 0x83, 0x3c,
    0x19, 0xe0, 0xcf, 0x06, 0x78, 0x33, 0xc1, 0x9e, 0x0c, 0xf0, 0x67, 0x83, 0x3c, 0x19, 0xe0, 0xcf,
    0x06, 0x78, 0x33, 0xc1, 0x9e, 0x0c, 0xf0, 0x67, 0x83, 0x3c, 0x19, 0xe0, 0xcf, 0x06, 0x78, 0x33,
    0xc1, 0x9e, 0x0c, 0xf0, 0x67, 0x83, 0x3c, 0x19, 0xe0, 0xcf, 0x06, 0x78, 0x33, 0xc1, 0x9e, 0x0c,
    0xf0, 0x67, 0x83, 0x3c, 0x19, 0xe0, 0xcf, 0x06, 0x78, 0x33, 0xc1, 0x9e, 0x0c, 0xf0, 0x67, 0x83,
    0x3c, 0x19, 0xe0, 0xcf, 0x06, 0x78, 0x33, 0xc1, 0x9e, 0x0c, 0xf0, 0x67, 0x83, 0x3c, 0x19, 0xe0,
    0xcf, 0x06, 0x78, 0x33, 0xc1, 0x9e, 0x0c, 0xf0, 0x67, 0x83, 0x3c, 0x19, 0xe0, 0xcf, 0x06, 0x78,
    0x33, 0xc1, 0x9e, 0x0c, 0xf0, 0x67, 0x83, 0x3c, 0x19, 0xe0, 0xcf, 0x06, 0x78, 0x33, 0xc1, 0x9e,
    0x0c, 0xf0, 0x67, 0x83, 0x3c, 0x19, 0xe0, 0xcf, 0x06, 0x78, 0x33, 0xc1, 0x9e, 0x0c, 0xf0, 0x67,
    0x83, 0x3c, 0x19, 0xe0, 0xcf, 0x06, 0x74, 0x06, 0x01, 0x6c, 0xd5, 0x86, 0xbc, 0x19, 0xe0, 0xcf,
    0x06, 0x78, 0x33, 0xc1, 0x9e, 0x0c, 0xf0, 0x67, 0x83, 0x3c, 0x19, 0xe0, 0xcf, 0x06, 0x78, 0x33,
    0xc1, 0x9e, 0x0c, 0xf0, 0x67, 0x83, 0x3c, 0x19, 0xe0, 0xcf, 0x06, 0x78, 0x33, 0xc1, 0x9e, 0x0c,
    0xf0, 0x67, 0x83, 0x3c, 0x19, 0xe0, 0xcf, 0x06, 0x78, 0x33, 0xc1, 0x9e, 0x0c, 0xf0, 0x67, 0x83,
    0x3c, 0x19, 0xe0, 0xcf, 0x06, 0x78, 0x33, 0xc1, 0x9e, 0x0c, 0xf0, 0x67, 0x83, 0x3c, 0x19, 0xe0,
    0xcf, 0x06, 0x78, 0x33, 0xc1, 0x9e, 0x0c, 0xf0, 0x67, 0x83, 0x3c, 0x19, 0xe0, 0xcf, 0x06, 0x78,
    0x33, 0xc1, 0x9e, 0x0c, 0xf0, 0x67, 0x83, 0x3c, 0x19, 0xe0, 0xcf, 0x06, 0x78, 0x33, 0xc1, 0x9e,
    0x0c, 0xf0, 0x67, 0x83, 0x3c, 0x19, 0xe0, 0xcf, 0x06, 0x78, 0x33, 0xc1, 0x9e, 0x0c, 0xf0, 0x67,
    0x83, 0x3c, 0x19, 0xe0, 0xcf, 0x06, 0x78, 0x33, 0xc1, 0x9e, 0x0c, 0xf0, 0x67, 0x83, 0x3c, 0x19,
    0xe0, 0xcf, 0x06, 0x78, 0x33, 0xc1, 0x9d, 0x01, 0x80, 0x5b, 0x35, 0x61, 0xaf, 0x06, 0x78, 0x33,
    0xc1, 0x9e, 0x0c, 0xf0, 0x67, 0x83, 0x3c, 0x19, 0xe0, 0xcf, 0x06, 0x78, 0x33, 0xc1, 0x9e, 0x0c,
    0xf0, 0x67, 0x83, 0x3c, 0x19, 0xe0, 0xcf, 0x06, 0x78, 0x33, 0xc1, 0x9e, 0x0c, 0xf0, 0x67, 0x83,
    0x3c, 0x19, 0xe0, 0xcf, 0x06, 0x78, 0x33, 0xc1, 0x9e, 0x0c, 0xf0, 0x67, 0x83, 0x3c, 0x19, 0xe0,
    0xcf, 0x06, 0x78, 0x33, 0xc1, 0x9e, 0x0c, 0xf0, 0x67, 0x83, 0x3c, 0x19, 0xe0, 0xcf, 0x06, 0x78,
    0x33, 0xc1, 0x9e, 0x0c, 0xf0, 0x67, 0x83, 0x3c, 0x19, 0xe0, 0xcf, 0x06, 0x78, 0x33, 0xc1, 0x9e,
    0x0c, 0xf0, 0x67, 0x83, 0x3c, 0x19, 0xe0, 0xcf, 0x06, 0x78, 0x33, 0xc1, 0x9e, 0x0c, 0xf0, 0x67,
    0x83, 0x3c, 0x19, 0xe0, 0xcf, 0x06, 0x78, 0x33, 0xc1, 0x9e, 0x0c, 0xf0, 0x67, 0x83, 0x3c, 0x19,
    0xe0, 0xcf, 0x06, 0x78, 0x33, 0xc1, 0x9e, 0x0c, 0xf0, 0x67, 0x83, 0x3c, 0x19, 0xe0, 0xcf, 0x06,
    0x78, 0x33, 0xc1, 0x9e, 0x0c, 0xf0, 0x67, 0x83, 0x3c, 0x19, 0xe0, 0xcf, 0x06, 0x78, 0x33, 0xc1,
    0x9e, 0x0c, 0xf0, 0x67, 0x83, 0x3c, 0x19, 0xe0, 0xcf, 0x06, 0x78, 0x33, 0xc1, 0x9e, 0x0c, 0xf0,
    0x67, 0x83, 0x3c, 0x19, 0xe0, 0xcf, 0x06, 0x78, 0x33, 0xc1, 0x89, 0x02, 0xa8, 0x03, 0x62, 0x89,
    0x2f, 0x06, 0xf8, 0x37, 0xc1, 0xbe, 0x0d, 0xf0, 0x6f, 0x83, 0x7c, 0x1b, 0xe0, 0xde, 0x52, 0xf8,
    0x33, 0xc1, 0x9e, 0x0c, 0xf0, 0x67, 0x83, 0x3c, 0x19, 0xe0, 0xcf, 0x06, 0x78, 0x33, 0xc1, 0x9e,
    0x0c, 0xf0, 0x67, 0x83, 0x3c, 0x19, 0xe0, 0xcf, 0x06, 0x78, 0x33, 0xc1, 0x9e, 0x0c, 0xf0, 0x67,
    0x83, 0x3c, 0x19, 0xe0, 0xcf, 0x06, 0x78, 0x33, 0xc1, 0x9e, 0x0c, 0xf0, 0x67, 0x83, 0x3c, 0x19,
    0xb0, 0x2a, 0x80, 0x36, 0x28, 0x92, 0xf0, 0x6f, 0x83, 0x7c, 0x1b, 0x45, 0x1f, 0x06, 0x78, 0x33,
    0xc1, 0x9e, 0x0c, 0xf0, 0x67, 0x83, 0x3c, 0x19, 0xe0, 0xcf, 0x06, 0x78, 0x33, 0xc1, 0x9e, 0x0c,
    0xf0, 0x67, 0x83, 0x3c, 0x19, 0xe0, 0xcf, 0x06, 0x78, 0x33, 0xc1, 0x9e, 0x0c, 0xf0, 0x67, 0x80,
    0x1e, 0x03, 0x00, 0xb6, 0x6a, 0xc3, 0x5e, 0x0c, 0xf0, 0x67, 0x83, 0x3c, 0x19, 0xe0, 0xcf, 0x06,
    0x78, 0x33, 0xc1, 0x9e, 0x0c, 0xf0, 0x67, 0x83, 0x3c, 0x19, 0xe0, 0xcf, 0x06, 0x78, 0x33, 0xc1,
    0x9e, 0x0c, 0xf0, 0x67, 0x83, 0x22, 0x05, 0x50, 0x06, 0xc5, 0x12, 0x5e, 0x0d, 0xe1, 0xaf, 0x83,
    0x3c, 0x19, 0xe0, 0xcf, 0x06, 0x78, 0x33, 0xc1, 0x9e, 0x0c, 0xf0, 0x67, 0x83, 0x3c, 0x19, 0xe0,
    0xcf, 0x06, 0x78, 0x33, 0xc1, 0x9e, 0x0c, 0xf0, 0x67, 0x83, 0x3c, 0x19, 0xe0, 0xcf, 0x06, 0x78,
    0x33, 0xc1, 0x9e, 0x0c, 0xf0, 0x67, 0x83, 0x3c, 0x19, 0xe0, 0xcf, 0x06, 0x78, 0x33, 0xc1, 0x9e,
    0x0c, 0xf0, 0x67, 0x83, 0x3c, 0x19, 0xe0, 0xcf, 0x06, 0x78, 0x33, 0xc1, 0x9e, 0x0c, 0xf0, 0x64,
    0xc0, 0xaa, 0x00, 0xd8, 0xa2, 0x4b, 0xc4, 0xfe, 0x0c, 0xf0, 0x67, 0x83, 0x3c, 0x19, 0xe0, 0xcf,
    0x06, 0x78, 0x33, 0xc1, 0x9e, 0x0c, 0xf0, 0x67, 0x83, 0x3c, 0x19, 0xe0, 0xcf, 0x06, 0x78, 0x33,
    0xc1, 0x9e, 0x0c, 0xf0, 0x67, 0x83, 0x3c, 0x19, 0xe0, 0xcf, 0x06, 0x78, 0x01, 0x60, 0x30, 0x0b,
    0x66, 0xac, 0x35, 0xe0, 0xcf, 0x06, 0x78, 0x33, 0xc1, 0x9e, 0x0c, 0xf0, 0x67, 0x83, 0x3c, 0x19,
    0xe0, 0xcf, 0x06, 0x78, 0x33, 0xc1, 0x9e, 0x0c, 0xf0, 0x67, 0x83, 0x3c, 0x19, 0xe0, 0xcf, 0x06,
    0x78, 0x33, 0xc1, 0x9e, 0x0c, 0xf0, 0x67, 0x83, 0x3c, 0x19, 0xe0, 0xcf, 0x06, 0x78, 0x33, 0xc1,
    0x9e, 0x0c, 0xf0, 0x67, 0x83, 0x3c, 0x19, 0xe0, 0xcf, 0x06, 0x78, 0x33, 0xc1, 0x9e, 0x0c, 0xf0,
    0x61, 0xc0, 0xae, 0x00, 0xd8, 0xe3, 0x61, 0x03, 0x5e, 0x1a, 0xf0, 0xd7, 0x86, 0xbc, 0xbb, 0xe0,
    0xcf, 0x06, 0x78, 0x33, 0xc1, 0x9e, 0x0c, 0xf0, 0x67, 0x83, 0x3c, 0x19, 0xe0, 0xcf, 0x06, 0x78,
    0x33, 0xc1, 0x9e, 0x0c, 0xf0, 0x67, 0x83, 0x3c, 0x19, 0xe0, 0xcf, 0x06, 0x78, 0x33, 0xc1, 0x9e,
    0x0c, 0xf0, 0x67, 0x83, 0x3c, 0x19, 0xe0, 0xcf, 0x06, 0x78, 0x33, 0xc1, 0x9e, 0x0c, 0xf0, 0x67,
    0x83, 0x3c, 0x19, 0xe0, 0xcf, 0x06, 0x78, 0x33, 0xc1, 0x9e, 0x0c, 0xf0, 0x67, 0x83, 0x3c, 0x19,
    0xe0, 0xcf, 0x06, 0x7c, 0x02, 0x03, 0x00, 0xb6, 0x6a, 0xc3, 0x5e, 0x0c, 0xf0, 0x67, 0x83, 0x3c,
    0x19, 0xe0, 0xcf, 0x06, 0x78, 0x33, 0xc1, 0x9e, 0x0c, 0xf0, 0x64, 0xc0, 0xae, 0x00, 0xd8, 0xe3,
    0x61, 0x04, 0xfe, 0x0c, 0xf0, 0x67, 0x83, 0x3c, 0x19, 0xe0, 0xcf, 0x06, 0x78, 0x33, 0xc1, 0x9e,
    0x9c, 0xf1, 0x3f, 0x83, 0x3c, 0x19, 0xe0, 0xcf, 0x06, 0x78, 0x33, 0xc1, 0x9e, 0x0c, 0xf0, 0x67,
    0x83, 0x3c, 0x19, 0xe0, 0xcf, 0x06, 0x78, 0x33, 0xc1, 0x9e, 0x0c, 0xf0, 0x67, 0x83, 0x3c, 0x19,
    0xe0, 0xcf, 0x06, 0x14, 0x0a, 0xe0, 0x0d, 0x8e, 0x36, 0x10, 0x35, 0xe1, 0xaf, 0x21, 0x78, 0x33,
    0xc1, 0x9e, 0x0c, 0xf0, 0x67, 0x83, 0x3c, 0x19, 0xe0, 0xcf, 0x06, 0x78, 0x33, 0xc1, 0x9e, 0x0c,
    0xf0, 0x67, 0x83, 0x3c, 0x19, 0xe0, 0xcf, 0x06, 0x78, 0x33, 0xc1, 0x9e, 0x0c, 0xf0, 0x67, 0x83,
    0x3c, 0x19, 0xe0, 0xcf, 0x06, 0x78, 0x33, 0xc1, 0x9e, 0x0c, 0xf0, 0x67, 0x83, 0x3c, 0x19, 0xe0,
    0xcf, 0x06, 0x78, 0x33, 0xc1, 0x9e, 0x0c, 0xf0, 0x67, 0x83, 0x3c, 0x19, 0xe0, 0xcf, 0x06, 0x78,
    0x32, 0xe0, 0x30, 0x0b, 0x66, 0xac, 0x35, 0xe0, 0xcf, 0x06, 0x78, 0x33, 0xc1, 0x9e, 0x0c, 0xf0,
    0x67, 0x83, 0x3c, 0x19, 0xe0, 0xcf, 0x06, 0x78, 0x33, 0xc1, 0x9e, 0x0c, 0xf0, 0x67, 0x83, 0x3c,
    0x19, 0xe0, 0xcf, 0x06, 0x78, 0x33, 0xc1, 0x9e, 0x0c, 0xf0, 0x67, 0x83, 0x3c, 0x19, 0xe0, 0xcf,
    0x06, 0x78, 0x33, 0xc1, 0x9e, 0x0c, 0xf0, 0x67, 0x83, 0x3c, 0x19, 0xe0, 0xcf, 0x06, 0x78, 0x33,
    0xc1, 0x9e, 0x0c, 0xf0, 0x67, 0x83, 0x3c, 0x19, 0xe0, 0xcf, 0x06, 0x78, 0x33, 0xc1, 0x9e, 0x0c,
    0xf0, 0x67, 0x83, 0x3c, 0x19, 0xe0, 0xcf, 0x06, 0x78, 0x33, 0xc1, 0x9e, 0x0c, 0xf0, 0x67, 0x83,
    0x3c, 0x19, 0xe0, 0xcf, 0x06, 0x78, 0x33, 0xc1, 0x9e, 0x0c, 0xc8, 0x15, 0x40, 0x1b, 0x14, 0x49,
    0x78, 0x37, 0x86, 0xbe, 0x0c, 0xf0, 0x67, 0x83, 0x3c, 0x19, 0xe0, 0xcf, 0x06, 0x78, 0x33, 0xc1,
    0x9e, 0x0c, 0xf0, 0x67, 0x83, 0x3c, 0x19, 0xe0, 0x96, 0x84, 0x80, 0xca, 0xbd, 0xa8, 0x0d, 0x78,
    0x6b, 0xc3, 0x5e, 0x0c, 0xf0, 0x67, 0x83, 0x3c, 0x9d, 0xe1, 0xaf, 0x0d, 0x60, 0xa3, 0xca, 0x1e,
    0x0c, 0xf0, 0x67, 0x83, 0x3c, 0x19, 0xe0, 0xcf, 0x06, 0x78, 0x33, 0xc1, 0x9e, 0x0c, 0xf0, 0x67,
    0x83, 0x3c, 0x19, 0xe0, 0xcf, 0x06, 0x78, 0x33, 0xc1, 0x9e, 0x0c, 0xf0, 0x67, 0x83, 0x3c, 0x19,
    0xe0, 0xcf, 0x06, 0x78, 0x33, 0xc1, 0x9e, 0x0c, 0xf0, 0x67, 0x83, 0x3c, 0x19, 0xe0, 0xcf, 0x06,
    0x78, 0x33, 0xc1, 0x9e, 0x0c, 0xf0, 0x67, 0x83, 0x3c, 0x19, 0xe0, 0xcf, 0x06, 0x78, 0x33, 0xc1,
    0x9e, 0x0c, 0xf0, 0x67, 0x83, 0x3c, 0x19, 0xe0, 0xcf, 0x06, 0x78, 0x33, 0xc1, 0x9e, 0x0c, 0xf0,
    0x67, 0x83, 0x3c, 0x19, 0xe0, 0xcf, 0x06, 0x78, 0x33, 0xc1, 0x9e, 0x0c, 0xf0, 0x67, 0x83, 0x3c,
    0x19, 0xe0, 0xcf, 0x06, 0x78, 0x33, 0xc1, 0x9e, 0x0c, 0xf0, 0x67, 0x83, 0x3c, 0x19, 0xe0, 0xcf,
    0x06, 0x78, 0x33, 0xc1, 0x9e, 0x0c, 0xf0, 0x67, 0x83, 0x3c, 0x19, 0xe0, 0xcf, 0x06, 0x78, 0x33,
    0xc1, 0x9e, 0x0c, 0xf0, 0x67, 0x83, 0x3c, 0x19, 0xe0, 0xcf, 0x06, 0x78, 0x33, 0xc1, 0x9e, 0x0c,
    0xf0, 0x67, 0x83, 0x3c, 0x19, 0xe0, 0xcf, 0x06, 0x78, 0x33, 0xc1, 0x9e, 0x0c, 0xf0, 0x67, 0x83,
    0x3c, 0x19, 0xe0, 0xcf, 0x06, 0x78, 0x33, 0xc1, 0x9e, 0x0c, 0xf0, 0x67, 0x83, 0x3c, 0x19, 0xe0,
    0xcf, 0x06, 0x78, 0x33, 0xc1, 0x9e, 0x0c, 0xf0, 0x67, 0x83, 0x3c, 0x19, 0xe0, 0xcf, 0x06, 0x78,
    0x33, 0xc1, 0x9e, 0x0c, 0xf0, 0x67, 0x83, 0x3c, 0x19, 0xe0, 0xcf, 0x06, 0x78, 0x33, 0xc1, 0x9e,
    0x0c, 0xf0, 0x67, 0x83, 0x3c, 0x19, 0xe0, 0xcf, 0x06, 0x78, 0x33, 0xc1, 0x9e, 0x0c, 0xf0, 0x67,
    0x83, 0x3c, 0x19, 0xe0, 0xcf, 0x06, 0x78, 0x33, 0xc1, 0x9e, 0x0c, 0xf0, 0x67, 0x83, 0x3c, 0x19,
    0xe0, 0xcf, 0x06, 0x78, 0x33, 0xc1, 0x9e, 0x0c, 0xf0, 0x67, 0x83, 0x3c, 0x19, 0xe0, 0xcf, 0x06,
    0x78, 0x33, 0xc1, 0x9e, 0x0c, 0xf0, 0x67, 0x83, 0x3c, 0x19, 0xe0, 0xcf, 0x06, 0x78, 0x33, 0xc1,
    0x9e, 0x0c, 0xf0, 0x67, 0x83, 0x3c, 0x19, 0xe0, 0xc5, 0xc8, 0x50, 0x67, 0x19, 0x0a, 0x04, 0x4a,
    0x11, 0x02, 0xa0, 0xc0, 0x29, 0x12, 0x08, 0x4c, 0x12, 0x03, 0x10, 0xa6, 0x48, 0xa1, 0x38, 0x0f,
    0x2d, 0x24, 0x2e, 0x30, 0x4e, 0x00, 0x95, 0xe8, 0x5f, 0x10, 0x68, 0xd3, 0xa5, 0x30, 0x9e, 0x25,
    0x86, 0x71, 0x8c, 0x93, 0xc4, 0x70, 0x9e, 0x29, 0x86, 0x72, 0x8d, 0x12, 0xc4, 0x50, 0xaa, 0x30,
    0x89, 0x86, 0xbc, 0x2c, 0x30, 0x5a, 0x00, 0x91, 0xe2, 0x5e, 0xf0, 0x68, 0xe6, 0x28, 0xa0, 0x21,
    0xa2, 0x44, 0xe1, 0x18, 0x2b, 0x09, 0x10, 0xf0, 0x94, 0x19, 0x06, 0x02, 0x49, 0x10, 0x80, 0x43,
    0xf9, 0x66, 0xfe, 0xc2, 0x49, 0x62, 0x18, 0x4d, 0x14, 0x43, 0x29, 0x42, 0x21, 0xa5, 0x2a, 0x27,
    0x88, 0xe1, 0x5c, 0x63, 0x12, 0x69, 0x28, 0x8f, 0x8f, 0x7a, 0x0d, 0xd6, 0x4f, 0x83, 0x3c, 0x19,
    0xe0, 0xcf, 0x06, 0x78, 0x33, 0xc1, 0x9e, 0x0c, 0xf0, 0x67, 0x83, 0x3c, 0x19, 0xe0, 0xcf, 0x06,
    0x78, 0x33, 0xc1, 0x9e, 0x0c, 0x6c, 0x24, 0x96, 0x21, 0x84, 0xd1, 0x44, 0x32, 0x94, 0x28, 0x96,
    0x22, 0x85, 0x51, 0x84, 0x52, 0xa2, 0x78, 0x8e, 0x15, 0xc6, 0x31, 0x26, 0x92, 0x88, 0xfb, 0x31,
    0x44, 0x89, 0xc2, 0x30, 0x56, 0x18, 0x85, 0x32, 0x45, 0x09, 0xc2, 0x50, 0x66, 0x18, 0x89, 0x24,
    0x42, 0x09, 0x82, 0x80, 0x78, 0x3f, 0xc2, 0x3e, 0xa7, 0x48, 0xe1, 0x3c, 0x4b, 0x0c, 0xe3, 0x19,
    0x27, 0x88, 0xe1, 0x3c, 0x53, 0x0c, 0xe5, 0x18, 0x9a, 0x9b, 0x89, 0x38, 0x8f, 0xb2, 0x14, 0x08,
    0x94, 0x22, 0x05, 0x41, 0x80, 0x52, 0x24, 0x10, 0x98, 0x24, 0x06, 0x41, 0x80, 0x26, 0xa7, 0xc2,
    0x29, 0xff, 0x00, 0x5f, 0x0b, 0x00, 0x2d, 0x5c, 0x46, 0x22, 0xbc, 0x05, 0x20, 0x89, 0x80
};

// BITSTREAM7: 10783 bytes compressed, 98764 bytes original from /tmp/bs7.hs

static const uint8_t bitstream8_data[] = {
    0xff, 0xc0, 0x2a, 0x16, 0x1b, 0x95, 0xd2, 0x75, 0x20, 0xa6, 0x51, 0xa8, 0xb3, 0x5a, 0xac, 0xb6,
    0x65, 0x35, 0xa3, 0x4b, 0x66, 0xd4, 0x3a, 0x0d, 0x0a, 0x8f, 0x41, 0x04, 0x8c, 0xd8, 0x36, 0x20,
    0x01, 0xde, 0xec, 0xc0, 0x85, 0xff, 0x9d, 0x8a, 0x0b, 0xc4, 0x03, 0x2a, 0x0c, 0x46, 0x21, 0x43,
    0x91, 0x01, 0xca, 0x81, 0x10, 0x80, 0x4e, 0x28, 0xc0, 0x72, 0x81, 0x00, 0xcb, 0xf7, 0xfc, 0xfe,
    0xff, 0xbf, 0xf4, 0x1a, 0x45, 0x53, 0x71, 0x91, 0x8e, 0xe2, 0x8a, 0xd5, 0x4a, 0x2c, 0x08, 0x02,
    0x39, 0x9e, 0x80, 0x67, 0x83, 0x3c, 0x19, 0xe0, 0xcf, 0x06, 0x78, 0x33, 0xc1, 0x9e, 0x0c, 0xf0,
    0x67, 0x83, 0x3c, 0x19, 0xe0, 0xcf, 0x06, 0x78, 0x33, 0xc1, 0x9e, 0x0c, 0xf0, 0x67, 0x83, 0x3c,
    0x19, 0xe0, 0xcf, 0x06, 0x78, 0x33, 0xc1, 0x9e, 0x0c, 0xf0, 0x67, 0x83, 0x3c, 0x19, 0xe0, 0xcf,
    0x06, 0x78, 0x33, 0xc1, 0x9e, 0x0c, 0xf0, 0x67, 0x83, 0x3c, 0x19, 0xf0, 0x08, 0x14, 0xc0, 0x1d,
    0x18, 0x30, 0xd7, 0x86, 0xbc, 0x85, 0xe0, 0xcf, 0x06, 0x78, 0x33, 0xc1, 0x9e, 0x0c, 0xf0, 0x67,
    0x83, 0x3c, 0x19, 0xe0, 0xcf, 0x06, 0x78, 0x33, 0xc1, 0x9e, 0x0c, 0xf0, 0x67, 0x83, 0x3c, 0x19,
    0xe0, 0xcf, 0x06, 0x78, 0x33, 0xc1, 0x9e, 0x0c, 0xf0, 0x67, 0x83, 0x16, 0x05, 0x50, 0x06, 0xbf,
    0x53, 0x0c, 0x0d, 0x28, 0x80, 0x35, 0xe9, 0x98, 0x01, 0xaf, 0x8d, 0x7c, 0x6b, 0x21, 0xad, 0x21,
    0x79, 0x0b, 0xc1, 0x9e, 0x0c, 0x28, 0x15, 0xc0, 0x1b, 0x1c, 0x6c, 0x20, 0x9f, 0xc1, 0x9e, 0x0c,
    0xf0, 0x67, 0x83, 0x3c, 0x19, 0xe0, 0xcf, 0x06, 0x78, 0x33, 0xc1, 0x9e, 0x0c, 0xf0, 0x67, 0x83,
    0x3c, 0x19, 0xe0, 0xcf, 0x06, 0x78, 0x33, 0xc1, 0x9e, 0x0c, 0xf0, 0x67, 0x83, 0x3c, 0x19, 0xe0,
    0xcd, 0x82, 0x4c, 0x81, 0xd1, 0xbc, 0xd5, 0x83, 0x8a, 0x60, 0x0e, 0x8f, 0xe6, 0x00, 0x3b, 0xe0,
    0xe1, 0x90, 0x03, 0x5e, 0x4d, 0xfd, 0x06, 0xf8, 0x37, 0xc1, 0xbe, 0x0d, 0xf0, 0x6c, 0x4a, 0x78,
    0x00, 0xe7, 0x9a, 0xd9, 0x83, 0x9e, 0x0d, 0xf0, 0x6f, 0x83, 0x7c, 0x1b, 0xe0, 0xd5, 0x7e, 0xf8,
    0x33, 0xc1, 0x9e, 0x0c, 0xf0, 0x67, 0x83, 0x3c, 0x19, 0xe0, 0xcf, 0x06, 0x78, 0x33, 0xc1, 0x9e,
    0x0c, 0xf0, 0x67, 0x83, 0x3c, 0x19, 0xe0, 0xcf, 0x06, 0x78, 0x33, 0xc1, 0x9e, 0x0c, 0xf0, 0x67,
    0x83, 0x3a, 0x09, 0x14, 0x07, 0x47, 0xfa, 0xfa, 0x1b, 0xf0, 0xdf, 0x91, 0x3c, 0x19, 0xe0, 0xcf,
    0x06, 0x78, 0x33, 0xc1, 0x9e, 0x0c, 0xf0, 0x67, 0x83, 0x3c, 0x19, 0xe0, 0xcf, 0x06, 0x78, 0x33,
    0xc1, 0x9e, 0x0c, 0xf0, 0x67, 0x83, 0x3c, 0x19, 0xe0, 0xcf, 0x06, 0x78, 0x33, 0xc1, 0x9e, 0x0c,
    0xf0, 0x67, 0x83, 0x3c, 0x19, 0xe0, 0xcf, 0x06, 0x78, 0x33, 0xc1, 0x9e, 0x0c, 0xf0, 0x67, 0x83,
    0x3c, 0x19, 0xe0, 0xcf, 0x06, 0x78, 0x33, 0xc1, 0x9e, 0x0c, 0xf0, 0x67, 0x83, 0x3c, 0x19, 0xe0,
    0xcf, 0x06, 0x78, 0x33, 0xc1, 0x9e, 0x0c, 0xf0, 0x67, 0x83, 0x3c, 0x19, 0xe0, 0xcf, 0x06, 0x78,
    0x33, 0xc1, 0x9e, 0x0c, 0xf0, 0x67, 0x83, 0x3c, 0x19, 0xe0, 0xcf, 0x06, 0x78, 0x33, 0xc1, 0x9e,
    0x0c, 0xf0, 0x67, 0x83, 0x3c, 0x19, 0xe0, 0xcf, 0x06, 0x78, 0x33, 0xc1, 0x9e, 0x0c, 0xf0, 0x67,
    0x83, 0x3c, 0x19, 0xe0, 0xcf, 0x06, 0x78, 0x33, 0xc1, 0x9e, 0x0c, 0xf0, 0x67, 0x83, 0x3c, 0x19,
    0xe0, 0xcf, 0x06, 0x78, 0x33, 0xc1, 0x9e, 0x0c, 0xf0, 0x67, 0x83, 0x3c, 0x19, 0xe0, 0xcf, 0x06,
    0x78, 0x33, 0xc1, 0x9e, 0x0c, 0xf0, 0x67, 0x83, 0x3c, 0x19, 0xe0, 0xcf, 0x06, 0x78, 0x32, 0x20,
    0x55, 0x00, 0x6c, 0x51, 0x25, 0xe0, 0xde, 0x1a, 0xf8, 0x33, 0xc1, 0x9e, 0x0c, 0xf0, 0x67, 0x83,
    0x3c, 0x19, 0xe0, 0xcf, 0x06, 0x78, 0x33, 0xc1, 0x9e, 0x0c, 0xf0, 0x67, 0x83, 0x3c, 0x19, 0xe0,
    0xcf, 0x06, 0x78, 0x33, 0xc1, 0x9e, 0x0c, 0xf0, 0x67, 0x83, 0x3c, 0x19, 0xe0, 0xcf, 0x06, 0x78,
    0x33, 0xc1, 0x9e, 0x0c, 0xf0, 0x67, 0x83, 0x3c, 0x19, 0xe0, 0xcf, 0x06, 0x78, 0x33, 0xc1, 0x9e,
    0x0c, 0xf0, 0x67, 0x83, 0x3c, 0x19, 0xe0, 0xcf, 0x06, 0x78, 0x33, 0xc1, 0x9e, 0x0c, 0xf0, 0x67,
    0x83, 0x3c, 0x19, 0xe0, 0xcf, 0x06, 0x78, 0x33, 0xc1, 0x9e, 0x0c, 0xf0, 0x67, 0x83, 0x3c, 0x19,
    0xe0, 0xcf, 0x06, 0x78, 0x33, 0xc1, 0x9e, 0x0c, 0xf0, 0x67, 0x83, 0x3c, 0x19, 0xe0, 0xcf, 0x06,
    0x78, 0x33, 0xc1, 0x9e, 0x0c, 0xf0, 0x67, 0x83, 0x3c, 0x19, 0xe0, 0xcf, 0x06, 0x78, 0x33, 0xc1,
    0x9e, 0x0c, 0xf0, 0x67, 0x83, 0x3c, 0x19, 0xe0, 0xcf, 0x06, 0x78, 0x33, 0xc1, 0x9e, 0x0c, 0xf0,
    0x67, 0x83, 0x3c, 0x19, 0xe0, 0xcf, 0x06, 0x78, 0x33, 0xc1, 0x9e, 0x0c, 0xf0, 0x67, 0x83, 0x3c,
    0x19, 0xe0, 0xcf, 0x06, 0x78, 0x33, 0xc1, 0x9e, 0x0c, 0xf0, 0x67, 0x83, 0x3c, 0x19, 0xe0, 0xcf,
    0x06, 0x78, 0x33, 0xc1, 0x9e, 0x0c, 0xf0, 0x64, 0xc0, 0x60, 0x16, 0xcd, 0x58, 0x6b, 0xc1, 0x9e,
    0x0c, 0xf0, 0x67, 0x83, 0x3c, 0x19, 0xe0, 0xcf, 0x06, 0x78, 0x33, 0xc1, 0x9e, 0x0c, 0xf0, 0x67,
    0x83, 0x3c, 0x19, 0xe0, 0xcf, 0x06, 0x78, 0x33, 0xc1, 0x9e, 0x0c, 0xf0, 0x67, 0x83, 0x3c, 0x19,
    0xe0, 0xcf, 0x06, 0x78, 0x33, 0xc1, 0x9e, 0x0c, 0xf0, 0x67, 0x83, 0x3c, 0x19, 0xe0, 0xcf, 0x06,
    0x78, 0x33, 0xc1, 0x9e, 0x0c, 0xf0, 0x67, 0x83, 0x3c, 0x19, 0xe0, 0xcf, 0x06, 0x78, 0x33, 0xc1,
    0x9e, 0x0c, 0xf0, 0x67, 0x83, 0x3c, 0x19, 0xe0, 0xcf, 0x06, 0x78, 0x33, 0xc1, 0x9e, 0x0c, 0xf0,
    0x67, 0x83, 0x3c, 0x19, 0xe0, 0xcf, 0x06, 0x78, 0x33, 0xc1, 0x9e, 0x0c, 0xf0, 0x67, 0x83, 0x3c,
    0x19, 0xe0, 0xcf, 0x06, 0x78, 0x33, 0xc1, 0x9e, 0x0c, 0xf0, 0x67, 0x83, 0x3c, 0x19, 0xe0, 0xcf,
    0x06, 0x78, 0x33, 0xc1, 0x9e, 0x0c, 0xf0, 0x67, 0x83, 0x3c, 0x19, 0xe0, 0xcf, 0x06, 0x78, 0x33,
    0xc1, 0x9e, 0x0c, 0xf0, 0x67, 0x83, 0x3c, 0x19, 0xd0, 0x18, 0x05, 0xb3, 0x56, 0x1a, 0xf0, 0x67,
    0x83, 0x3c, 0x19, 0xe0, 0xcf, 0x06, 0x78, 0x33, 0xc1, 0x9e, 0x0c, 0xf0, 0x67, 0x83, 0x3c, 0x19,
    0xe0, 0xcf, 0x06, 0x78, 0x33, 0xc1, 0x9e, 0x0c, 0xf0, 0x67, 0x83, 0x3c, 0x19, 0xe0, 0xcf, 0x06,
    0x78, 0x33, 0xc1, 0x9e, 0x0c, 0xf0, 0x67, 0x83, 0x3c, 0x19, 0xe0, 0xcf, 0x06, 0x78, 0x33, 0xc1,
    0x9e, 0x0c, 0xf0, 0x67, 0x83, 0x3c, 0x19, 0xe0, 0xcf, 0x06, 0x78, 0x33, 0xc1, 0x9e, 0x0c, 0xf0,
    0x67, 0x83, 0x3c, 0x19, 0xe0, 0xcf, 0x06, 0x78, 0x33, 0xc1, 0x9e, 0x0c, 0xf0, 0x67, 0x83, 0x3c,
    0x19, 0xe0, 0xcf, 0x06, 0x78, 0x33, 0xc1, 0x9e, 0x0c, 0xf0, 0x67, 0x83, 0x3c, 0x19, 0xe0, 0xcf,
    0x06, 0x78, 0x33, 0xc1, 0x9e, 0x0c, 0xf0, 0x67, 0x83, 0x3c, 0x19, 0xe0, 0xcf, 0x06, 0x78, 0x33,
    0xc1, 0x9e, 0x0c, 0xf0, 0x67, 0x83, 0x3c, 0x19, 0xe0, 0xcf, 0x06, 0x78, 0x33, 0xc1, 0x9e, 0x0c,
    0xf0, 0x67, 0x83, 0x3c, 0x19, 0xe0, 0xcf, 0x06, 0x74, 0x06, 0x01, 0x6c, 0xd5, 0x86, 0xbc, 0x19,
    0xe0, 0xcf, 0x06, 0x78, 0x33, 0xc1, 0x9e, 0x0c, 0xf0, 0x67, 0x83, 0x3c, 0x19, 0xe0, 0xcf, 0x06,
    0x78, 0x33, 0xc1, 0x9e, 0x0c, 0xf0, 0x67, 0x83, 0x3c, 0x19, 0xe0, 0xcf, 0x06, 0x78, 0x33, 0xc1,
    0x9e, 0x0c, 0xf0, 0x67, 0x83, 0x3c, 0x19, 0xe0, 0xcf, 0x06, 0x78, 0x33, 0xc1, 0x9e, 0x0c, 0xf0,
    0x67, 0x83, 0x3c, 0x19, 0xe0, 0xcf, 0x06, 0x78, 0x33, 0xc1, 0x9e, 0x0c, 0xf0, 0x67, 0x83, 0x3c,
    0x19, 0xe0, 0xcf, 0x06, 0x78, 0x33, 0xc1, 0x9e, 0x0c, 0xf0, 0x67, 0x83, 0x3c, 0x19, 0xe0, 0xcf,
    0x06, 0x78, 0x33, 0xc1, 0x9e, 0x0c, 0xf0, 0x67, 0x83, 0x3c, 0x19, 0xe0, 0xcf, 0x06, 0x78, 0x33,
    0xc1, 0x9e, 0x0c, 0xf0, 0x67, 0x83, 0x3c, 0x19, 0xe0, 0xcf, 0x06, 0x78, 0x33, 0xc1, 0x9e, 0x0c,
    0xf0, 0x67, 0x83, 0x3c, 0x19, 0xe0, 0xcf, 0x06, 0x78, 0x33, 0xc1, 0x9e, 0x0c, 0xf0, 0x67, 0x83,
    0x3c, 0x19, 0xe0, 0xcf, 0x06, 0x78, 0x33, 0xc1, 0x9d, 0x01, 0x80, 0x5b, 0x35, 0x61, 0xaf, 0x06,
    0x78, 0x33, 0xc1, 0x9e, 0x0c, 0xf0, 0x67, 0x83, 0x3c, 0x19, 0xe0, 0xcf, 0x06, 0x78, 0x33, 0xc1,
    0x9e, 0x0c, 0xf0, 0x67, 0x83, 0x3c, 0x19, 0xe0, 0xcf, 0x06, 0x78, 0x33, 0xc1, 0x9e, 0x0c, 0xf0,
    0x67, 0x83, 0x3c, 0x19, 0xe0, 0xcf, 0x06, 0x78, 0x33, 0xc1, 0x9e, 0x0c, 0xf0, 0x67, 0x83, 0x3c,
    0x19, 0xe0, 0xcf, 0x06, 0x78, 0x33, 0xc1, 0x9e, 0x0c, 0xf0, 0x67, 0x83, 0x3c, 0x19, 0xe0, 0xcf,
    0x06, 0x78, 0x33, 0xc1, 0x9e, 0x0c, 0xf0, 0x67, 0x83, 0x3c, 0x19, 0xe0, 0xcf, 0x06, 0x78, 0x33,
    0xc1, 0x9e, 0x0c, 0xf0, 0x67, 0x83, 0x3c, 0x19, 0xe0, 0xcf, 0x06, 0x78, 0x33, 0xc1, 0x9e, 0x0c,
    0xf0, 0x67, 0x83, 0x3c, 0x19, 0xe0, 0xcf, 0x06, 0x78, 0x33, 0xc1, 0x9e, 0x0c, 0xf0, 0x67, 0x83,
    0x3c, 0x19, 0xe0, 0xcf, 0x06, 0x78, 0x33, 0xc1, 0x9e, 0x0c, 0xf0, 0x67, 0x83, 0x3c, 0x19, 0xe0,
    0xcf, 0x06, 0x78, 0x33, 0xc1, 0x9e, 0x0c, 0xf0, 0x67, 0x83, 0x3c, 0x19, 0xe0, 0xcf, 0x06, 0x78,
    0x33, 0xc1, 0x9e, 0x0c, 0xf0, 0x67, 0x83, 0x3c, 0x19, 0xe0, 0xcf, 0x06, 0x78, 0x33, 0xc1, 0x9e,
    0x0c, 0xf0, 0x67, 0x83, 0x3c, 0x19, 0xe0, 0xcf, 0x06, 0x78, 0x33, 0xc1, 0x9e, 0x0c, 0xf0, 0x67,
    0x83, 0x3c, 0x19, 0xe0, 0xcf, 0x06, 0x78, 0x33, 0xc1, 0x9e, 0x0c, 0xf0, 0x67, 0x83, 0x3c, 0x19,
    0xe0, 0xcf, 0x06, 0x78, 0x33, 0xc1, 0x9e, 0x0c, 0xf0, 0x67, 0x83, 0x3c, 0x19, 0xe0, 0xcf, 0x06,
    0x78, 0x33, 0xc1, 0x9e, 0x0c, 0xf0, 0x67, 0x83, 0x3c, 0x19, 0xe0, 0xcf, 0x06, 0x78, 0x33, 0xc1,
    0x9e, 0x0c, 0xf0, 0x67, 0x83, 0x3c, 0x19, 0xe0, 0xcf, 0x06, 0x78, 0x33, 0xc1, 0x9e, 0x0c, 0xf0,
    0x67, 0x83, 0x3c, 0x19, 0xe0, 0xcf, 0x06, 0x78, 0x33, 0xc1, 0x9e, 0x0c, 0xf0, 0x67, 0x83, 0x3c,
    0x19, 0xe0, 0xcf, 0x06, 0x78, 0x33, 0xc1, 0x9e, 0x0c, 0xf0, 0x67, 0x83, 0x3c, 0x19, 0xe0, 0xcf,
    0x06, 0x78, 0x33, 0xc1, 0x9f, 0x00, 0x80, 0xc0, 0x2d, 0x9a, 0xb0, 0xd7, 0x83, 0x3c, 0x19, 0xe0,
    0xcf, 0x06, 0x78, 0x33, 0xc1, 0x9e, 0x0c, 0xf0, 0x67, 0x83, 0x3c, 0x19, 0xe0, 0xcf, 0x06, 0x78,
    0x33, 0xc1, 0x9e, 0x0c, 0xf0, 0x67, 0x83, 0x3c, 0x19, 0xe0, 0xcf, 0x06, 0x78, 0x33, 0xc1, 0x9e,
    0x0c, 0xf0, 0x67, 0x83, 0x3c, 0x19, 0xe0, 0xcf, 0x06, 0x78, 0x33, 0xc1, 0x9e, 0x0c, 0xf0, 0x67,
    0x83, 0x3c, 0x19, 0xe0, 0xcf, 0x06, 0x78, 0x33, 0xc1, 0x9e, 0x0c, 0xf0, 0x67, 0x83, 0x3c, 0x19,
    0xe0, 0xcf, 0x06, 0x78, 0x33, 0xc1, 0x9e, 0x0c, 0xf0, 0x67, 0x83, 0x3c, 0x19, 0xe0, 0xcf, 0x06,
    0x78, 0x33, 0xc1, 0x9e, 0x0c, 0xf0, 0x67, 0x83, 0x3c, 0x19, 0xe0, 0xcf, 0x06, 0x78, 0x33, 0xc1,
    0x9e, 0x0c, 0xf0, 0x67, 0x83, 0x3c, 0x19, 0xe0, 0xcf, 0x06, 0x78, 0x33, 0xc1, 0x9e, 0x0c, 0xf0,
    0x67, 0x83, 0x3c, 0x19, 0xe0, 0xcf, 0x06, 0x78, 0x33, 0xc1, 0x9e, 0x0c, 0xf0, 0x67, 0x83, 0x3c,
    0x19, 0xe0, 0xcf, 0x06, 0x78, 0x33, 0xa0, 0x30, 0x0b, 0x66, 0xac, 0x35, 0xe0, 0xcf, 0x06, 0x78,
    0x33, 0xc1, 0x9e, 0x0c, 0xf0, 0x67, 0x83, 0x3c, 0x19, 0xe0, 0xcf, 0x06, 0x78, 0x33, 0xc1, 0x9e,
    0x0c, 0xf0, 0x67, 0x83, 0x3c, 0x19, 0xe0, 0xcf, 0x06, 0x78, 0x33, 0xc1, 0x9e, 0x0c, 0xf0, 0x67,
    0x83, 0x3c, 0x19, 0xe0, 0xcf, 0x06, 0x78, 0x33, 0xc1, 0x9e, 0x0c, 0xf0, 0x67, 0x83, 0x3c, 0x19,
    0xe0, 0xcf, 0x06, 0x78, 0x33, 0xc1, 0x9e, 0x0c, 0xf0, 0x67, 0x83, 0x3c, 0x19, 0xe0, 0xcf, 0x06,
    0x78, 0x33, 0xc1, 0x9e, 0x0c, 0xf0, 0x67, 0x83, 0x3c, 0x19, 0xe0, 0xcf, 0x06, 0x78, 0x33, 0xc1,
    0x9e, 0x0c, 0xf0, 0x67, 0x83, 0x3c, 0x19, 0xe0, 0xcf, 0x06, 0x78, 0x33, 0xc1, 0x9e, 0x0c, 0xf0,
    0x67, 0x83, 0x3c, 0x19, 0xe0, 0xcf, 0x06, 0x78, 0x33, 0xc1, 0x9e, 0x0c, 0xf0, 0x67, 0x83, 0x3c,
    0x19, 0xe0, 0xcf, 0x06, 0x78, 0x33, 0xc1, 0x9e, 0x0c, 0xf0, 0x67, 0x83, 0x3c, 0x19, 0xe0, 0xcf,
    0x06, 0x78, 0x33, 0xc1, 0x9e, 0x0c, 0xe8, 0x0c, 0x02, 0xd9, 0xab, 0x0d, 0x78, 0x33, 0xc1, 0x9e,
    0x0c, 0xf0, 0x67, 0x83, 0x3c, 0x19, 0xe0, 0xcf, 0x06, 0x78, 0x33, 0xc1, 0x9e, 0x0c, 0xf0, 0x67,
    0x83, 0x3c, 0x19, 0xe0, 0xcf, 0x06, 0x78, 0x33, 0xc1, 0x9e, 0x0c, 0xf0, 0x67, 0x83, 0x3c, 0x19,
    0xe0, 0xcf, 0x06, 0x78, 0x33, 0xc1, 0x9e, 0x0c, 0xf0, 0x67, 0x83, 0x3c, 0x19, 0xe0, 0xcf, 0x06,
    0x78, 0x33, 0xc1, 0x9e, 0x0c, 0xf0, 0x67, 0x83, 0x3c, 0x19, 0xe0, 0xcf, 0x06, 0x78, 0x33, 0xc1,
    0x9e, 0x0c, 0xf0, 0x67, 0x83, 0x3c, 0x19, 0xe0, 0xcf, 0x06, 0x78, 0x33, 0xc1, 0x9e, 0x0c, 0xf0,
    0x67, 0x83, 0x3c, 0x19, 0xe0, 0xcf, 0x06, 0x78, 0x33, 0xc1, 0x9e, 0x0c, 0xf0, 0x67, 0x83, 0x3c,
    0x19, 0xe0, 0xcf, 0x06, 0x78, 0x33, 0xc1, 0x9e, 0x0c, 0xf0, 0x67, 0x83, 0x3c, 0x19, 0xe0, 0xcf,
    0x06, 0x78, 0x33, 0xc1, 0x9e, 0x0c, 0xf0, 0x67, 0x83, 0x3c, 0x19, 0xe0, 0xcf, 0x06, 0x78, 0x33,
    0xc1, 0x9e, 0x0c, 0xf0, 0x67, 0x83, 0x3a, 0x03, 0x00, 0xb6, 0x6a, 0xc3, 0x5e, 0x0c, 0xf0, 0x67,
    0x83, 0x3c, 0x19, 0xe0, 0xcf, 0x06, 0x78, 0x33, 0xc1, 0x9e, 0x0c, 0xf0, 0x67, 0x83, 0x3c, 0x19,
    0xe0, 0xcf, 0x06, 0x78, 0x33, 0xc1, 0x9e, 0x0c, 0xf0, 0x67, 0x83, 0x3c, 0x19, 0xe0, 0xcf, 0x06,
    0x78, 0x33, 0xc1, 0x9e, 0x0c, 0xf0, 0x67, 0x83, 0x3c, 0x19, 0xe0, 0xcf, 0x06, 0x78, 0x33, 0xc1,
    0x9e, 0x0c, 0xf0, 0x67, 0x83, 0x3c, 0x19, 0xe0, 0xcf, 0x06, 0x78, 0x33, 0xc1, 0x9e, 0x0c, 0xf0,
    0x67, 0x83, 0x3c, 0x19, 0xe0, 0xcf, 0x06, 0x78, 0x33, 0xc1, 0x9e, 0x0c, 0xf0, 0x67, 0x83, 0x3c,
    0x19, 0xe0, 0xcf, 0x06, 0x78, 0x33, 0xc1, 0x9e, 0x0c, 0xf0, 0x67, 0x83, 0x3c, 0x19, 0xe0, 0xcf,
    0x06, 0x78, 0x33, 0xc1, 0x9e, 0x0c, 0xf0, 0x67, 0x83, 0x3c, 0x19, 0xe0, 0xcf, 0x06, 0x78, 0x33,
    0xc1, 0x9e, 0x0c, 0xf0, 0x67, 0x83, 0x3c, 0x19, 0xe0, 0xcf, 0x06, 0x78, 0x33, 0xc1, 0x9e, 0x0c,
    0xf0, 0x67, 0x83, 0x3c, 0x19, 0xe0, 0xce, 0x80, 0xc0, 0x2d, 0x9a, 0xb0, 0xd7, 0x83, 0x3c, 0x19,
    0xe0, 0xcf, 0x06, 0x78, 0x33, 0xc1, 0x9e, 0x0c, 0xf0, 0x67, 0x83, 0x3c, 0x19, 0xe0, 0xcf, 0x06,
    0x78, 0x33, 0xc1, 0x9e, 0x0c, 0xf0, 0x67, 0x83, 0x3c, 0x19, 0xe0, 0xcf, 0x06, 0x78, 0x33, 0xc1,
    0x9e, 0x0c, 0xf0, 0x67, 0x83, 0x3c, 0x19, 0xe0, 0xcf, 0x06, 0x78, 0x33, 0xc1, 0x9e, 0x0c, 0xf0,
    0x67, 0x83, 0x3c, 0x19, 0xe0, 0xcf, 0x06, 0x78, 0x33, 0xc1, 0x9e, 0x0c, 0xf0, 0x67, 0x83, 0x3c,
    0x19, 0xe0, 0xcf, 0x06, 0x78, 0x33, 0xc1, 0x9e, 0x0c, 0xf0, 0x67, 0x83, 0x3c, 0x19, 0xe0, 0xcf,
    0x06, 0x78, 0x33, 0xc1, 0x9e, 0x0c, 0xf0, 0x67, 0x83, 0x3c, 0x19, 0xe0, 0xcf, 0x06, 0x78, 0x33,
    0xc1, 0x9e, 0x0c, 0xf0, 0x67, 0x83, 0x3c, 0x19, 0xe0, 0xcf, 0x06, 0x78, 0x33, 0xc1, 0x9e, 0x0c,
    0xf0, 0x67, 0x83, 0x3c, 0x19, 0xe0, 0xcf, 0x06, 0x78, 0x33, 0xc1, 0x9e, 0x0c, 0xf0, 0x67, 0x83,
    0x3c, 0x19, 0xe0, 0xcf, 0x06, 0x78, 0x33, 0xa0, 0x30, 0x0b, 0x66, 0xac, 0x35, 0xe0, 0xcf, 0x06,
    0x78, 0x33, 0xc1, 0x9e, 0x0c, 0xf0, 0x67, 0x83, 0x3c, 0x19, 0xe0, 0xcf, 0x06, 0x78, 0x33, 0xc1,
    0x9e, 0x0c, 0xf0, 0x67, 0x83, 0x3c, 0x19, 0xe0, 0xcf, 0x06, 0x78, 0x33, 0xc1, 0x9e, 0x0c, 0xf0,
    0x67, 0x83, 0x3c, 0x19, 0xe0, 0xcf, 0x06, 0x78, 0x33, 0xc1, 0x9e, 0x0c, 0xf0, 0x67, 0x83, 0x3c,
    0x19, 0xe0, 0xcf, 0x06, 0x78, 0x33, 0xc1, 0x9e, 0x0c, 0xf0, 0x67, 0x83, 0x3c, 0x19, 0xe0, 0xcf,
    0x06, 0x78, 0x33, 0xc1, 0x9e, 0x0c, 0xf0, 0x67, 0x83, 0x3c, 0x19, 0xe0, 0xcf, 0x06, 0x78, 0x33,
    0xc1, 0x9e, 0x0c, 0xf0, 0x67, 0x83, 0x3c, 0x19, 0xe0, 0xcf, 0x06, 0x78, 0x33, 0xc1, 0x9e, 0x0c,
    0xf0, 0x67, 0x83, 0x3c, 0x19, 0xe0, 0xcf, 0x06, 0x78, 0x33, 0xc1, 0x9e, 0x0c, 0xf0, 0x67, 0x83,
    0x3c, 0x19, 0xe0, 0xcf, 0x06, 0x78, 0x33, 0xc1, 0x9e, 0x0c, 0xf0, 0x67, 0x83, 0x3c, 0x19, 0xe0,
    0xcf, 0x06, 0x78, 0x33, 0xc1, 0x9e, 0x0c, 0xe8, 0x0c, 0x02, 0xd9, 0xab, 0x0d, 0x78, 0x33, 0xc1,
    0x9e, 0x0c, 0xf0, 0x67, 0x83, 0x3c, 0x19, 0xe0, 0xcf, 0x06, 0x78, 0x33, 0xc1, 0x9e, 0x0c, 0xf0,
    0x67, 0x83, 0x3c, 0x19, 0xe0, 0xcf, 0x06, 0x78, 0x33, 0xc1, 0x9e, 0x0c, 0xf0, 0x67, 0x83, 0x3c,
    0x19, 0xe0, 0xcf, 0x06, 0x78, 0x33, 0xc1, 0x9e, 0x0c, 0xf0, 0x67, 0x83, 0x3c, 0x19, 0xe0, 0xcf,
    0x06, 0x78, 0x33, 0xc1, 0x9e, 0x0c, 0xf0, 0x67, 0x83, 0x3c, 0x19, 0xe0, 0xcf, 0x06, 0x78, 0x33,
    0xc1, 0x9e, 0x0c, 0xf0, 0x67, 0x83, 0x3c, 0x19, 0xe0, 0xcf, 0x06, 0x78, 0x33, 0xc1, 0x9e, 0x0c,
    0xf0, 0x67, 0x83, 0x3c, 0x19, 0xe0, 0xcf, 0x06, 0x78, 0x33, 0xc1, 0x9e, 0x0c, 0xf0, 0x67, 0x83,
    0x3c, 0x19, 0xe0, 0xcf, 0x06, 0x78, 0x33, 0xc1, 0x9e, 0x0c, 0xf0, 0x67, 0x83, 0x3c, 0x19, 0xe0,
    0xcf, 0x06, 0x78, 0x33, 0xc1, 0x9e, 0x0c, 0xf0, 0x67, 0x83, 0x3c, 0x19, 0xe0, 0xcf, 0x06, 0x78,
    0x33, 0xc1, 0x9e, 0x0c, 0xf0, 0x67, 0x83, 0x3a, 0x03, 0x00, 0xb6, 0x6a, 0xc3, 0x5e, 0x0c, 0xf0,
    0x67, 0x83, 0x3c, 0x19, 0xe0, 0xcf, 0x06, 0x78, 0x33, 0xc1, 0x9e, 0x0c, 0xf0, 0x67, 0x83, 0x3c,
    0x19, 0xe0, 0xcf, 0x06, 0x78, 0x33, 0xc1, 0x9e, 0x0c, 0xf0, 0x67, 0x83, 0x3c, 0x19, 0xe0, 0xcf,
    0x06, 0x78, 0x33, 0xc1, 0x9e, 0x0c, 0xf0, 0x67, 0x83, 0x3c, 0x19, 0xe0, 0xcf, 0x06, 0x78, 0x33,
    0xc1, 0x9e, 0x0c, 0xf0, 0x67, 0x83, 0x3c, 0x19, 0xe0, 0xcf, 0x06, 0x78, 0x33, 0xc1, 0x9e, 0x0c,
    0xf0, 0x67, 0x83, 0x3c, 0x19, 0xe0, 0xcf, 0x06, 0x78, 0x33, 0xc1, 0x9e, 0x0c, 0xf0, 0x67, 0x83,
    0x3c, 0x19, 0xe0, 0xcf, 0x06, 0x78, 0x33, 0xc1, 0x9e, 0x0c, 0xf0, 0x67, 0x83, 0x3c, 0x19, 0xe0,
    0xcf, 0x06, 0x78, 0x33, 0xc1, 0x9e, 0x0c, 0xf0, 0x67, 0x83, 0x3c, 0x19, 0xe0, 0xcf, 0x06, 0x78,
    0x33, 0xc1, 0x9e, 0x0c, 0xf0, 0x67, 0x83, 0x3c, 0x19, 0xe0, 0xcf, 0x06, 0x78, 0x33, 0xc1, 0x9e,
    0x0c, 0xf0, 0x67, 0x83, 0x3c, 0x19, 0xe0, 0xcf, 0x06, 0x78, 0x33, 0xc1, 0x9e, 0x0c, 0xf0, 0x67,
    0x83, 0x3c, 0x19, 0xe0, 0xcf, 0x06, 0x78, 0x33, 0xc1, 0x9e, 0x0c, 0xf0, 0x67, 0x83, 0x3c, 0x19,
    0xe0, 0xcf, 0x06, 0x78, 0x33, 0xc1, 0x9e, 0x0c, 0xf0, 0x67, 0x83, 0x3c, 0x19, 0xe0, 0xcf, 0x06,
    0x78, 0x33, 0xc1, 0x9e, 0x0c, 0xf0, 0x67, 0x83, 0x3c, 0x19, 0xe0, 0xcf, 0x06, 0x78, 0x33, 0xc1,
    0x9e, 0x0c, 0xf0, 0x67, 0x83, 0x3c, 0x19, 0xe0, 0xcf, 0x06, 0x78, 0x33, 0xc1, 0x9e, 0x0c, 0xf0,
    0x67, 0x83, 0x3c, 0x19, 0xe0, 0xcf, 0x06, 0x78, 0x33, 0xc1, 0x9e, 0x0c, 0xf0, 0x67, 0x83, 0x3c,
    0x19, 0xe0, 0xcf, 0x06, 0x78, 0x33, 0xc1, 0x9e, 0x0c, 0xf0, 0x67, 0x83, 0x3c, 0x19, 0xe0, 0xcf,
    0x06, 0x78, 0x33, 0xc1, 0x9e, 0x0c, 0xf0, 0x67, 0x83, 0x3c, 0x19, 0xe0, 0xcf, 0x06, 0x78, 0x33,
    0xc1, 0x9e, 0x0c, 0xf0, 0x67, 0x83, 0x3c, 0x19, 0xe0, 0xcf, 0x06, 0x78, 0x33, 0xc1, 0x9e, 0x0c,
    0xf0, 0x67, 0x83, 0x3e, 0x01, 0x01, 0x80, 0x5b, 0x35, 0x61, 0xaf, 0x06, 0x78, 0x33, 0xc1, 0x9e,
    0x0c, 0xf0, 0x67, 0x83, 0x3c, 0x19, 0xe0, 0xcf, 0x06, 0x78, 0x33, 0xc1, 0x9e, 0x0c, 0xf0, 0x67,
    0x83, 0x3c, 0x19, 0xe0, 0xcf, 0x06, 0x78, 0x33, 0xc1, 0x9e, 0x0c, 0xf0, 0x67, 0x83, 0x3c, 0x19,
    0xe0, 0xcf, 0x06, 0x78, 0x33, 0x60, 0x55, 0x00, 0x6c, 0x51, 0x25, 0xe2, 0x7f, 0x06, 0x78, 0x33,
    0xc1, 0x9e, 0x0c, 0xf0, 0x67, 0x83, 0x3c, 0x19, 0xe0, 0xcf, 0x06, 0x78, 0x33, 0xc1, 0x9e, 0x0c,
    0xf0, 0x67, 0x83, 0x3c, 0x19, 0xe0, 0xcf, 0x06, 0x78, 0x33, 0xc1, 0x9e, 0x0c, 0xf0, 0x67, 0x83,
    0x3c, 0x19, 0xe0, 0xcf, 0x06, 0x78, 0x33, 0xc1, 0x9e, 0x0c, 0xf0, 0x67, 0x83, 0x3c, 0x19, 0xe0,
    0xcf, 0x06, 0x78, 0x30, 0xa0, 0x55, 0x00, 0x6c, 0x51, 0x25, 0xe1, 0xaf, 0x0d, 0x79, 0x0b, 0xc1,
    0x9e, 0x0c, 0xf0, 0x67, 0x96, 0xfc, 0xb7, 0xe1, 0xaf, 0x0d, 0x78, 0x33, 0xc1, 0x9e, 0x0c, 0xf0,
    0x67, 0x83, 0x3c, 0x19, 0xe0, 0xcf, 0x06, 0x78, 0x33, 0xc1, 0x9e, 0x0c, 0xf0, 0x67, 0x83, 0x3c,
    0x17, 0x10, 0x18, 0x05, 0xb3, 0x56, 0x1a, 0xf0, 0x67, 0x83, 0x3c, 0x19, 0xe0, 0xcf, 0x06, 0x78,
    0x33, 0xc1, 0x9e, 0x0c, 0xf0, 0x67, 0x83, 0x3c, 0x19, 0xe0, 0xcf, 0x06, 0x78, 0x33, 0xc1, 0x9e,
    0x0c, 0xf0, 0x67, 0x40, 0xaa, 0x00, 0xd8, 0xa2, 0x4b, 0xc3, 0x5e, 0x1a, 0xf2, 0x17, 0x83, 0x3c,
    0x19, 0xe0, 0xcf, 0x2d, 0xf9, 0x6f, 0xc3, 0x5e, 0x1a, 0xf0, 0x67, 0x83, 0x3c, 0x19, 0xe0, 0xcf,
    0x06, 0x78, 0x33, 0xc1, 0x9e, 0x0c, 0xf0, 0x67, 0x83, 0x3c, 0x19, 0xe0, 0xcf, 0x06, 0x78, 0x33,
    0xc1, 0x9e, 0x0c, 0xf0, 0x67, 0x83, 0x3c, 0x19, 0xe0, 0xcf, 0x06, 0x78, 0x33, 0xc1, 0x9e, 0x0c,
    0xf0, 0x67, 0x83, 0x3c, 0x19, 0xe0, 0xcf, 0x06, 0x78, 0x33, 0xc1, 0x9e, 0x0c, 0xf0, 0x67, 0x83,
    0x12, 0x05, 0x50, 0x06, 0xc5, 0x12, 0x5e, 0x1a, 0xf0, 0xd7, 0x90, 0xbc, 0x19, 0xe0, 0xcf, 0x06,
    0x79, 0x6f, 0xcb, 0x7e, 0x1a, 0xf0, 0xd7, 0x83, 0x3c, 0x19, 0xe0, 0xcf, 0x06, 0x78, 0x33, 0xc1,
    0x9e, 0x0c, 0xf0, 0x67, 0x83, 0x3c, 0x19, 0xe0, 0xcf, 0x06, 0x78, 0x33, 0xc1, 0x71, 0x01, 0x80,
    0x5b, 0x35, 0x61, 0xaf, 0x06, 0x78, 0x33, 0xc1, 0x9e, 0x0c, 0xf0, 0x67, 0x83, 0x3c, 0x19, 0xe0,
    0xcf, 0x06, 0x78, 0x33, 0xc1, 0x9e, 0x0c, 0xf0, 0x67, 0x83, 0x3c, 0x19, 0xe0, 0xcf, 0x06, 0x74,
    0x0a, 0xa0, 0x0d, 0x8a, 0x24, 0xbc, 0x35, 0xe1, 0xaf, 0x21, 0x78, 0x33, 0xc1, 0x9e, 0x0c, 0xf2,
    0xdf, 0x96, 0xfc, 0x35, 0xe1, 0xaf, 0x06, 0x78, 0x33, 0xc1, 0x9e, 0x0c, 0xf0, 0x67, 0x83, 0x3c,
    0x19, 0xe0, 0xcf, 0x06, 0x78, 0x33, 0xc1, 0x9e, 0x0c, 0xf0, 0x67, 0x83, 0x3c, 0x19, 0xe0, 0xcf,
    0x06, 0x78, 0x33, 0xc1, 0x9e, 0x0c, 0xf0, 0x67, 0x83, 0x3c, 0x19, 0xe0, 0xcf, 0x06, 0x78, 0x33,
    0xc1, 0x9e, 0x0c, 0xf0, 0x67, 0x83, 0x3c, 0x19, 0xe0, 0xcf, 0x06, 0x78, 0x31, 0x20, 0x55, 0x00,
    0x6c, 0x51, 0x25, 0xe1, 0xaf, 0x0d, 0x79, 0x0b, 0xc1, 0x9e, 0x0c, 0xf0, 0x67, 0x96, 0xfc, 0xb7,
    0xe1, 0xaf, 0x0d, 0x78, 0x33, 0xc1, 0x9e, 0x0c, 0xf0, 0x67, 0x83, 0x3c, 0x19, 0xe0, 0xcf, 0x06,
    0x78, 0x33, 0xc1, 0x9e, 0x0c, 0xf0, 0x67, 0x83, 0x3c, 0x17, 0x10, 0x18, 0x05, 0xb3, 0x56, 0x1a,
    0xf0, 0x67, 0x83, 0x3c, 0x19, 0xe0, 0xcf, 0x06, 0x78, 0x33, 0xc1, 0x9e, 0x0c, 0xf0, 0x67, 0x83,
    0x3c, 0x19, 0xe0, 0xcf, 0x06, 0x78, 0x33, 0xc1, 0x9e, 0x0c, 0xf0, 0x67, 0x40, 0xaa, 0x00, 0xd8,
    0xa2, 0x4b, 0xc3, 0x5e, 0x1a, 0xf2, 0x17, 0x83, 0x3c, 0x19, 0xe0, 0xcf, 0x2d, 0xf9, 0x6f, 0xc3,
    0x5e, 0x1a, 0xf0, 0x67, 0x83, 0x3c, 0x19, 0xe0, 0xcf, 0x06, 0x78, 0x33, 0xc1, 0x9e, 0x0c, 0xf0,
    0x67, 0x83, 0x3c, 0x19, 0xe0, 0xcf, 0x06, 0x78, 0x33, 0xc1, 0x9e, 0x0c, 0xf0, 0x67, 0x83, 0x3c,
    0x19, 0xe0, 0xcf, 0x06, 0x78, 0x33, 0xc1, 0x9e, 0x0c, 0xf0, 0x67, 0x83, 0x3c, 0x19, 0xe0, 0xcf,
    0x06, 0x78, 0x33, 0xc1, 0x9e, 0x0c, 0xf0, 0x67, 0x83, 0x12, 0x05, 0x50, 0x06, 0xc5, 0x12, 0x5e,
    0x1a, 0xf0, 0xd7, 0x90, 0xbc, 0x19, 0xe0, 0xcf, 0x06, 0x79, 0x6f, 0xcb, 0x7e, 0x1a, 0xf0, 0xd7,
    0x83, 0x3c, 0x19, 0xe0, 0xcf, 0x06, 0x78, 0x33, 0xc1, 0x9e, 0x0c, 0xf0, 0x67, 0x83, 0x3c, 0x19,
    0xe0, 0xcf, 0x06, 0x78, 0x33, 0xc1, 0x71, 0x01, 0x80, 0x5b, 0x35, 0x61, 0xaf, 0x06, 0x78, 0x33,
    0xc1, 0x9e, 0x0c, 0xf0, 0x67, 0x83, 0x3c, 0x19, 0xe0, 0xcf, 0x06, 0x78, 0x33, 0xc1, 0x9e, 0x0c,
    0xf0, 0x67, 0x83, 0x3c, 0x19, 0xe0, 0xcf, 0x06, 0x74, 0x0a, 0xa0, 0x0d, 0x8a, 0x24, 0xbc, 0x35,
    0xe1, 0xaf, 0x21, 0x78, 0x33, 0xc1, 0x9e, 0x0c, 0xf2, 0xdf, 0x96, 0xfc, 0x35, 0xe1, 0xaf, 0x06,
    0x78, 0x33, 0xc1, 0x9e, 0x0c, 0xf0, 0x67, 0x83, 0x3c, 0x19, 0xe0, 0xcf, 0x06, 0x78, 0x33, 0xc1,
    0x9e, 0x0c, 0xf0, 0x67, 0x83, 0x3c, 0x19, 0xe0, 0xcf, 0x06, 0x78, 0x33, 0xc1, 0x9e, 0x0c, 0xf0,
    0x67, 0x83, 0x3c, 0x19, 0xe0, 0xcf, 0x06, 0x78, 0x33, 0xc1, 0x9e, 0x0c, 0xf0, 0x67, 0x83, 0x3c,
    0x19, 0xe0, 0xcf, 0x06, 0x78, 0x31, 0x20, 0x55, 0x00, 0x6c, 0x51, 0x25, 0xe1, 0xaf, 0x0d, 0x79,
    0x0b, 0xc1, 0x9e, 0x0c, 0xf0, 0x67, 0x96, 0xfc, 0xb7, 0xe1, 0xaf, 0x0d, 0x78, 0x33, 0xc1, 0x9e,
    0x0c, 0xf0, 0x67, 0x83, 0x3c, 0x19, 0xe0, 0xcf, 0x06, 0x78, 0x33, 0xc1, 0x9e, 0x0c, 0xf0, 0x67,
    0x83, 0x3c, 0x17, 0x10, 0x18, 0x05, 0xb3, 0x56, 0x1a, 0xf0, 0x67, 0x83, 0x3c, 0x19, 0xe0, 0xcf,
    0x06, 0x78, 0x33, 0xc1, 0x9e, 0x0c, 0xf0, 0x67, 0x83, 0x3c, 0x19, 0xe0, 0xcf, 0x06, 0x78, 0x33,
    0xc1, 0x9e, 0x0c, 0xf0, 0x67, 0x40, 0xaa, 0x00, 0xd8, 0xa2, 0x4b, 0xc1, 0xbe, 0x0d, 0xf0, 0x6d,
    0x14, 0x7c, 0x19, 0xe0, 0xcf, 0x35, 0xf9, 0x3f, 0xc1, 0xbe, 0x6b, 0xf2, 0x8f, 0x83, 0x3c, 0x19,
    0xe0, 0xcf, 0x06, 0x78, 0x33, 0xc1, 0x9e, 0x0c, 0xf0, 0x67, 0x83, 0x3c, 0x19, 0xe0, 0xcf, 0x06,
    0x78, 0x33, 0xc1, 0x9e, 0x0c, 0xf0, 0x67, 0x83, 0x3c, 0x19, 0xe0, 0xcf, 0x06, 0x78, 0x33, 0xc1,
    0x9e, 0x0c, 0xf0, 0x67, 0x83, 0x3c, 0x19, 0xe0, 0xcf, 0x06, 0x78, 0x33, 0xc1, 0x9e, 0x0c, 0xf0,
    0x67, 0x83, 0x36, 0x05, 0x50, 0x06, 0xc5, 0x12, 0x5e, 0x1a, 0xf0, 0xd7, 0x90, 0xbc, 0x19, 0xe0,
    0xcf, 0x27, 0x79, 0x3a, 0x8b, 0x9e, 0x28, 0xf0, 0xd7, 0x94, 0x3c, 0x19, 0xe0, 0xcf, 0x06, 0x78,
    0x33, 0xc1, 0x9e, 0x0c, 0xf0, 0x67, 0x83, 0x3c, 0x19, 0xe0, 0xcf, 0x06, 0x78, 0x33, 0xc1, 0x9d,
    0x01, 0x80, 0x5b, 0x35, 0x61, 0xaf, 0x06, 0x78, 0x33, 0xc1, 0x9e, 0x0c, 0xf0, 0x67, 0x83, 0x3c,
    0x19, 0xe0, 0xcf, 0x06, 0x78, 0x33, 0xc1, 0x9e, 0x0c, 0xf0, 0x67, 0x83, 0x3c, 0x19, 0xe0, 0xcf,
    0x06, 0x74, 0x0a, 0xa0, 0x0d, 0x8a, 0x24, 0xbc, 0x1b, 0xe0, 0xdf, 0x06, 0xd1, 0x47, 0xc1, 0x9e,
    0x0c, 0xf3, 0x5f, 0x93, 0xfc, 0x1b, 0xe6, 0xbf, 0x28, 0xf8, 0x33, 0xc1, 0x9e, 0x0c, 0xf0, 0x67,
    0x83, 0x3c, 0x19, 0xe0, 0xcf, 0x06, 0x78, 0x33, 0xc1, 0x9e, 0x0c, 0xf0, 0x67, 0x83, 0x3c, 0x19,
    0xe0, 0xcf, 0x06, 0x78, 0x33, 0xc1, 0x9e, 0x0c, 0xf0, 0x67, 0x83, 0x3c, 0x19, 0xe0, 0xcf, 0x06,
    0x78, 0x33, 0xc1, 0x9e, 0x0c, 0xf0, 0x67, 0x83, 0x3c, 0x19, 0xe0, 0xcf, 0x06, 0x78, 0x33, 0x60,
    0x55, 0x00, 0x6c, 0x51, 0x25, 0xe0, 0xdf, 0x06, 0xf8, 0x36, 0x8a, 0x3e, 0x0c, 0xf0, 0x67, 0x9a,
    0xfc, 0x9f, 0xe0, 0xdf, 0x35, 0xf9, 0x47, 0xc1, 0x9e, 0x0c, 0xf0, 0x67, 0x83, 0x3c, 0x19, 0xe0,
    0xcf, 0x06, 0x78, 0x33, 0xc1, 0x9e, 0x0c, 0xf0, 0x67, 0x83, 0x3c, 0x19, 0xe0, 0x01, 0x80, 0xc0,
    0x2d, 0x9a, 0xb0, 0xd7, 0x83, 0x3c, 0x19, 0xe0, 0xcf, 0x06, 0x78, 0x33, 0xc1, 0x9e, 0x0c, 0xf0,
    0x67, 0x83, 0x3c, 0x19, 0xe0, 0xcf, 0x06, 0x78, 0x33, 0xc1, 0x9e, 0x0c, 0xf0, 0x67, 0x83, 0x3a,
    0x05, 0x50, 0x06, 0xc5, 0x12, 0x5e, 0x0d, 0xf0, 0x6f, 0x83, 0x68, 0xa3, 0xe0, 0xcf, 0x06, 0x79,
    0xaf, 0xc9, 0xfe, 0x0d, 0xf3, 0x5f, 0x94, 0x7c, 0x19, 0xe0, 0xcf, 0x06, 0x78, 0x33, 0xc1, 0x9e,
    0x0c, 0xf0, 0x67, 0x83, 0x3c, 0x19, 0xe0, 0xcf, 0x06, 0x78, 0x33, 0xc1, 0x9e, 0x0c, 0xf0, 0x67,
    0x83, 0x3c, 0x19, 0xe0, 0xcf, 0x06, 0x78, 0x33, 0xc1, 0x9e, 0x0c, 0xf0, 0x67, 0x83, 0x3c, 0x19,
    0xe0, 0xcf, 0x06, 0x78, 0x33, 0xc1, 0x9e, 0x0c, 0xf0, 0x67, 0x83, 0x3c, 0x19, 0xb0, 0x2a, 0x80,
    0x36, 0x28, 0x92, 0xf0, 0xd7, 0x86, 0xac, 0x51, 0xe5, 0x0f, 0x06, 0x78, 0x33, 0xc9, 0xfe, 0x0d,
    0xf0, 0x6f, 0x9a, 0xfc, 0xa3, 0xe0, 0xcf, 0x06, 0x78, 0x33, 0xc1, 0x9e, 0x0c, 0xf0, 0x67, 0x83,
    0x3c, 0x19, 0xe0, 0xcf, 0x06, 0x78, 0x33, 0xc1, 0x9e, 0x0c, 0xf0, 0x67, 0x83, 0x3c, 0x19, 0xe0,
    0xcf, 0x06, 0x78, 0x33, 0xc1, 0x9e, 0x0c, 0xf0, 0x67, 0x83, 0x3c, 0x19, 0xe0, 0xcf, 0x06, 0x78,
    0x33, 0xc1, 0x9e, 0x0c, 0xf0, 0x67, 0x83, 0x3c, 0x18, 0x30, 0x2a, 0x80, 0x36, 0x28, 0x92, 0xf0,
    0x6f, 0x83, 0x7c, 0x1b, 0x45, 0x1f, 0x06, 0x78, 0x33, 0xcd, 0x7e, 0x4f, 0xf0, 0x6f, 0x9a, 0xfc,
    0xa3, 0xe0, 0xcf, 0x06, 0x78, 0x33, 0xc1, 0x9e, 0x0c, 0xf0, 0x67, 0x83, 0x3c, 0x19, 0xe0, 0xcf,
    0x06, 0x78, 0x33, 0xc1, 0x9e, 0x0c, 0xf0, 0x67, 0x83, 0x3c, 0x19, 0xe0, 0xcf, 0x06, 0x78, 0x33,
    0xc1, 0x9e, 0x0c, 0xf0, 0x67, 0x83, 0x3c, 0x19, 0xe0, 0xcf, 0x06, 0x78, 0x33, 0xc1, 0x9e, 0x0c,
    0xf0, 0x67, 0x83, 0x3c, 0x19, 0xe0, 0xcd, 0x81, 0x54, 0x01, 0xb1, 0x44, 0x97, 0x83, 0x7c, 0x1b,
    0xe0, 0xda, 0x28, 0xf8, 0x33, 0xc1, 0x9e, 0x6b, 0xf2, 0x7f, 0x83, 0x7c, 0xd7, 0xe5, 0x1f, 0x06,
    0x78, 0x33, 0xc1, 0x9e, 0x0c, 0xf0, 0x67, 0x83, 0x3c, 0x19, 0xe0, 0xcf, 0x06, 0x78, 0x33, 0xc1,
    0x9e, 0x0c, 0xf0, 0x67, 0x80, 0x06, 0x03, 0x00, 0xb6, 0x6a, 0xc3, 0x5e, 0x0c, 0xf0, 0x67, 0x83,
    0x3c, 0x19, 0xe0, 0xcf, 0x06, 0x78, 0x33, 0xc1, 0x9e, 0x0c, 0xf0, 0x67, 0x83, 0x3c, 0x19, 0xe0,
    0xcf, 0x06, 0x78, 0x33, 0xc1, 0x9e, 0x0c, 0xe8, 0x15, 0x40, 0x1b, 0x14, 0x49, 0x78, 0x37, 0xc1,
    0xbe, 0x0d, 0xa2, 0x8f, 0x83, 0x3c, 0x19, 0xe6, 0xbf, 0x27, 0xf8, 0x37, 0xcd, 0x7e, 0x51, 0xf0,
    0x67, 0x83, 0x3c, 0x19, 0xe0, 0xcf, 0x06, 0x78, 0x33, 0xc1, 0x9e, 0x0c, 0xf0, 0x67, 0x83, 0x3c,
    0x19, 0xe0, 0xcf, 0x06, 0x78, 0x33, 0xc1, 0x9e, 0x0c, 0xf0, 0x67, 0x83, 0x3c, 0x19, 0xe0, 0xcf,
    0x06, 0x78, 0x33, 0xc1, 0x9e, 0x0c, 0xf0, 0x67, 0x83, 0x3c, 0x19, 0xe0, 0xcf, 0x06, 0x78, 0x33,
    0xc1, 0x9e, 0x0c, 0xf0, 0x66, 0xc0, 0xaa, 0x00, 0xd8, 0xa2, 0x4b, 0xc1, 0xbe, 0x0d, 0xf0, 0x6d,
    0x14, 0x7c, 0x19, 0xe0, 0xcf, 0x35, 0xf9, 0x3f, 0xc1, 0xbe, 0x6b, 0xf2, 0x8f, 0x83, 0x3c, 0x19,
    0xe0, 0xcf, 0x06, 0x78, 0x33, 0xc1, 0x9e, 0x0c, 0xf0, 0x67, 0x83, 0x3c, 0x19, 0xe0, 0xcf, 0x06,
    0x78, 0x33, 0xc0, 0x03, 0x01, 0x80, 0x5b, 0x35, 0x61, 0xaf, 0x06, 0x78, 0x33, 0xc1, 0x9e, 0x0c,
    0xf0, 0x67, 0x83, 0x3c, 0x19, 0xe0, 0xcf, 0x06, 0x78, 0x33, 0xc1, 0x9e, 0x0c, 0xf0, 0x67, 0x83,
    0x3c, 0x19, 0xe0, 0xcf, 0x06, 0x74, 0x0a, 0xa0, 0x0d, 0x8a, 0x24, 0xbc, 0x1b, 0xe0, 0xdf, 0x06,
    0xd1, 0x47, 0xc1, 0x9e, 0x0c, 0xf3, 0x5f, 0x93, 0xfc, 0x1b, 0xe6, 0xbf, 0x28, 0xf8, 0x33, 0xc1,
    0x9e, 0x0c, 0xf0, 0x67, 0x83, 0x3c, 0x19, 0xe0, 0xcf, 0x06, 0x78, 0x33, 0xc1, 0x9e, 0x0c, 0xf0,
    0x67, 0x83, 0x3c, 0x19, 0xe0, 0xcf, 0x06, 0x78, 0x33, 0xc1, 0x9e, 0x0c, 0xf0, 0x67, 0x83, 0x3c,
    0x19, 0xe0, 0xcf, 0x06, 0x78, 0x33, 0xc1, 0x9e, 0x0c, 0xf0, 0x67, 0x83, 0x3c, 0x19, 0xe0, 0xcf,
    0x06, 0x78, 0x33, 0x60, 0x55, 0x00, 0x6c, 0x51, 0x25, 0xe0, 0xdf, 0x06, 0xf8, 0x36, 0x8a, 0x3e,
    0x0c, 0xf0, 0x67, 0x9a, 0xfc, 0x9f, 0xe0, 0xdf, 0x35, 0xf9, 0x47, 0xc1, 0x9e, 0x0c, 0xf0, 0x67,
    0x83, 0x3c, 0x19, 0xe0, 0xcf, 0x06, 0x78, 0x33, 0xc1, 0x9e, 0x0c, 0xf0, 0x67, 0x83, 0x3c, 0x19,
    0xe0, 0x01, 0x80, 0xc0, 0x2d, 0x9a, 0xb0, 0xd7, 0x83, 0x3c, 0x19, 0xe0, 0xcf, 0x06, 0x78, 0x33,
    0xc1, 0x9e, 0x0c, 0xf0, 0x67, 0x83, 0x3c, 0x19, 0xe0, 0xcf, 0x06, 0x78, 0x33, 0xc1, 0x9e, 0x0c,
    0xf0, 0x67, 0x83, 0x3a, 0x05, 0x50, 0x06, 0xc5, 0x12, 0x5e, 0x0d, 0xf0, 0x6f, 0x83, 0x68, 0xa3,
    0xe0, 0xcf, 0x06, 0x79, 0xaf, 0xc9, 0xfe, 0x0d, 0xf3, 0x5f, 0x94, 0x7c, 0x19, 0xe0, 0xcf, 0x06,
    0x78, 0x33, 0xc1, 0x9e, 0x0c, 0xf0, 0x67, 0x83, 0x3c, 0x19, 0xe0, 0xcf, 0x06, 0x78, 0x33, 0xc1,
    0x9e, 0x0c, 0xf0, 0x67, 0x83, 0x3c, 0x19, 0xe0, 0xcf, 0x06, 0x78, 0x33, 0xc1, 0x9e, 0x0c, 0xf0,
    0x67, 0x83, 0x3c, 0x19, 0xe0, 0xcf, 0x06, 0x78, 0x33, 0xc1, 0x9e, 0x0c, 0xf0, 0x67, 0x83, 0x3c,
    0x19, 0xb0, 0x2a, 0x80, 0x36, 0x28, 0x92, 0xf0, 0x6f, 0x83, 0x7c, 0x1b, 0x45, 0x1f, 0x06, 0x78,
    0x33, 0xcd, 0x7e, 0x4f, 0xf0, 0x6f, 0x9a, 0xfc, 0xa3, 0xe0, 0xcf, 0x06, 0x78, 0x33, 0xc1, 0x9e,
    0x0c, 0xf0, 0x67, 0x83, 0x3c, 0x19, 0xe0, 0xcf, 0x06, 0x78, 0x33, 0xc1, 0x9e, 0x0c, 0xf0, 0x00,
    0xc0, 0x60, 0x16, 0xcd, 0x58, 0x6b, 0xc1, 0x9e, 0x0c, 0xf0, 0x67, 0x83, 0x3c, 0x19, 0xe0, 0xcf,
    0x06, 0x78, 0x33, 0xc1, 0x9e, 0x0c, 0xf0, 0x67, 0x83, 0x3c, 0x19, 0xe0, 0xcf, 0x06, 0x78, 0x33,
    0xc1, 0x9e, 0x0c, 0xf0, 0x67, 0x83, 0x3c, 0x19, 0xe0, 0xcf, 0x06, 0x78, 0x33, 0xc1, 0x9e, 0x0c,
    0xf0, 0x67, 0x83, 0x3c, 0x19, 0xe0, 0xcf, 0x06, 0x78, 0x33, 0xc1, 0x9e, 0x0c, 0xf0, 0x67, 0x83,
    0x3c, 0x19, 0xe0, 0xcf, 0x06, 0x78, 0x33, 0xc1, 0x9e, 0x0c, 0xf0, 0x67, 0x83, 0x3c, 0x19, 0xe0,
    0xcf, 0x06, 0x78, 0x33, 0xc1, 0x9e, 0x0c, 0xf0, 0x67, 0x83, 0x3c, 0x19, 0xe0, 0xcf, 0x06, 0x78,
    0x33, 0xc1, 0x9e, 0x0c, 0xf0, 0x67, 0x83, 0x3c, 0x19, 0xe0, 0xcf, 0x06, 0x78, 0x33, 0xc1, 0x9e,
    0x0c, 0xf0, 0x67, 0x83, 0x3c, 0x19, 0xe0, 0xcf, 0x06, 0x78, 0x33, 0xc1, 0x9e, 0x0c, 0xf0, 0x67,
    0x83, 0x3c, 0x19, 0xe0, 0xcf, 0x06, 0x78, 0x33, 0xc1, 0x9e, 0x0c, 0xf0, 0x67, 0x83, 0x3c, 0x19,
    0xd0, 0x18, 0x05, 0xb3, 0x56, 0x1a, 0xf0, 0x67, 0x83, 0x3c, 0x19, 0xe0, 0xcf, 0x06, 0x78, 0x33,
    0xc1, 0x9e, 0x0c, 0xf0, 0x67, 0x83, 0x3c, 0x19, 0xe0, 0xcf, 0x06, 0x78, 0x33, 0xc1, 0x9e, 0x0c,
    0xf0, 0x67, 0x83, 0x3c, 0x19, 0xe0, 0xcf, 0x06, 0x78, 0x33, 0xc1, 0x9e, 0x0c, 0xf0, 0x67, 0x83,
    0x3c, 0x19, 0xe0, 0xcf, 0x06, 0x78, 0x33, 0xc1, 0x9e, 0x0c, 0xf0, 0x67, 0x83, 0x3c, 0x19, 0xe0,
    0xcf, 0x06, 0x78, 0x33, 0xc1, 0x9e, 0x0c, 0xf0, 0x67, 0x83, 0x3c, 0x19, 0xe0, 0xcf, 0x06, 0x78,
    0x33, 0xc1, 0x9e, 0x0c, 0xf0, 0x67, 0x83, 0x3c, 0x19, 0xe0, 0xcf, 0x06, 0x78, 0x33, 0xc1, 0x9e,
    0x0c, 0xf0, 0x67, 0x83, 0x3c, 0x19, 0xe0, 0xcf, 0x06, 0x78, 0x33, 0xc1, 0x9e, 0x0c, 0xf0, 0x67,
    0x83, 0x3c, 0x19, 0xe0, 0xcf, 0x06, 0x78, 0x33, 0xc1, 0x9e, 0x0c, 0xf0, 0x67, 0x83, 0x3c, 0x19,
    0xe0, 0xcf, 0x06, 0x78, 0x33, 0xc1, 0x9e, 0x0c, 0xf0, 0x67, 0x83, 0x3c, 0x19, 0xe0, 0xcf, 0x06,
    0x74, 0x06, 0x01, 0x6c, 0xd5, 0x86, 0xbc, 0x19, 0xe0, 0xcf, 0x06, 0x78, 0x33, 0xc1, 0x9e, 0x0c,
    0xf0, 0x67, 0x83, 0x3c, 0x19, 0xe0, 0xcf, 0x06, 0x78, 0x33, 0xc1, 0x9e, 0x0c, 0xf0, 0x67, 0x83,
    0x3c, 0x19, 0xe0, 0xcf, 0x06, 0x78, 0x33, 0xc1, 0x9e, 0x0c, 0xf0, 0x67, 0x83, 0x3c, 0x19, 0xe0,
    0xcf, 0x06, 0x78, 0x33, 0xc1, 0x9e, 0x0c, 0xf0, 0x67, 0x83, 0x3c, 0x19, 0xe0, 0xcf, 0x06, 0x78,
    0x33, 0xc1, 0x9e, 0x0c, 0xf0, 0x67, 0x83, 0x3c, 0x19, 0xe0, 0xcf, 0x06, 0x78, 0x33, 0xc1, 0x9e,
    0x0c, 0xf0, 0x67, 0x83, 0x3c, 0x19, 0xe0, 0xcf, 0x06, 0x78, 0x33, 0xc1, 0x9e, 0x0c, 0xf0, 0x67,
    0x83, 0x3c, 0x19, 0xe0, 0xcf, 0x06, 0x78, 0x33, 0xc1, 0x9e, 0x0c, 0xf0, 0x67, 0x83, 0x3c, 0x19,
    0xe0, 0xcf, 0x06, 0x78, 0x33, 0xc1, 0x9e, 0x0c, 0xf0, 0x67, 0x83, 0x3c, 0x19, 0xe0, 0xcf, 0x06,
    0x78, 0x33, 0xc1, 0x9e, 0x0c, 0xf0, 0x67, 0x83, 0x3c, 0x19, 0xe0, 0xcf, 0x06, 0x78, 0x33, 0xc1,
    0x9d, 0x01, 0x80, 0x5b, 0x35, 0x61, 0xaf, 0x06, 0x78, 0x33, 0xc1, 0x9e, 0x0c, 0xf0, 0x67, 0x83,
    0x3c, 0x19, 0xe0, 0xcf, 0x06, 0x78, 0x33, 0xc1, 0x9e, 0x0c, 0xf0, 0x67, 0x83, 0x3c, 0x19, 0xe0,
    0xcf, 0x06, 0x78, 0x33, 0xc1, 0x9e, 0x0c, 0xf0, 0x67, 0x83, 0x3c, 0x19, 0xe0, 0xcf, 0x06, 0x78,
    0x33, 0xc1, 0x9e, 0x0c, 0xf0, 0x67, 0x83, 0x3c, 0x19, 0xe0, 0xcf, 0x06, 0x78, 0x33, 0xc1, 0x9e,
    0x0c, 0xf0, 0x67, 0x83, 0x3c, 0x19, 0xe0, 0xcf, 0x06, 0x78, 0x33, 0xc1, 0x9e, 0x0c, 0xf0, 0x67,
    0x83, 0x3c, 0x19, 0xe0, 0xcf, 0x06, 0x78, 0x33, 0xc1, 0x9e, 0x0c, 0xf0, 0x67, 0x83, 0x3c, 0x19,
    0xe0, 0xcf, 0x06, 0x78, 0x33, 0xc1, 0x9e, 0x0c, 0xf0, 0x67, 0x83, 0x3c, 0x19, 0xe0, 0xcf, 0x06,
    0x78, 0x33, 0xc1, 0x9e, 0x0c, 0xf0, 0x67, 0x83, 0x3c, 0x19, 0xe0, 0xcf, 0x06, 0x78, 0x33, 0xc1,
    0x9e, 0x0c, 0xf0, 0x67, 0x83, 0x3c, 0x19, 0xe0, 0xcf, 0x06, 0x78, 0x33, 0xc1, 0x9e, 0x0c, 0xf0,
    0x67, 0x40, 0x60, 0x16, 0xcd, 0x58, 0x6b, 0xc1, 0x9e, 0x0c, 0xf0, 0x67, 0x83, 0x3c, 0x19, 0xe0,
    0xcf, 0x06, 0x78, 0x33, 0xc1, 0x9e, 0x0c, 0xf0, 0x67, 0x83, 0x3c, 0x19, 0xe0, 0xcf, 0x06, 0x78,
    0x33, 0xc1, 0x9e, 0x0c, 0xf0, 0x67, 0x83, 0x3c, 0x19, 0xe0, 0xcf, 0x06, 0x78, 0x33, 0xc1, 0x9e,
    0x0c, 0xf0, 0x67, 0x83, 0x3c, 0x19, 0xe0, 0xcf, 0x06, 0x78, 0x33, 0xc1, 0x9e, 0x0c, 0xf0, 0x67,
    0x83, 0x3c, 0x19, 0xe0, 0xcf, 0x06, 0x78, 0x33, 0xc1, 0x9e, 0x0c, 0xf0, 0x67, 0x83, 0x3c, 0x19,
    0xe0, 0xcf, 0x06, 0x78, 0x33, 0xc1, 0x9e, 0x0c, 0xf0, 0x67, 0x83, 0x3c, 0x19, 0xe0, 0xcf, 0x06,
    0x78, 0x33, 0xc1, 0x9e, 0x0c, 0xf0, 0x67, 0x83, 0x3c, 0x19, 0xe0, 0xcf, 0x06, 0x78, 0x33, 0xc1,
    0x9e, 0x0c, 0xf0, 0x67, 0x83, 0x3c, 0x19, 0xe0, 0xcf, 0x06, 0x78, 0x33, 0xc1, 0x9e, 0x0c, 0xf0,
    0x67, 0x83, 0x3c, 0x19, 0xe0, 0xcf, 0x06, 0x78, 0x33, 0xc1, 0x9e, 0x0c, 0xf0, 0x67, 0x83, 0x3c,
    0x19, 0xe0, 0xcf, 0x06, 0x78, 0x33, 0xc1, 0x9e, 0x0c, 0xf0, 0x67, 0x83, 0x3c, 0x19, 0xe0, 0xcf,
    0x06, 0x78, 0x33, 0xc1, 0x9e, 0x0c, 0xf0, 0x67, 0x83, 0x3c, 0x19, 0xe0, 0xcf, 0x06, 0x78, 0x33,
    0xc1, 0x9e, 0x0c, 0xf0, 0x67, 0x83, 0x3c, 0x19, 0xe0, 0xcf, 0x06, 0x78, 0x33, 0xc1, 0x9e, 0x0c,
    0xf0, 0x67, 0x83, 0x3c, 0x19, 0xe0, 0xcf, 0x06, 0x78, 0x33, 0xc1, 0x9e, 0x0c, 0xf0, 0x67, 0x83,
    0x3c, 0x19, 0xe0, 0xcf, 0x06, 0x78, 0x33, 0xc1, 0x9e, 0x0c, 0xf0, 0x67, 0x83, 0x3c, 0x19, 0xe0,
    0xcf, 0x06, 0x78, 0x33, 0xc1, 0x9e, 0x0c, 0xf0, 0x67, 0x83, 0x3c, 0x19, 0xe0, 0xcf, 0x06, 0x78,
    0x33, 0xc1, 0x9e, 0x0c, 0xf0, 0x67, 0x83, 0x3c, 0x19, 0xe0, 0xcf, 0x06, 0x78, 0x33, 0xc1, 0x9e,
    0x0c, 0xf0, 0x67, 0x83, 0x3c, 0x19, 0xe0, 0xcf, 0x06, 0x78, 0x33, 0xc1, 0x9e, 0x0c, 0xf0, 0x67,
    0x83, 0x3c, 0x19, 0xe0, 0xcf, 0x06, 0x78, 0x33, 0xc1, 0x9e, 0x0c, 0xf0, 0x67, 0xc0, 0x20, 0x30,
    0x0b, 0x66, 0xac, 0x35, 0xe0, 0xcf, 0x06, 0x78, 0x33, 0xc1, 0x9e, 0x0c, 0xf0, 0x67, 0x83, 0x3c,
    0x19, 0xe0, 0xcf, 0x06, 0x78, 0x33, 0xc1, 0x9e, 0x0c, 0xf0, 0x67, 0x83, 0x3c, 0x19, 0xe0, 0xcf,
    0x06, 0x78, 0x33, 0xc1, 0x9e, 0x0c, 0xf0, 0x67, 0x83, 0x3c, 0x19, 0xe0, 0xcf, 0x06, 0x78, 0x33,
    0xc1, 0x9e, 0x0c, 0xf0, 0x67, 0x83, 0x3c, 0x19, 0xe0, 0xcf, 0x06, 0x78, 0x33, 0xc1, 0x9e, 0x0c,
    0xf0, 0x67, 0x83, 0x3c, 0x19, 0xe0, 0xcf, 0x06, 0x78, 0x33, 0xc1, 0x9e, 0x0c, 0xf0, 0x67, 0x83,
    0x3c, 0x19, 0xe0, 0xcf, 0x06, 0x78, 0x33, 0xc1, 0x9e, 0x0c, 0xf0, 0x67, 0x83, 0x3c, 0x19, 0xe0,
    0xcf, 0x06, 0x78, 0x33, 0xc1, 0x9e, 0x0c, 0xf0, 0x67, 0x83, 0x3c, 0x19, 0xe0, 0xcf, 0x06, 0x78,
    0x33, 0xc1, 0x9e, 0x0c, 0xf0, 0x67, 0x83, 0x3c, 0x19, 0xe0, 0xcf, 0x06, 0x78, 0x33, 0xc1, 0x9e,
    0x0c, 0xf0, 0x67, 0x83, 0x3c, 0x19, 0xe0, 0xcf, 0x06, 0x78, 0x33, 0xc1, 0x9e, 0x0c, 0xe8, 0x0c,
    0x02, 0xd9, 0xab, 0x0d, 0x78, 0x33, 0xc1, 0x9e, 0x0c, 0xf0, 0x67, 0x83, 0x3c, 0x19, 0xe0, 0xcf,
    0x06, 0x78, 0x33, 0xc1, 0x9e, 0x0c, 0xf0, 0x67, 0x83, 0x3c, 0x19, 0xe0, 0xcf, 0x06, 0x78, 0x33,
    0xc1, 0x9e, 0x0c, 0xf0, 0x67, 0x83, 0x3c, 0x19, 0xe0, 0xcf, 0x06, 0x78, 0x33, 0xc1, 0x9e, 0x0c,
    0xf0, 0x67, 0x83, 0x3c, 0x19, 0xe0, 0xcf, 0x06, 0x78, 0x33, 0xc1, 0x9e, 0x0c, 0xf0, 0x67, 0x83,
    0x3c, 0x19, 0xe0, 0xcf, 0x06, 0x78, 0x33, 0xc1, 0x9e, 0x0c, 0xf0, 0x67, 0x83, 0x3c, 0x19, 0xe0,
    0xcf, 0x06, 0x78, 0x33, 0xc1, 0x9e, 0x0c, 0xf0, 0x67, 0x83, 0x3c, 0x19, 0xe0, 0xcf, 0x06, 0x78,
    0x33, 0xc1, 0x9e, 0x0c, 0xf0, 0x67, 0x83, 0x3c, 0x19, 0xe0, 0xcf, 0x06, 0x78, 0x33, 0xc1, 0x9e,
    0x0c, 0xf0, 0x67, 0x83, 0x3c, 0x19, 0xe0, 0xcf, 0x06, 0x78, 0x33, 0xc1, 0x9e, 0x0c, 0xf0, 0x67,
    0x83, 0x3c, 0x19, 0xe0, 0xcf, 0x06, 0x78, 0x33, 0xc1, 0x9e, 0x0c, 0xf0, 0x67, 0x83, 0x3a, 0x03,
    0x00, 0xb6, 0x6a, 0xc3, 0x5e, 0x0c, 0xf0, 0x67, 0x83, 0x3c, 0x19, 0xe0, 0xcf, 0x06, 0x78, 0x33,
    0xc1, 0x9e, 0x0c, 0xf0, 0x67, 0x83, 0x3c, 0x19, 0xe0, 0xcf, 0x06, 0x78, 0x33, 0xc1, 0x9e, 0x0c,
    0xf0, 0x67, 0x83, 0x3c, 0x19, 0xe0, 0xcf, 0x06, 0x78, 0x33, 0xc1, 0x9e, 0x0c, 0xf0, 0x67, 0x83,
    0x3c, 0x19, 0xe0, 0xcf, 0x06, 0x78, 0x33, 0xc1, 0x9e, 0x0c, 0xf0, 0x67, 0x83, 0x3c, 0x19, 0xe0,
    0xcf, 0x06, 0x78, 0x33, 0xc1, 0x9e, 0x0c, 0xf0, 0x67, 0x83, 0x3c, 0x19, 0xe0, 0xcf, 0x06, 0x78,
    0x33, 0xc1, 0x9e, 0x0c, 0xf0, 0x67, 0x83, 0x3c, 0x19, 0xe0, 0xcf, 0x06, 0x78, 0x33, 0xc1, 0x9e,
    0x0c, 0xf0, 0x67, 0x83, 0x3c, 0x19, 0xe0, 0xcf, 0x06, 0x78, 0x33, 0xc1, 0x9e, 0x0c, 0xf0, 0x67,
    0x83, 0x3c, 0x19, 0xe0, 0xcf, 0x06, 0x78, 0x33, 0xc1, 0x9e, 0x0c, 0xf0, 0x67, 0x83, 0x3c, 0x19,
    0xe0, 0xcf, 0x06, 0x78, 0x33, 0xc1, 0x9e, 0x0c, 0xf0, 0x67, 0x83, 0x3c, 0x19, 0xe0, 0xce, 0x80,
    0xc0, 0x2d, 0x9a, 0xb0, 0xd7, 0x83, 0x3c, 0x19, 0xe0, 0xcf, 0x06, 0x78, 0x33, 0xc1, 0x9e, 0x0c,
    0xf0, 0x67, 0x83, 0x3c, 0x19, 0xe0, 0xcf, 0x06, 0x78, 0x33, 0xc1, 0x9e, 0x0c, 0xf0, 0x67, 0x83,
    0x3c, 0x19, 0xe0, 0xcf, 0x06, 0x78, 0x33, 0xc1, 0x9e, 0x0c, 0xf0, 0x67, 0x83, 0x3c, 0x19, 0xe0,
    0xcf, 0x06, 0x78, 0x33, 0xc1, 0x9e, 0x0c, 0xf0, 0x67, 0x83, 0x3c, 0x19, 0xe0, 0xcf, 0x06, 0x78,
    0x33, 0xc1, 0x9e, 0x0c, 0xf0, 0x67, 0x83, 0x3c, 0x19, 0xe0, 0xcf, 0x06, 0x78, 0x33, 0xc1, 0x9e,
    0x0c, 0xf0, 0x67, 0x83, 0x3c, 0x19, 0xe0, 0xcf, 0x06, 0x78, 0x33, 0xc1, 0x9e, 0x0c, 0xf0, 0x67,
    0x83, 0x3c, 0x19, 0xe0, 0xcf, 0x06, 0x78, 0x33, 0xc1, 0x9e, 0x0c, 0xf0, 0x67, 0x83, 0x3c, 0x19,
    0xe0, 0xcf, 0x06, 0x78, 0x33, 0xc1, 0x9e, 0x0c, 0xf0, 0x67, 0x83, 0x3c, 0x19, 0xe0, 0xcf, 0x06,
    0x78, 0x33, 0xc1, 0x9e, 0x0c, 0xf0, 0x67, 0x83, 0x3c, 0x19, 0xe0, 0xcf, 0x06, 0x78, 0x33, 0xc1,
    0x9e, 0x0c, 0xf0, 0x67, 0x83, 0x3c, 0x19, 0xe0, 0xcf, 0x06, 0x78, 0x33, 0xc1, 0x9e, 0x0c, 0xf0,
    0x67, 0x83, 0x3c, 0x19, 0xe0, 0xcf, 0x06, 0x78, 0x33, 0xc1, 0x9e, 0x0c, 0xf0, 0x67, 0x83, 0x3c,
    0x19, 0xe0, 0xcf, 0x06, 0x78, 0x33, 0xc1, 0x9e, 0x0c, 0xf0, 0x67, 0x83, 0x3c, 0x19, 0xe0, 0xcf,
    0x06, 0x78, 0x33, 0xc1, 0x9e, 0x0c, 0xf0, 0x67, 0x83, 0x3c, 0x19, 0xe0, 0xcf, 0x06, 0x78, 0x33,
    0xc1, 0x9e, 0x0c, 0xf0, 0x67, 0x83, 0x3c, 0x19, 0xe0, 0xcf, 0x06, 0x78, 0x33, 0xc1, 0x9e, 0x0c,
    0xf0, 0x67, 0x83, 0x3c, 0x19, 0xe0, 0xcf, 0x06, 0x78, 0x33, 0xc1, 0x9e, 0x0c, 0xf0, 0x67, 0x83,
    0x3c, 0x19, 0xe0, 0xcf, 0x06, 0x78, 0x33, 0xc1, 0x9e, 0x0c, 0xf0, 0x67, 0x83, 0x3c, 0x19, 0xe0,
    0xcf, 0x06, 0x78, 0x33, 0xc1, 0x9e, 0x0c, 0xf0, 0x67, 0x83, 0x3c, 0x19, 0xe0, 0xcf, 0x06, 0x78,
    0x33, 0xc1, 0x9e, 0x0c, 0xf0, 0x67, 0x83, 0x3c, 0x19, 0xe0, 0xcf, 0x06, 0x78, 0x33, 0xc1, 0x9e,
    0x0c, 0xf0, 0x67, 0x83, 0x3c, 0x19, 0xe0, 0xcf, 0x06, 0x78, 0x33, 0xc1, 0x9e, 0x0c, 0xf0, 0x67,
    0x83, 0x3c, 0x19, 0xe0, 0xcf, 0x06, 0x78, 0x33, 0xc1, 0x9e, 0x0c, 0xf0, 0x67, 0x83, 0x3c, 0x19,
    0xe0, 0xcf, 0x06, 0x78, 0x33, 0xc1, 0x9e, 0x0c, 0xf0, 0x67, 0x83, 0x3c, 0x19, 0xe0, 0xcf, 0x06,
    0x78, 0x33, 0xc1, 0x9e, 0x0c, 0xf0, 0x67, 0x83, 0x3c, 0x19, 0xe0, 0xcf, 0x06, 0x78, 0x33, 0xc1,
    0x9e, 0x0c, 0xf0, 0x67, 0x83, 0x3c, 0x19, 0xe0, 0xcf, 0x06, 0x78, 0x33, 0xc1, 0x9e, 0x0c, 0xf0,
    0x67, 0x83, 0x3c, 0x19, 0xe0, 0xcf, 0x06, 0x78, 0x33, 0xc1, 0x9e, 0x0c, 0xf0, 0x67, 0x83, 0x3c,
    0x19, 0xe0, 0xcf, 0x06, 0x78, 0x33, 0xc1, 0x9e, 0x0c, 0xf0, 0x67, 0x83, 0x3c, 0x19, 0xe0, 0xcf,
    0x06, 0x78, 0x33, 0xc1, 0x9e, 0x0c, 0xf0, 0x67, 0x83, 0x3c, 0x19, 0xe0, 0xcf, 0x06, 0x78, 0x33,
    0xc1, 0x9e, 0x0c, 0xf0, 0x67, 0x83, 0x3c, 0x00, 0x50, 0x18, 0x05, 0xb3, 0x56, 0x1a, 0xf0, 0x67,
    0x83, 0x3c, 0x19, 0xe0, 0xcf, 0x06, 0x78, 0x33, 0xc1, 0x9e, 0x0c, 0xf0, 0x67, 0x83, 0x3c, 0x19,
    0xe0, 0xcf, 0x06, 0x78, 0x33, 0xc1, 0x9e, 0x0c, 0xf0, 0x67, 0x83, 0x3c, 0x19, 0xe0, 0xcf, 0x06,
    0x78, 0x33, 0xc1, 0x9e, 0x0c, 0xf0, 0x67, 0x83, 0x3c, 0x19, 0xe0, 0xcf, 0x06, 0x78, 0x33, 0xc1,
    0x9e, 0x0c, 0xf0, 0x67, 0x83, 0x3c, 0x19, 0xe0, 0xcf, 0x06, 0x78, 0x33, 0xc1, 0x9e, 0x0c, 0xf0,
    0x67, 0x83, 0x3c, 0x19, 0xe0, 0xcf, 0x06, 0x78, 0x33, 0xc1, 0x9e, 0x0c, 0xf0, 0x67, 0x83, 0x3c,
    0x19, 0xe0, 0xcf, 0x06, 0x78, 0x33, 0xc1, 0x9e, 0x0c, 0xf0, 0x67, 0x83, 0x3c, 0x19, 0xe0, 0xcf,
    0x06, 0x78, 0x33, 0xc1, 0x9e, 0x0c, 0xf0, 0x67, 0x83, 0x3c, 0x19, 0xe0, 0xcf, 0x06, 0x78, 0x33,
    0xc1, 0x9e, 0x0c, 0xf0, 0x67, 0x83, 0x3c, 0x19, 0xe0, 0xcf, 0x06, 0x78, 0x33, 0xc1, 0x9e, 0x0c,
    0xf0, 0x67, 0x83, 0x3c, 0x19, 0xe0, 0xcf, 0x06, 0x74, 0x06, 0x01, 0x6c, 0xd5, 0x86, 0xbc, 0x19,
    0xe0, 0xcf, 0x06, 0x78, 0x33, 0xc1, 0x9e, 0x0c, 0xf0, 0x67, 0x83, 0x3c, 0x19, 0xe0, 0xcf, 0x06,
    0x78, 0x33, 0xc1, 0x9e, 0x0c, 0xf0, 0x67, 0x83, 0x3c, 0x19, 0xe0, 0xcf, 0x06, 0x78, 0x33, 0xc1,
    0x9e, 0x0c, 0xf0, 0x67, 0x83, 0x3c, 0x19, 0xe0, 0xcf, 0x06, 0x78, 0x33, 0xc1, 0x9e, 0x0c, 0xf0,
    0x67, 0x83, 0x3c, 0x19, 0xe0, 0xcf, 0x06, 0x78, 0x33, 0xc1, 0x9e, 0x0c, 0xf0, 0x67, 0x83, 0x3c,
    0x19, 0xe0, 0xcf, 0x06, 0x78, 0x33, 0xc1, 0x9e, 0x0c, 0xf0, 0x67, 0x83, 0x3c, 0x19, 0xe0, 0xcf,
    0x06, 0x78, 0x33, 0xc1, 0x9e, 0x0c, 0xf0, 0x67, 0x83, 0x3c, 0x19, 0xe0, 0xcf, 0x06, 0x78, 0x33,
    0xc1, 0x9e, 0x0c, 0xf0, 0x67, 0x83, 0x3c, 0x19, 0xe0, 0xcf, 0x06, 0x78, 0x33, 0xc1, 0x9e, 0x0c,
    0xf0, 0x67, 0x83, 0x3c, 0x19, 0xe0, 0xcf, 0x06, 0x78, 0x33, 0xc1, 0x9e, 0x0c, 0xf0, 0x67, 0x83,
    0x3c, 0x19, 0xe0, 0xcf, 0x06, 0x78, 0x33, 0xc1, 0x9d, 0x01, 0x80, 0x5b, 0x35, 0x61, 0xaf, 0x06,
    0x78, 0x33, 0xc1, 0x9e, 0x0c, 0xf0, 0x67, 0x83, 0x3c, 0x19, 0xe0, 0xcf, 0x06, 0x78, 0x33, 0xc1,
    0x9e, 0x0c, 0xf0, 0x67, 0x83, 0x3c, 0x19, 0xe0, 0xcf, 0x06, 0x78, 0x33, 0xc1, 0x9e, 0x0c, 0xf0,
    0x67, 0x83, 0x3c, 0x19, 0xe0, 0xcf, 0x06, 0x78, 0x33, 0xc1, 0x9e, 0x0c, 0xf0, 0x67, 0x83, 0x3c,
    0x19, 0xe0, 0xcf, 0x06, 0x78, 0x33, 0xc1, 0x9e, 0x0c, 0xf0, 0x67, 0x83, 0x3c, 0x19, 0xe0, 0xcf,
    0x06, 0x78, 0x33, 0xc1, 0x9e, 0x0c, 0xf0, 0x67, 0x83, 0x3c, 0x19, 0xe0, 0xcf, 0x06, 0x78, 0x33,
    0xc1, 0x9e, 0x0c, 0xf0, 0x67, 0x83, 0x3c, 0x19, 0xe0, 0xcf, 0x06, 0x78, 0x33, 0xc1, 0x9e, 0x0c,
    0xf0, 0x67, 0x83, 0x3c, 0x19, 0xe0, 0xcf, 0x06, 0x78, 0x33, 0xc1, 0x9e, 0x0c, 0xf0, 0x67, 0x83,
    0x3c, 0x19, 0xe0, 0xcf, 0x06, 0x78, 0x33, 0xc1, 0x9e, 0x0c, 0xf0, 0x67, 0x83, 0x3c, 0x19, 0xe0,
    0xcf, 0x06, 0x78, 0x33, 0xc1, 0x9e, 0x0c, 0xf0, 0x67, 0x40, 0x60, 0x16, 0xcd, 0x58, 0x6b, 0xc1,
    0x9e, 0x0c, 0xf0, 0x67, 0x83, 0x3c, 0x19, 0xe0, 0xcf, 0x06, 0x78, 0x33, 0xc1, 0x9e, 0x0c, 0xf0,
    0x67, 0x83, 0x3c, 0x19, 0xe0, 0xcf, 0x06, 0x78, 0x33, 0xc1, 0x9e, 0x0c, 0xf0, 0x67, 0x83, 0x3c,
    0x19, 0xe0, 0xcf, 0x06, 0x78, 0x33, 0xc1, 0x9e, 0x0c, 0xf0, 0x67, 0x83, 0x3c, 0x19, 0xe0, 0xcf,
    0x06, 0x78, 0x33, 0xc1, 0x9e, 0x0c, 0xf0, 0x67, 0x83, 0x3c, 0x19, 0xe0, 0xcf, 0x06, 0x78, 0x33,
    0xc1, 0x9e, 0x0c, 0xf0, 0x67, 0x83, 0x3c, 0x19, 0xe0, 0xcf, 0x06, 0x78, 0x33, 0xc1, 0x9e, 0x0c,
    0xf0, 0x67, 0x83, 0x3c, 0x19, 0xe0, 0xcf, 0x06, 0x78, 0x33, 0xc1, 0x9e, 0x0c, 0xf0, 0x67, 0x83,
    0x3c, 0x19, 0xe0, 0xcf, 0x06, 0x78, 0x33, 0xc1, 0x9e, 0x0c, 0xf0, 0x67, 0x83, 0x3c, 0x19, 0xe0,
    0xcf, 0x06, 0x78, 0x33, 0xc1, 0x9e, 0x0c, 0xf0, 0x67, 0x83, 0x3c, 0x19, 0xe0, 0xcf, 0x06, 0x78,
    0x33, 0xc1, 0x9e, 0x0c, 0xf0, 0x67, 0x83, 0x3c, 0x19, 0xe0, 0xcf, 0x06, 0x78, 0x33, 0xc1, 0x9e,
    0x0c, 0xf0, 0x67, 0x83, 0x3c, 0x19, 0xe0, 0xcf, 0x06, 0x78, 0x33, 0xc1, 0x9e, 0x0c, 0xf0, 0x67,
    0x83, 0x3c, 0x19, 0xe0, 0xcf, 0x06, 0x78, 0x33, 0xc1, 0x9e, 0x0c, 0xf0, 0x67, 0x83, 0x3c, 0x19,
    0xe0, 0xcf, 0x06, 0x78, 0x33, 0xc1, 0x9e, 0x0c, 0xf0, 0x67, 0x83, 0x3c, 0x19, 0xe0, 0xcf, 0x06,
    0x78, 0x33, 0xc1, 0x9e, 0x0c, 0xf0, 0x67, 0x83, 0x3c, 0x19, 0xe0, 0xcf, 0x06, 0x78, 0x33, 0xc1,
    0x9e, 0x0c, 0xf0, 0x67, 0x83, 0x3c, 0x19, 0xe0, 0xcf, 0x06, 0x78, 0x33, 0xc1, 0x9e, 0x0c, 0xf0,
    0x67, 0x83, 0x3c, 0x19, 0xe0, 0xcf, 0x06, 0x78, 0x33, 0xc1, 0x9e, 0x0c, 0xf0, 0x67, 0x83, 0x3c,
    0x19, 0xe0, 0xcf, 0x06, 0x78, 0x33, 0xc1, 0x9e, 0x0c, 0xf0, 0x67, 0x83, 0x3c, 0x19, 0xe0, 0xcf,
    0x06, 0x78, 0x33, 0xc1, 0x9e, 0x0c, 0xf0, 0x67, 0x83, 0x3c, 0x19, 0xe0, 0xcf, 0x06, 0x78, 0x33,
    0xc1, 0x9e, 0x0c, 0xf0, 0x67, 0xc0, 0x20, 0x30, 0x0b, 0x66, 0xac, 0x35, 0xe0, 0xcf, 0x06, 0x78,
    0x33, 0xc1, 0x9e, 0x0c, 0xf0, 0x67, 0x83, 0x3c, 0x19, 0xe0, 0xcf, 0x06, 0x78, 0x33, 0xc1, 0x9e,
    0x0c, 0xf0, 0x67, 0x83, 0x3c, 0x19, 0xe0, 0xcf, 0x06, 0x78, 0x33, 0xc1, 0x9e, 0x0c, 0xf0, 0x67,
    0x83, 0x3c, 0x19, 0xe0, 0xcf, 0x06, 0x78, 0x33, 0xc1, 0x9e, 0x0c, 0xf0, 0x67, 0x83, 0x3c, 0x19,
    0xe0, 0xcf, 0x06, 0x78, 0x33, 0xc1, 0x9e, 0x0c, 0xf0, 0x67, 0x83, 0x3c, 0x19, 0xe0, 0xcf, 0x06,
    0x78, 0x33, 0xc1, 0x9e, 0x0c, 0xf0, 0x67, 0x83, 0x3c, 0x19, 0xe0, 0xcf, 0x06, 0x78, 0x33, 0xc1,
    0x9e, 0x0c, 0xf0, 0x67, 0x83, 0x3c, 0x19, 0xe0, 0xcf, 0x06, 0x78, 0x33, 0xc1, 0x9e, 0x0c, 0xf0,
    0x67, 0x83, 0x3c, 0x19, 0xe0, 0xcf, 0x06, 0x78, 0x33, 0xc1, 0x9e, 0x0c, 0xf0, 0x67, 0x83, 0x3c,
    0x19, 0xe0, 0xcf, 0x06, 0x78, 0x33, 0xc1, 0x9e, 0x0c, 0xf0, 0x67, 0x83, 0x3c, 0x19, 0xe0, 0xcf,
    0x06, 0x78, 0x33, 0xc1, 0x9e, 0x0c, 0xe8, 0x0c, 0x02, 0xd9, 0xab, 0x0d, 0x78, 0x33, 0xc1, 0x9e,
    0x0c, 0xf0, 0x67, 0x83, 0x3c, 0x19, 0xe0, 0xcf, 0x06, 0x78, 0x33, 0xc1, 0x9e, 0x0c, 0xf0, 0x67,
    0x83, 0x3c, 0x19, 0xe0, 0xcf, 0x06, 0x78, 0x33, 0xc1, 0x9e, 0x0c, 0xf0, 0x67, 0x83, 0x3c, 0x19,
    0xe0, 0xcf, 0x06, 0x78, 0x33, 0xc1, 0x9e, 0x0c, 0xf0, 0x67, 0x83, 0x3c, 0x19, 0xe0, 0xcf, 0x06,
    0x78, 0x33, 0xc1, 0x9e, 0x0c, 0xf0, 0x67, 0x83, 0x3c, 0x19, 0xe0, 0xcf, 0x06, 0x78, 0x33, 0xc1,
    0x9e, 0x0c, 0xf0, 0x67, 0x83, 0x3c, 0x19, 0xe0, 0xcf, 0x06, 0x78, 0x33, 0xc1, 0x9e, 0x0c, 0xf0,
    0x67, 0x83, 0x3c, 0x19, 0xe0, 0xcf, 0x06, 0x78, 0x33, 0xc1, 0x9e, 0x0c, 0xf0, 0x67, 0x83, 0x3c,
    0x19, 0xe0, 0xcf, 0x06, 0x78, 0x33, 0xc1, 0x9e, 0x0c, 0xf0, 0x67, 0x83, 0x3c, 0x19, 0xe0, 0xcf,
    0x06, 0x78, 0x33, 0xc1, 0x9e, 0x0c, 0xf0, 0x67, 0x83, 0x3c, 0x19, 0xe0, 0xcf, 0x06, 0x78, 0x33,
    0xc1, 0x9e, 0x0c, 0xf0, 0x67, 0x83, 0x3a, 0x03, 0x00, 0xb6, 0x6a, 0xc3, 0x5e, 0x0c, 0xf0, 0x67,
    0x83, 0x3c, 0x19, 0xe0, 0xcf, 0x06, 0x78, 0x33, 0xc1, 0x9e, 0x0c, 0xf0, 0x67, 0x83, 0x3c, 0x19,
    0xe0, 0xcf, 0x06, 0x78, 0x33, 0xc1, 0x9e, 0x0c, 0xf0, 0x67, 0x83, 0x3c, 0x19, 0xe0, 0xcf, 0x06,
    0x78, 0x33, 0xc1, 0x9e, 0x0c, 0xf0, 0x67, 0x83, 0x3c, 0x19, 0xe0, 0xcf, 0x06, 0x78, 0x33, 0xc1,
    0x9e, 0x0c, 0xf0, 0x67, 0x83, 0x3c, 0x19, 0xe0, 0xcf, 0x06, 0x78, 0x33, 0xc1, 0x9e, 0x0c, 0xf0,
    0x67, 0x83, 0x3c, 0x19, 0xe0, 0xcf, 0x06, 0x78, 0x33, 0xc1, 0x9e, 0x0c, 0xf0, 0x67, 0x83, 0x3c,
    0x19, 0xe0, 0xcf, 0x06, 0x78, 0x33, 0xc1, 0x9e, 0x0c, 0xf0, 0x67, 0x83, 0x3c, 0x19, 0xe0, 0xcf,
    0x06, 0x78, 0x33, 0xc1, 0x9e, 0x0c, 0xf0, 0x67, 0x83, 0x3c, 0x19, 0xe0, 0xcf, 0x06, 0x78, 0x33,
    0xc1, 0x9e, 0x0c, 0xf0, 0x67, 0x83, 0x3c, 0x19, 0xe0, 0xcf, 0x06, 0x78, 0x33, 0xc1, 0x9e, 0x0c,
    0xf0, 0x67, 0x83, 0x3c, 0x19, 0xe0, 0xce, 0x80, 0xc0, 0x2d, 0x9a, 0xb0, 0xd7, 0x83, 0x3c, 0x19,
    0xe0, 0xcf, 0x06, 0x78, 0x33, 0xc1, 0x9e, 0x0c, 0xf0, 0x67, 0x83, 0x3c, 0x19, 0xe0, 0xcf, 0x06,
    0x78, 0x33, 0xc1, 0x9e, 0x0c, 0xf0, 0x67, 0x83, 0x3c, 0x19, 0xe0, 0xcf, 0x06, 0x78, 0x33, 0xc1,
    0x9e, 0x0c, 0xf0, 0x67, 0x83, 0x3c, 0x19, 0xe0, 0xcf, 0x06, 0x78, 0x33, 0xc1, 0x9e, 0x0c, 0xf0,
    0x67, 0x83, 0x3c, 0x19, 0xe0, 0xcf, 0x06, 0x78, 0x33, 0xc1, 0x9e, 0x0c, 0xf0, 0x67, 0x83, 0x3c,
    0x19, 0xe0, 0xcf, 0x06, 0x78, 0x33, 0xc1, 0x9e, 0x0c, 0xf0, 0x67, 0x83, 0x3c, 0x19, 0xe0, 0xcf,
    0x06, 0x78, 0x33, 0xc1, 0x9e, 0x0c, 0xf0, 0x67, 0x83, 0x3c, 0x19, 0xe0, 0xcf, 0x06, 0x78, 0x33,
    0xc1, 0x9e, 0x0c, 0xf0, 0x67, 0x83, 0x3c, 0x19, 0xe0, 0xcf, 0x06, 0x78, 0x33, 0xc1, 0x9e, 0x0c,
    0xf0, 0x67, 0x83, 0x3c, 0x19, 0xe0, 0xcf, 0x06, 0x78, 0x33, 0xc1, 0x9e, 0x0c, 0xf0, 0x67, 0x83,
    0x3c, 0x19, 0xe0, 0xcf, 0x06, 0x78, 0x33, 0xa0, 0x30, 0x0b, 0x66, 0xac, 0x35, 0xe0, 0xcf, 0x06,
    0x78, 0x33, 0xc1, 0x9e, 0x0c, 0xf0, 0x67, 0x83, 0x3c, 0x19, 0xe0, 0xcf, 0x06, 0x78, 0x33, 0xc1,
    0x9e, 0x0c, 0xf0, 0x67, 0x83, 0x3c, 0x19, 0xe0, 0xcf, 0x06, 0x78, 0x33, 0xc1, 0x9e, 0x0c, 0xf0,
    0x67, 0x83, 0x3c, 0x19, 0xe0, 0xcf, 0x06, 0x78, 0x33, 0xc1, 0x9e, 0x0c, 0xf0, 0x67, 0x83, 0x3c,
    0x19, 0xe0, 0xcf, 0x06, 0x78, 0x33, 0xc1, 0x9e, 0x0c, 0xf0, 0x67, 0x83, 0x3c, 0x19, 0xe0, 0xcf,
    0x06, 0x78, 0x33, 0xc1, 0x9e, 0x0c, 0xf0, 0x67, 0x83, 0x3c, 0x19, 0xe0, 0xcf, 0x06, 0x78, 0x33,
    0xc1, 0x9e, 0x0c, 0xf0, 0x67, 0x83, 0x3c, 0x19, 0xe0, 0xcf, 0x06, 0x78, 0x33, 0xc1, 0x9e, 0x0c,
    0xf0, 0x67, 0x83, 0x3c, 0x19, 0xe0, 0xcf, 0x06, 0x78, 0x33, 0xc1, 0x9e, 0x0c, 0xf0, 0x67, 0x83,
    0x3c, 0x19, 0xe0, 0xcf, 0x06, 0x78, 0x33, 0xc1, 0x9e, 0x0c, 0xf0, 0x67, 0x83, 0x3c, 0x19, 0xe0,
    0xcf, 0x06, 0x78, 0x33, 0xc1, 0x9e, 0x0c, 0xe8, 0x0c, 0x02, 0xd9, 0xab, 0x0d, 0x78, 0x33, 0xc1,
    0x9e, 0x0c, 0xf0, 0x67, 0x83, 0x3c, 0x19, 0xe0, 0xcf, 0x06, 0x78, 0x33, 0xc1, 0x9e, 0x0c, 0xf0,
    0x67, 0x83, 0x3c, 0x19, 0xe0, 0xcf, 0x06, 0x78, 0x33, 0xc1, 0x9e, 0x0c, 0xf0, 0x67, 0x83, 0x3c,
    0x19, 0xe0, 0xcf, 0x06, 0x78, 0x33, 0xc1, 0x9e, 0x0c, 0xf0, 0x67, 0x83, 0x3c, 0x19, 0xe0, 0xcf,
    0x06, 0x78, 0x33, 0xc1, 0x9e, 0x0c, 0xf0, 0x67, 0x83, 0x3c, 0x19, 0xe0, 0xcf, 0x06, 0x78, 0x33,
    0xc1, 0x9e, 0x0c, 0xf0, 0x67, 0x83, 0x3c, 0x19, 0xe0, 0xcf, 0x06, 0x78, 0x33, 0xc1, 0x9e, 0x0c,
    0xf0, 0x67, 0x83, 0x3c, 0x19, 0xe0, 0xcf, 0x06, 0x78, 0x33, 0xc1, 0x9e, 0x0c, 0xf0, 0x67, 0x83,
    0x3c, 0x19, 0xe0, 0xcf, 0x06, 0x78, 0x33, 0xc1, 0x9e, 0x0c, 0xf0, 0x67, 0x83, 0x3c, 0x19, 0xe0,
    0xcf, 0x06, 0x78, 0x33, 0xc1, 0x9e, 0x0c, 0xf0, 0x67, 0x83, 0x3c, 0x19, 0xe0, 0xcf, 0x06, 0x78,
    0x33, 0xc1, 0x9e, 0x0c, 0xf0, 0x67, 0x83, 0x3a, 0x03, 0x00, 0xb6, 0x6a, 0xc3, 0x5e, 0x0c, 0xf0,
    0x67, 0x83, 0x3c, 0x19, 0xe0, 0xcf, 0x06, 0x78, 0x33, 0xc1, 0x9e, 0x0c, 0xf0, 0x67, 0x83, 0x3c,
    0x19, 0xe0, 0xcf, 0x06, 0x78, 0x33, 0xc1, 0x9e, 0x0c, 0xf0, 0x67, 0x83, 0x3c, 0x19, 0xe0, 0xcf,
    0x06, 0x78, 0x33, 0xc1, 0x9e, 0x0c, 0xf0, 0x67, 0x83, 0x3c, 0x19, 0xe0, 0xcf, 0x06, 0x78, 0x33,
    0xc1, 0x9e, 0x0c, 0xf0, 0x67, 0x83, 0x3c, 0x19, 0xe0, 0xcf, 0x06, 0x78, 0x33, 0xc1, 0x9e, 0x0c,
    0xf0, 0x67, 0x83, 0x3c, 0x19, 0xe0, 0xcf, 0x06, 0x78, 0x33, 0xc1, 0x9e, 0x0c, 0xf0, 0x67, 0x83,
    0x3c, 0x19, 0xe0, 0xcf, 0x06, 0x78, 0x33, 0xc1, 0x9e, 0x0c, 0xf0, 0x67, 0x83, 0x3c, 0x19, 0xe0,
    0xcf, 0x06, 0x78, 0x33, 0xc1, 0x9e, 0x0c, 0xf0, 0x67, 0x83, 0x3c, 0x19, 0xe0, 0xcf, 0x06, 0x78,
    0x33, 0xc1, 0x9e, 0x0c, 0xf0, 0x67, 0x83, 0x3c, 0x19, 0xe0, 0xcf, 0x06, 0x78, 0x33, 0xc1, 0x9e,
    0x0c, 0xf0, 0x67, 0x83, 0x3c, 0x19, 0xe0, 0xce, 0x80, 0xc0, 0x2d, 0x9a, 0xb0, 0xd7, 0x83, 0x3c,
    0x19, 0xe0, 0xcf, 0x06, 0x78, 0x33, 0xc1, 0x9e, 0x0c, 0xf0, 0x67, 0x83, 0x3c, 0x19, 0xe0, 0xcf,
    0x06, 0x78, 0x33, 0xc1, 0x9e, 0x0c, 0xf0, 0x67, 0x83, 0x3c, 0x19, 0xe0, 0xcf, 0x06, 0x78, 0x33,
    0xc1, 0x9e, 0x0c, 0xf0, 0x67, 0x83, 0x3c, 0x19, 0xe0, 0xcf, 0x06, 0x78, 0x33, 0xc1, 0x9e, 0x0c,
    0xf0, 0x67, 0x83, 0x3c, 0x19, 0xe0, 0xcf, 0x06, 0x78, 0x33, 0xc1, 0x9e, 0x0c, 0xf0, 0x67, 0x83,
    0x3c, 0x19, 0xe0, 0xcf, 0x06, 0x78, 0x33, 0xc1, 0x9e, 0x0c, 0xf0, 0x67, 0x83, 0x3c, 0x19, 0xe0,
    0xcf, 0x06, 0x78, 0x33, 0xc1, 0x9e, 0x0c, 0xf0, 0x67, 0x83, 0x3c, 0x19, 0xe0, 0xcf, 0x06, 0x78,
    0x33, 0xc1, 0x9e, 0x0c, 0xf0, 0x67, 0x83, 0x3c, 0x19, 0xe0, 0xcf, 0x06, 0x78, 0x33, 0xc1, 0x9e,
    0x0c, 0xf0, 0x67, 0x83, 0x3c, 0x19, 0xe0, 0xcf, 0x06, 0x78, 0x33, 0xc1, 0x9e, 0x0c, 0xf0, 0x67,
    0x83, 0x3c, 0x19, 0xe0, 0xcf, 0x06, 0x78, 0x33, 0xc1, 0x9e, 0x0c, 0xf0, 0x67, 0x83, 0x3c, 0x19,
    0xe0, 0xcf, 0x06, 0x78, 0x33, 0xc1, 0x9e, 0x0c, 0xf0, 0x67, 0x83, 0x3c, 0x19, 0xe0, 0xcf, 0x06,
    0x78, 0x33, 0xc1, 0x9e, 0x0c, 0xf0, 0x67, 0x83, 0x3c, 0x19, 0xe0, 0xcf, 0x06, 0x78, 0x33, 0xc1,
    0x9e, 0x0c, 0xf0, 0x67, 0x83, 0x3c, 0x19, 0xe0, 0xcf, 0x06, 0x78, 0x33, 0xc1, 0x9e, 0x0c, 0xf0,
    0x67, 0x83, 0x3c, 0x19, 0xe0, 0xcf, 0x06, 0x78, 0x33, 0xc1, 0x9e, 0x0c, 0xf0, 0x67, 0x83, 0x3c,
    0x19, 0xe0, 0xcf, 0x06, 0x78, 0x33, 0xc1, 0x9e, 0x0c, 0xf0, 0x67, 0x83, 0x3c, 0x19, 0xe0, 0xcf,
    0x06, 0x78, 0x33, 0xc1, 0x9e, 0x0c, 0xf0, 0x67, 0x83, 0x3c, 0x19, 0xe0, 0xcf, 0x06, 0x78, 0x33,
    0xc1, 0x9e, 0x0c, 0xf0, 0x67, 0x83, 0x3c, 0x19, 0xe0, 0xcf, 0x06, 0x78, 0x33, 0xc1, 0x9e, 0x0c,
    0xf0, 0x67, 0x83, 0x3c, 0x19, 0xe0, 0xcf, 0x06, 0x78, 0x33, 0xc1, 0x9e, 0x0c, 0xf0, 0x67, 0x83,
    0x3c, 0x19, 0xe0, 0xcf, 0x80, 0x40, 0x60, 0x16, 0xcd, 0x58, 0x6b, 0xc1, 0x9e, 0x0c, 0xf0, 0x67,
    0x83, 0x3c, 0x19, 0xe0, 0xcf, 0x06, 0x78, 0x33, 0xc1, 0x9e, 0x0c, 0xf0, 0x67, 0x83, 0x3c, 0x19,
    0xe0, 0xcf, 0x06, 0x78, 0x33, 0xc1, 0x9e, 0x0c, 0xf0, 0x67, 0x83, 0x3c, 0x19, 0xe0, 0xcf, 0x06,
    0x78, 0x33, 0xc1, 0x9e, 0x0c, 0xf0, 0x67, 0x83, 0x3c, 0x19, 0xe0, 0xcf, 0x06, 0x78, 0x33, 0xc1,
    0x9e, 0x0c, 0xf0, 0x67, 0x83, 0x3c, 0x19, 0xe0, 0xcf, 0x06, 0x78, 0x33, 0xc1, 0x9e, 0x0c, 0xf0,
    0x67, 0x83, 0x3c, 0x19, 0xe0, 0xcf, 0x06, 0x78, 0x33, 0xc1, 0x9e, 0x0c, 0xf0, 0x67, 0x83, 0x3c,
    0x19, 0xe0, 0xcf, 0x06, 0x78, 0x33, 0xc1, 0x9e, 0x0c, 0xf0, 0x67, 0x83, 0x3c, 0x19, 0xe0, 0xcf,
    0x06, 0x78, 0x33, 0xc1, 0x9e, 0x0c, 0xf0, 0x67, 0x83, 0x3c, 0x19, 0xe0, 0xcf, 0x06, 0x78, 0x33,
    0xc1, 0x9e, 0x0c, 0xf0, 0x67, 0x83, 0x3c, 0x19, 0xe0, 0xcf, 0x06, 0x78, 0x33, 0xc1, 0x9e, 0x0c,
    0xf0, 0x67, 0x83, 0x3c, 0x19, 0xd0, 0x18, 0x05, 0xb3, 0x56, 0x1a, 0xf0, 0x67, 0x83, 0x3c, 0x19,
    0xe0, 0xcf, 0x06, 0x78, 0x33, 0xc1, 0x9e, 0x0c, 0xf0, 0x67, 0x83, 0x3c, 0x19, 0xe0, 0xcf, 0x06,
    0x78, 0x33, 0xc1, 0x9e, 0x0c, 0xf0, 0x67, 0x83, 0x3c, 0x19, 0xe0, 0xcf, 0x06, 0x78, 0x33, 0xc1,
    0x9e, 0x0c, 0xf0, 0x67, 0x83, 0x3c, 0x19, 0xe0, 0xcf, 0x06, 0x78, 0x33, 0xc1, 0x9e, 0x0c, 0xf0,
    0x67, 0x83, 0x3c, 0x19, 0xe0, 0xcf, 0x06, 0x78, 0x33, 0xc1, 0x9e, 0x0c, 0xf0, 0x67, 0x83, 0x3c,
    0x19, 0xe0, 0xcf, 0x06, 0x78, 0x33, 0xc1, 0x9e, 0x0c, 0xf0, 0x67, 0x83, 0x3c, 0x19, 0xe0, 0xcf,
    0x06, 0x78, 0x33, 0xc1, 0x9e, 0x0c, 0xf0, 0x67, 0x83, 0x3c, 0x19, 0xe0, 0xcf, 0x06, 0x78, 0x33,
    0xc1, 0x9e, 0x0c, 0xf0, 0x67, 0x83, 0x3c, 0x19, 0xe0, 0xcf, 0x06, 0x78, 0x33, 0xc1, 0x9e, 0x0c,
    0xf0, 0x67, 0x83, 0x3c, 0x19, 0xe0, 0xcf, 0x06, 0x78, 0x33, 0xc1, 0x9e, 0x0c, 0xf0, 0x67, 0x83,
    0x3c, 0x19, 0xe0, 0xcf, 0x06, 0x74, 0x06, 0x01, 0x6c, 0xd5, 0x86, 0xbc, 0x19, 0xe0, 0xcf, 0x06,
    0x78, 0x33, 0xc1, 0x9e, 0x0c, 0xf0, 0x67, 0x83, 0x3c, 0x19, 0xe0, 0xcf, 0x06, 0x78, 0x33, 0xc1,
    0x9e, 0x0c, 0xf0, 0x67, 0x83, 0x3c, 0x19, 0xe0, 0xcf, 0x06, 0x78, 0x33, 0xc1, 0x9e, 0x0c, 0xf0,
    0x67, 0x83, 0x3c, 0x19, 0xe0, 0xcf, 0x06, 0x78, 0x33, 0xc1, 0x9e, 0x0c, 0xf0, 0x67, 0x83, 0x3c,
    0x19, 0xe0, 0xcf, 0x06, 0x78, 0x33, 0xc1, 0x9e, 0x0c, 0xf0, 0x67, 0x83, 0x3c, 0x19, 0xe0, 0xcf,
    0x06, 0x78, 0x33, 0xc1, 0x9e, 0x0c, 0xf0, 0x67, 0x83, 0x3c, 0x19, 0xe0, 0xcf, 0x06, 0x78, 0x33,
    0xc1, 0x9e, 0x0c, 0xf0, 0x67, 0x83, 0x3c, 0x19, 0xe0, 0xcf, 0x06, 0x78, 0x33, 0xc1, 0x9e, 0x0c,
    0xf0, 0x67, 0x83, 0x3c, 0x19, 0xe0, 0xcf, 0x06, 0x78, 0x33, 0xc1, 0x9e, 0x0c, 0xf0, 0x67, 0x83,
    0x3c, 0x19, 0xe0, 0xcf, 0x06, 0x78, 0x33, 0xc1, 0x9e, 0x0c, 0xf0, 0x67, 0x83, 0x3c, 0x19, 0xe0,
    0xcf, 0x06, 0x78, 0x33, 0xc1, 0x9d, 0x01, 0x80, 0x5b, 0x35, 0x61, 0xaf, 0x06, 0x78, 0x33, 0xc1,
    0x9e, 0x0c, 0xf0, 0x67, 0x83, 0x3c, 0x19, 0xe0, 0xcf, 0x06, 0x78, 0x33, 0xc1, 0x9e, 0x0c, 0xf0,
    0x67, 0x83, 0x3c, 0x19, 0xe0, 0xcf, 0x06, 0x78, 0x33, 0xc1, 0x9e, 0x0c, 0xf0, 0x67, 0x83, 0x3c,
    0x19, 0xe0, 0xcf, 0x06, 0x78, 0x33, 0xc1, 0x9e, 0x0c, 0xf0, 0x67, 0x83, 0x3c, 0x19, 0xe0, 0xcf,
    0x06, 0x78, 0x33, 0xc1, 0x9e, 0x0c, 0xf0, 0x67, 0x83, 0x3c, 0x19, 0xe0, 0xcf, 0x06, 0x78, 0x33,
    0xc1, 0x9e, 0x0c, 0xf0, 0x67, 0x83, 0x3c, 0x19, 0xe0, 0xcf, 0x06, 0x78, 0x33, 0xc1, 0x9e, 0x0c,
    0xf0, 0x67, 0x83, 0x3c, 0x19, 0xe0, 0xcf, 0x06, 0x78, 0x33, 0xc1, 0x9e, 0x0c, 0xf0, 0x67, 0x83,
    0x3c, 0x19, 0xe0, 0xcf, 0x06, 0x78, 0x33, 0xc1, 0x9e, 0x0c, 0xf0, 0x67, 0x83, 0x3c, 0x19, 0xe0,
    0xcf, 0x06, 0x78, 0x33, 0xc1, 0x9e, 0x0c, 0xf0, 0x67, 0x83, 0x3c, 0x19, 0xe0, 0xcf, 0x06, 0x78,
    0x33, 0xc1, 0x9e, 0x0c, 0xf0, 0x67, 0x40, 0x60, 0x16, 0xcd, 0x58, 0x6b, 0xc1, 0x9e, 0x0c, 0xf0,
    0x67, 0x83, 0x3c, 0x19, 0xe0, 0xcf, 0x06, 0x78, 0x33, 0xc1, 0x9e, 0x0c, 0xf0, 0x67, 0x83, 0x3c,
    0x19, 0xe0, 0xcf, 0x06, 0x78, 0x33, 0xc1, 0x9e, 0x0c, 0xf0, 0x67, 0x83, 0x3c, 0x19, 0xe0, 0xcf,
    0x06, 0x78, 0x33, 0xc1, 0x9e, 0x0c, 0xf0, 0x67, 0x83, 0x3c, 0x19, 0xe0, 0xcf, 0x06, 0x78, 0x33,
    0xc1, 0x9e, 0x0c, 0xf0, 0x67, 0x83, 0x3c, 0x19, 0xe0, 0xcf, 0x06, 0x78, 0x33, 0xc1, 0x9e, 0x0c,
    0xf0, 0x67, 0x83, 0x3c, 0x19, 0xe0, 0xcf, 0x06, 0x78, 0x33, 0xc1, 0x9e, 0x0c, 0xf0, 0x67, 0x83,
    0x3c, 0x19, 0xe0, 0xcf, 0x06, 0x78, 0x33, 0xc1, 0x9e, 0x0c, 0xf0, 0x67, 0x83, 0x3c, 0x19, 0xe0,
    0xcf, 0x06, 0x78, 0x33, 0xc1, 0x9e, 0x0c, 0xf0, 0x67, 0x83, 0x3c, 0x19, 0xe0, 0xcf, 0x06, 0x78,
    0x33, 0xc1, 0x9e, 0x0c, 0xf0, 0x67, 0x83, 0x3c, 0x19, 0xe0, 0xcf, 0x06, 0x78, 0x33, 0xc1, 0x9e,
    0x0c, 0xf0, 0x67, 0x83, 0x3c, 0x19, 0xd0, 0x18, 0x05, 0xb3, 0x56, 0x1a, 0xf0, 0x67, 0x83, 0x3c,
    0x19, 0xe0, 0xcf, 0x06, 0x78, 0x33, 0xc1, 0x9e, 0x0c, 0xf0, 0x67, 0x83, 0x3c, 0x19, 0xe0, 0xcf,
    0x06, 0x78, 0x33, 0xc1, 0x9e, 0x0c, 0xf0, 0x67, 0x83, 0x3c, 0x19, 0xe0, 0xcf, 0x06, 0x78, 0x33,
    0xc1, 0x9e, 0x0c, 0xf0, 0x67, 0x83, 0x3c, 0x19, 0xe0, 0xcf, 0x06, 0x78, 0x33, 0xc1, 0x9e, 0x0c,
    0xf0, 0x67, 0x83, 0x3c, 0x19, 0xe0, 0xcf, 0x06, 0x78, 0x33, 0xc1, 0x9e, 0x0c, 0xf0, 0x67, 0x83,
    0x3c, 0x19, 0xe0, 0xcf, 0x06, 0x78, 0x33, 0xc1, 0x9e, 0x0c, 0xf0, 0x67, 0x83, 0x3c, 0x19, 0xe0,
    0xcf, 0x06, 0x78, 0x33, 0xc1, 0x9e, 0x0c, 0xf0, 0x67, 0x83, 0x3c, 0x19, 0xe0, 0xcf, 0x06, 0x78,
    0x33, 0xc1, 0x9e, 0x0c, 0xf0, 0x67, 0x83, 0x3c, 0x19, 0xe0, 0xcf, 0x06, 0x78, 0x33, 0xc1, 0x9e,
    0x0c, 0xf0, 0x67, 0x83, 0x3c, 0x19, 0xe0, 0xcf, 0x06, 0x78, 0x33, 0xc1, 0x9e, 0x0c, 0xf0, 0x67,
    0x83, 0x3c, 0x19, 0xe0, 0xcf, 0x06, 0x74, 0x06, 0x01, 0x6c, 0xd5, 0x86, 0xbc, 0x19, 0xe0, 0xcf,
    0x06, 0x78, 0x33, 0xc1, 0x9e, 0x0c, 0xf0, 0x67, 0x83, 0x3c, 0x19, 0xe0, 0xcf, 0x06, 0x78, 0x33,
    0xc1, 0x9e, 0x0c, 0xf0, 0x67, 0x83, 0x3c, 0x19, 0xe0, 0xcf, 0x06, 0x78, 0x33, 0xc1, 0x9e, 0x0c,
    0xf0, 0x67, 0x83, 0x3c, 0x19, 0xe0, 0xcf, 0x06, 0x78, 0x33, 0xc1, 0x9e, 0x0c, 0xf0, 0x67, 0x83,
    0x3c, 0x19, 0xe0, 0xcf, 0x06, 0x78, 0x33, 0xc1, 0x9e, 0x0c, 0xf0, 0x67, 0x83, 0x3c, 0x19, 0xe0,
    0xcf, 0x06, 0x78, 0x33, 0xc1, 0x9e, 0x0c, 0xf0, 0x67, 0x83, 0x3c, 0x19, 0xe0, 0xcf, 0x06, 0x78,
    0x33, 0xc1, 0x9e, 0x0c, 0xf0, 0x67, 0x83, 0x3c, 0x19, 0xe0, 0xcf, 0x06, 0x78, 0x33, 0xc1, 0x9e,
    0x0c, 0xf0, 0x67, 0x83, 0x3c, 0x19, 0xe0, 0xcf, 0x06, 0x78, 0x33, 0xc1, 0x9e, 0x0c, 0xf0, 0x67,
    0x83, 0x3c, 0x19, 0xe0, 0xcf, 0x06, 0x78, 0x33, 0xc1, 0x9e, 0x0c, 0xf0, 0x67, 0x83, 0x3c, 0x19,
    0xe0, 0xcf, 0x06, 0x78, 0x33, 0xc1, 0x9d, 0x01, 0x80, 0x5b, 0x35, 0x61, 0xaf, 0x06, 0x78, 0x33,
    0xc1, 0x9e, 0x0c, 0xf0, 0x67, 0x83, 0x3c, 0x19, 0xe0, 0xcf, 0x06, 0x78, 0x33, 0xc1, 0x9e, 0x0c,
    0xf0, 0x67, 0x83, 0x3c, 0x19, 0xe0, 0xcf, 0x06, 0x78, 0x33, 0xc1, 0x9e, 0x0c, 0xf0, 0x67, 0x83,
    0x3c, 0x19, 0xe0, 0xcf, 0x06, 0x78, 0x33, 0xc1, 0x9e, 0x0c, 0xf0, 0x67, 0x83, 0x3c, 0x19, 0xe0,
    0xcf, 0x06, 0x78, 0x33, 0xc1, 0x9e, 0x0c, 0xf0, 0x67, 0x83, 0x3c, 0x19, 0xe0, 0xcf, 0x06, 0x78,
    0x33, 0xc1, 0x9e, 0x0c, 0xf0, 0x67, 0x83, 0x3c, 0x19, 0xe0, 0xcf, 0x06, 0x78, 0x33, 0xc1, 0x9e,
    0x0c, 0xf0, 0x67, 0x83, 0x3c, 0x19, 0xe0, 0xcf, 0x06, 0x78, 0x33, 0xc1, 0x9e, 0x0c, 0xf0, 0x67,
    0x83, 0x3c, 0x19, 0xe0, 0xcf, 0x06, 0x78, 0x33, 0xc1, 0x9e, 0x0c, 0xf0, 0x67, 0x83, 0x3c, 0x19,
    0xe0, 0xcf, 0x06, 0x78, 0x33, 0xc1, 0x9e, 0x0c, 0xf0, 0x67, 0x83, 0x3c, 0x19, 0xe0, 0xcf, 0x06,
    0x78, 0x33, 0xc1, 0x9e, 0x0c, 0xf0, 0x67, 0x83, 0x3c, 0x19, 0xe0, 0xcf, 0x06, 0x78, 0x33, 0xc1,
    0x9e, 0x0c, 0xf0, 0x67, 0x83, 0x3c, 0x19, 0xe0, 0xcf, 0x06, 0x78, 0x33, 0xc1, 0x9e, 0x0c, 0xf0,
    0x67, 0x83, 0x3c, 0x19, 0xe0, 0xcf, 0x06, 0x78, 0x33, 0xc1, 0x89, 0x02, 0xa8, 0x03, 0x62, 0x89,
    0x2f, 0x06, 0xf8, 0x37, 0xc1, 0xbe, 0x0d, 0xf0, 0x6f, 0x83, 0x7c, 0x1b, 0xe0, 0xde, 0x52, 0xf8,
    0x33, 0xc1, 0x9e, 0x0c, 0xf0, 0x67, 0x83, 0x3c, 0x19, 0xe0, 0xcf, 0x06, 0x78, 0x33, 0xc1, 0x9e,
    0x0c, 0xf0, 0x67, 0x83, 0x3c, 0x19, 0xe0, 0xcf, 0x06, 0x78, 0x33, 0xc1, 0x9e, 0x0c, 0xf0, 0x67,
    0x83, 0x3c, 0x19, 0xe0, 0xcf, 0x06, 0x78, 0x33, 0xc1, 0x9e, 0x0c, 0xf0, 0x67, 0x83, 0x3c, 0x19,
    0xb0, 0x2a, 0x80, 0x36, 0x28, 0x92, 0xf0, 0x6f, 0x83, 0x7c, 0x1b, 0x45, 0x1f, 0x06, 0x78, 0x33,
    0xc1, 0x9e, 0x0c, 0xf0, 0x67, 0x83, 0x3c, 0x19, 0xe0, 0xcf, 0x06, 0x78, 0x33, 0xc1, 0x9e, 0x0c,
    0xf0, 0x67, 0x83, 0x3c, 0x19, 0xe0, 0xcf, 0x06, 0x78, 0x33, 0xc1, 0x9e, 0x0c, 0xf0, 0x67, 0x80,
    0x1e, 0x03, 0x00, 0xb6, 0x6a, 0xc3, 0x5e, 0x0c, 0xf0, 0x67, 0x83, 0x3c, 0x19, 0xe0, 0xcf, 0x06,
    0x78, 0x33, 0xc1, 0x9e, 0x0c, 0xf0, 0x67, 0x83, 0x3c, 0x19, 0xe0, 0xcf, 0x06, 0x78, 0x33, 0xc1,
    0x9e, 0x0c, 0xf0, 0x67, 0x83, 0x22, 0x05, 0x50, 0x06, 0xc5, 0x12, 0x5e, 0x0d, 0xe1, 0xaf, 0x83,
    0x3c, 0x19, 0xe0, 0xcf, 0x06, 0x78, 0x33, 0xc1, 0x9e, 0x0c, 0xf0, 0x67, 0x83, 0x3c, 0x19, 0xe0,
    0xcf, 0x06, 0x78, 0x33, 0xc1, 0x9e, 0x0c, 0xf0, 0x67, 0x83, 0x3c, 0x19, 0xe0, 0xcf, 0x06, 0x78,
    0x33, 0xc1, 0x9e, 0x0c, 0xf0, 0x67, 0x83, 0x3c, 0x19, 0xe0, 0xcf, 0x06, 0x78, 0x33, 0xc1, 0x9e,
    0x0c, 0xf0, 0x67, 0x83, 0x3c, 0x19, 0xe0, 0xcf, 0x06, 0x78, 0x33, 0xc1, 0x9e, 0x0c, 0xf0, 0x64,
    0xc0, 0xaa, 0x00, 0xd8, 0xa2, 0x4b, 0xc4, 0xfe, 0x0c, 0xf0, 0x67, 0x83, 0x3c, 0x19, 0xe0, 0xcf,
    0x06, 0x78, 0x33, 0xc1, 0x9e, 0x0c, 0xf0, 0x67, 0x83, 0x3c, 0x19, 0xe0, 0xcf, 0x06, 0x78, 0x33,
    0xc1, 0x9e, 0x0c, 0xf0, 0x67, 0x83, 0x3c, 0x19, 0xe0, 0xcf, 0x06, 0x78, 0x01, 0x60, 0x30, 0x0b,
    0x66, 0xac, 0x35, 0xe0, 0xcf, 0x06, 0x78, 0x33, 0xc1, 0x9e, 0x0c, 0xf0, 0x67, 0x83, 0x3c, 0x19,
    0xe0, 0xcf, 0x06, 0x78, 0x33, 0xc1, 0x9e, 0x0c, 0xf0, 0x67, 0x83, 0x3c, 0x19, 0xe0, 0xcf, 0x06,
    0x78, 0x33, 0xc1, 0x9e, 0x0c, 0xf0, 0x67, 0x83, 0x3c, 0x19, 0xe0, 0xcf, 0x06, 0x78, 0x33, 0xc1,
    0x9e, 0x0c, 0xf0, 0x67, 0x83, 0x3c, 0x19, 0xe0, 0xcf, 0x06, 0x78, 0x33, 0xc1, 0x93, 0x02, 0xb8,
    0x03, 0x63, 0x8d, 0x84, 0x13, 0xf8, 0x33, 0xc1, 0x9e, 0x0c, 0xf0, 0x67, 0x83, 0x3c, 0x19, 0xe0,
    0xcf, 0x06, 0x78, 0x33, 0xc1, 0x9e, 0x0c, 0xf0, 0x67, 0x83, 0x3c, 0x19, 0xe0, 0xcf, 0x06, 0x78,
    0x33, 0xc1, 0x9e, 0x0c, 0xf0, 0x67, 0x83, 0x3c, 0x19, 0xe0, 0xcf, 0x06, 0x78, 0x33, 0xc1, 0x9e,
    0x0c, 0xf0, 0x67, 0x83, 0x3c, 0x19, 0xe0, 0xcf, 0x06, 0x78, 0x33, 0xc1, 0x9e, 0x0c, 0xf0, 0x67,
    0x83, 0x3c, 0x19, 0xe0, 0xcf, 0x06, 0x78, 0x33, 0xc1, 0x9e, 0x0c, 0xf0, 0x67, 0x83, 0x3c, 0x19,
    0xe0, 0xcf, 0x05, 0xc4, 0x06, 0x01, 0x6c, 0xd5, 0x86, 0xbc, 0x19, 0xe0, 0xcf, 0x06, 0x78, 0x33,
    0xc1, 0x9e, 0x0c, 0xf0, 0x67, 0x83, 0x3c, 0x19, 0xe0, 0xc9, 0x81, 0x5c, 0x01, 0xb1, 0xc6, 0xc2,
    0x09, 0xfc, 0x19, 0xe0, 0xcf, 0x06, 0x78, 0x33, 0xc1, 0x9e, 0x0c, 0xf0, 0x67, 0x83, 0x3d, 0x39,
    0xe2, 0x7f, 0x06, 0x78, 0x33, 0xc1, 0x9e, 0x0c, 0xf0, 0x67, 0x83, 0x3c, 0x19, 0xe0, 0xcf, 0x06,
    0x78, 0x33, 0xc1, 0x9e, 0x0c, 0xf0, 0x67, 0x83, 0x3c, 0x19, 0xe0, 0xcf, 0x06, 0x78, 0x33, 0xc1,
    0x9e, 0x0c, 0x28, 0x15, 0xc0, 0x1b, 0x1c, 0x6c, 0x20, 0x6b, 0xc3, 0x5e, 0x42, 0xf0, 0x67, 0x83,
    0x3c, 0x19, 0xe0, 0xcf, 0x06, 0x78, 0x33, 0xc1, 0x9e, 0x0c, 0xf0, 0x67, 0x83, 0x3c, 0x19, 0xe0,
    0xcf, 0x06, 0x78, 0x33, 0xc1, 0x9e, 0x0c, 0xf0, 0x67, 0x83, 0x3c, 0x19, 0xe0, 0xcf, 0x06, 0x78,
    0x33, 0xc1, 0x9e, 0x0c, 0xf0, 0x67, 0x83, 0x3c, 0x19, 0xe0, 0xcf, 0x06, 0x78, 0x33, 0xc1, 0x9e,
    0x0c, 0xf0, 0x67, 0x83, 0x3c, 0x19, 0xe0, 0xcf, 0x06, 0x78, 0x33, 0xc1, 0x9e, 0x0c, 0xf0, 0x65,
    0xc0, 0x60, 0x16, 0xcd, 0x58, 0x6b, 0xc1, 0x9e, 0x0c, 0xf0, 0x67, 0x83, 0x3c, 0x19, 0xe0, 0xcf,
    0x06, 0x78, 0x33, 0xc1, 0x9e, 0x0c, 0xf0, 0x67, 0x83, 0x3c, 0x19, 0xe0, 0xcf, 0x06, 0x78, 0x33,
    0xc1, 0x9e, 0x0c, 0xf0, 0x67, 0x83, 0x3c, 0x19, 0xe0, 0xcf, 0x06, 0x78, 0x33, 0xc1, 0x9e, 0x0c,
    0xf0, 0x67, 0x83, 0x3c, 0x19, 0xe0, 0xcf, 0x06, 0x78, 0x33, 0xc1, 0x9e, 0x0c, 0xf0, 0x67, 0x83,
    0x3c, 0x19, 0xe0, 0xcf, 0x06, 0x78, 0x33, 0xc1, 0x9e, 0x0c, 0xf0, 0x67, 0x83, 0x3c, 0x19, 0xe0,
    0xcf, 0x06, 0x78, 0x33, 0xc1, 0x9e, 0x0c, 0xf0, 0x67, 0x83, 0x3c, 0x19, 0xe0, 0xcf, 0x06, 0x78,
    0x33, 0xc1, 0x9e, 0x0c, 0xf0, 0x67, 0x83, 0x3c, 0x19, 0x90, 0x2a, 0x80, 0x36, 0x28, 0x92, 0xf0,
    0x6f, 0x0d, 0x7c, 0x19, 0xe0, 0xcf, 0x06, 0x78, 0x33, 0xc1, 0x9e, 0x0c, 0xf0, 0x67, 0x83, 0x3c,
    0x19, 0xe0, 0xcf, 0x06, 0x78, 0x33, 0xc1, 0x2d, 0x09, 0x01, 0x95, 0x7b, 0x50, 0x1a, 0xf0, 0xd7,
    0x86, 0xbc, 0x19, 0xe0, 0xcf, 0x06, 0x79, 0x3b, 0xc3, 0x5e, 0x1a, 0xc1, 0x47, 0x94, 0x3c, 0x19,
    0xe0, 0xcf, 0x06, 0x78, 0x33, 0xc1, 0x9e, 0x0c, 0xf0, 0x67, 0x83, 0x3c, 0x19, 0xe0, 0xcf, 0x06,
    0x78, 0x33, 0xc1, 0x9e, 0x0c, 0xf0, 0x67, 0x83, 0x3c, 0x19, 0xe0, 0xcf, 0x06, 0x78, 0x33, 0xc1,
    0x9e, 0x0c, 0xf0, 0x67, 0x83, 0x3c, 0x19, 0xe0, 0xcf, 0x06, 0x78, 0x33, 0xc1, 0x9e, 0x0c, 0xf0,
    0x67, 0x83, 0x3c, 0x19, 0xe0, 0xcf, 0x06, 0x78, 0x33, 0xc1, 0x9e, 0x0c, 0xf0, 0x67, 0x83, 0x3c,
    0x19, 0xe0, 0xcf, 0x06, 0x78, 0x33, 0xc1, 0x9e, 0x0c, 0xf0, 0x67, 0x83, 0x3c, 0x19, 0xe0, 0xcf,
    0x06, 0x78, 0x33, 0xc1, 0x9e, 0x0c, 0xf0, 0x67, 0x83, 0x3c, 0x19, 0xe0, 0xcf, 0x06, 0x78, 0x33,
    0xc1, 0x9e, 0x0c, 0xf0, 0x67, 0x83, 0x3c, 0x19, 0xe0, 0xcf, 0x06, 0x78, 0x33, 0xc1, 0x9e, 0x0c,
    0xf0, 0x67, 0x83, 0x3c, 0x19, 0xe0, 0xcf, 0x06, 0x78, 0x33, 0xc1, 0x9e, 0x0c, 0xf0, 0x67, 0x83,
    0x3c, 0x19, 0xe0, 0xcf, 0x06, 0x78, 0x33, 0xc1, 0x9e, 0x0c, 0xf0, 0x67, 0x83, 0x3c, 0x19, 0xe0,
    0xcf, 0x06, 0x78, 0x33, 0xc1, 0x9e, 0x0c, 0xf0, 0x67, 0x83, 0x3c, 0x19, 0xe0, 0xcf, 0x06, 0x78,
    0x33, 0xc1, 0x9e, 0x0c, 0xf0, 0x67, 0x83, 0x3c, 0x19, 0xe0, 0xcf, 0x06, 0x78, 0x33, 0xc1, 0x9e,
    0x0c, 0xf0, 0x67, 0x83, 0x3c, 0x19, 0xe0, 0xcf, 0x06, 0x78, 0x33, 0xc1, 0x9e, 0x0c, 0xf0, 0x67,
    0x83, 0x3c, 0x19, 0xe0, 0xcf, 0x06, 0x78, 0x33, 0xc1, 0x9e, 0x0c, 0xf0, 0x67, 0x83, 0x3c, 0x19,
    0xe0, 0xcf, 0x06, 0x78, 0x33, 0xc1, 0x9e, 0x0c, 0xf0, 0x67, 0x83, 0x3c, 0x19, 0xe0, 0xcf, 0x06,
    0x78, 0x33, 0xc1, 0x9e, 0x0c, 0xf0, 0x67, 0x83, 0x3c, 0x19, 0xe0, 0xcf, 0x06, 0x78, 0x33, 0xc1,
    0x9e, 0x0c, 0xf0, 0x67, 0x83, 0x3c, 0x19, 0xe0, 0xcf, 0x06, 0x78, 0x33, 0xc1, 0x9e, 0x0c, 0xf0,
    0x67, 0x83, 0x3c, 0x19, 0xe0, 0xcf, 0x06, 0x78, 0x33, 0xc1, 0x9e, 0x0c, 0xf0, 0x67, 0x83, 0x3c,
    0x19, 0xe0, 0xcf, 0x06, 0x78, 0x33, 0xc1, 0x8b, 0x90, 0xa0, 0xce, 0x32, 0x14, 0x08, 0x94, 0x22,
    0x05, 0x41, 0x80, 0x52, 0x24, 0x10, 0x98, 0x24, 0x06, 0x21, 0x4c, 0x91, 0x42, 0x70, 0x1e, 0x5a,
    0x48, 0x5c, 0x60, 0x9c, 0x01, 0x2b, 0xd0, 0xbe, 0x20, 0xd1, 0xa7, 0x4a, 0x61, 0x3c, 0x4b, 0x0c,
    0xe3, 0x19, 0x27, 0x88, 0xe1, 0x3c, 0x53, 0x0c, 0xe5, 0x1a, 0x25, 0x88, 0xa1, 0x54, 0x61, 0x13,
    0x0d, 0x78, 0x58, 0x60, 0xb4, 0x01, 0x23, 0xc4, 0xbd, 0xe0, 0xd1, 0xcc, 0x51, 0x40, 0x43, 0x44,
    0x89, 0xc2, 0x30, 0x56, 0x12, 0x21, 0xe1, 0x28, 0x32, 0x0c, 0x04, 0x92, 0x21, 0x00, 0x87, 0xf2,
    0xcd, 0xfd, 0x84, 0x92, 0xc4, 0x30, 0x9a, 0x28, 0x86, 0x52, 0x84, 0x43, 0x4a, 0x54, 0x4f, 0x11,
    0xc2, 0xb8, 0xc6, 0x24, 0xd2, 0x51, 0x1f, 0x1e, 0xf4, 0x1b, 0xac, 0x9f, 0x06, 0x78, 0x33, 0xc1,
    0x9e, 0x0c, 0xf0, 0x67, 0x83, 0x3c, 0x19, 0xe0, 0xcf, 0x06, 0x78, 0x33, 0xc1, 0x9e, 0x0c, 0xf0,
    0x67, 0x83, 0x3c, 0x18, 0xd8, 0x49, 0x2c, 0x43, 0x09, 0xa2, 0x88, 0x65, 0x28, 0x51, 0x2c, 0x45,
    0x0a, 0xa3, 0x08, 0xa5, 0x44, 0xf1, 0x1c, 0x2b, 0x8c, 0x62, 0x4d, 0x25, 0x11, 0xf6, 0x62, 0x89,
    0x13, 0x84, 0x60, 0xac, 0x31, 0x0a, 0x64, 0x8a, 0x13, 0x84, 0xa0, 0xcc, 0x31, 0x12, 0x48, 0x84,
    0x13, 0x05, 0x00, 0xf0, 0x7f, 0x84, 0x7d, 0x4e, 0x91, 0xc2, 0x78, 0x96, 0x19, 0xc6, 0x32, 0x4f,
    0x11, 0xc2, 0x78, 0xa6, 0x19, 0xca, 0x31, 0x35, 0x37, 0x12, 0x71, 0x1f, 0x64, 0x28, 0x11, 0x28,
    0x44, 0x0a, 0x83, 0x00, 0xa4, 0x48, 0x21, 0x30, 0x48, 0x0c, 0x83, 0x00, 0x4d, 0x4f, 0x84, 0x53,
    0xfe, 0x00, 0xbe, 0x16, 0x00, 0x5a, 0xb8, 0x8c, 0x45, 0x78, 0x0a, 0x41, 0x13
};

// BITSTREAM8: 10781 bytes compressed, 98762 bytes original from /tmp/bs8.hs

const struct bitstream_info bitstreams[] = {
    {"BITSTREAM1", bitstream1_data, 10781, 98762},
    {"BITSTREAM2", bitstream2_data, 10781, 98762},
    {"BITSTREAM3", bitstream3_data, 10781, 98763},
    {"BITSTREAM4", bitstream4_data, 10781, 98762},
    {"BITSTREAM5", bitstream5_data, 10781, 98763},
    {"BITSTREAM6", bitstream6_data, 10781, 98763},
    {"BITSTREAM7", bitstream7_data, 10783, 98764},
    {"BITSTREAM8", bitstream8_data, 10781, 98762},
};

const int bitstream_count = sizeof(bitstreams) / sizeof(bitstreams[0]);

_Static_assert(98764 <= 128 * 1024,
    "largest bitstream (98764 bytes) exceeds decompression buffer (128KB)");
